item_name,hour,day_of_week,is_weekend,is_holiday,freshness,inventory,price,temperature,is_rainy,sales_last_1h,sales_yesterday_same_hour,sales_last_week_same_hour,sales_next_hour
土豆,0,6,1,0,0.983,0.0,5.2,10.0,0,0.0,0.0,0.0,0.0
芒果,0,6,1,0,0.618,224.64,19.5,12.7,0,0.0,0.0,0.0,0.0
苹果,0,6,1,0,0.92,170.9,12.0,8.9,0,0.0,0.0,0.0,0.0
草莓,0,6,1,0,0.465,274.43,24.0,7.4,0,0.0,0.0,0.0,0.0
葡萄,0,6,1,0,0.661,248.89,17.0,11.0,0,0.0,0.01,0.0,0.0
西瓜,0,6,1,0,0.915,33.07,6.9,11.8,1,0.0,0.0,0.0,0.0
西红柿,0,6,1,0,0.847,102.54,10.35,8.7,1,0.16,0.0,0.0,0.0
香蕉,0,6,1,0,0.765,174.22,5.6,9.7,0,0.0,0.0,0.0,0.0
黄瓜,0,6,1,0,0.875,56.61,9.1,9.2,1,0.26,0.0,0.0,0.0
土豆,1,6,1,0,0.983,0.0,4.6,9.3,0,0.0,0.0,0.0,0.0
芒果,1,6,1,0,0.613,224.64,19.5,9.2,1,0.0,0.0,0.0,0.0
苹果,1,6,1,0,0.919,170.9,12.0,8.3,0,0.0,0.0,0.0,0.0
草莓,1,6,1,0,0.459,274.43,24.0,9.3,1,0.0,0.0,0.0,0.0
葡萄,1,6,1,0,0.657,248.89,14.0,10.4,0,0.03,0.14,0.05,0.0
西瓜,1,6,1,0,0.914,33.07,4.2,7.5,0,0.0,0.0,0.0,0.0
西红柿,1,6,1,0,0.845,102.54,7.65,9.1,1,0.0,0.0,0.0,0.0
香蕉,1,6,1,0,0.762,174.22,8.0,8.1,0,0.2,0.0,0.0,0.07
黄瓜,1,6,1,0,0.872,56.61,5.95,9.6,0,0.0,0.33,0.09,0.0
土豆,2,6,1,0,0.982,0.0,4.0,8.9,0,0.0,0.0,0.0,0.0
芒果,2,6,1,0,0.608,224.64,15.0,9.0,0,0.0,0.0,0.0,0.0
苹果,2,6,1,0,0.917,170.9,12.0,8.1,0,0.0,0.0,0.0,0.0
草莓,2,6,1,0,0.453,274.43,24.0,9.5,0,0.0,0.0,0.0,0.0
葡萄,2,6,1,0,0.653,248.89,17.0,6.7,0,0.0,0.0,0.0,0.0
西瓜,2,6,1,0,0.913,33.07,7.8,8.0,0,0.0,0.0,0.0,0.0
西红柿,2,6,1,0,0.843,102.54,10.35,9.1,0,0.0,0.07,0.0,0.0
香蕉,2,6,1,0,0.759,174.15,8.0,6.8,0,0.0,0.0,0.0,0.0
黄瓜,2,6,1,0,0.87,56.61,9.1,7.0,0,0.0,0.0,0.0,0.0
土豆,3,6,1,0,0.982,0.0,4.0,6.9,0,0.0,0.0,0.0,0.0
芒果,3,6,1,0,0.603,224.64,15.0,11.9,0,0.0,0.0,0.0,0.0
苹果,3,6,1,0,0.916,170.9,12.0,5.7,0,0.0,0.0,0.0,0.0
草莓,3,6,1,0,0.447,274.43,24.0,9.5,0,0.0,0.0,0.0,0.0
葡萄,3,6,1,0,0.649,248.89,23.0,7.8,0,0.0,0.0,0.0,0.0
西瓜,3,6,1,0,0.912,33.07,6.0,6.9,0,0.0,0.0,0.0,0.0
西红柿,3,6,1,0,0.84,102.54,10.35,10.0,0,0.0,0.0,0.26,0.0
香蕉,3,6,1,0,0.756,174.15,8.0,6.0,0,0.07,0.0,0.13,0.0
黄瓜,3,6,1,0,0.867,56.61,7.0,11.1,0,0.0,0.0,0.0,0.0
土豆,4,6,1,0,0.981,0.0,2.8,10.4,0,0.0,0.0,0.04,0.0
芒果,4,6,1,0,0.598,224.64,9.0,8.4,0,0.0,0.0,0.11,0.0
苹果,4,6,1,0,0.915,170.9,8.4,8.5,0,0.0,0.0,0.0,0.0
草莓,4,6,1,0,0.441,274.43,24.0,5.0,0,0.0,0.0,0.0,0.0
葡萄,4,6,1,0,0.645,248.89,17.0,7.0,0,0.0,0.0,0.0,0.0
西瓜,4,6,1,0,0.91,33.07,7.8,9.8,0,0.0,0.0,0.0,0.0
西红柿,4,6,1,0,0.838,102.54,6.3,8.5,0,0.0,0.0,0.0,0.0
香蕉,4,6,1,0,0.753,174.15,5.6,11.8,0,0.0,0.0,0.0,0.0
黄瓜,4,6,1,0,0.865,56.61,5.95,8.4,0,0.0,0.0,0.0,0.0
土豆,5,6,1,0,0.981,0.0,4.6,12.4,1,0.0,0.0,0.0,7.16
芒果,5,6,1,0,0.593,224.64,9.0,11.1,0,0.0,0.0,0.0,1.4
苹果,5,6,1,0,0.912,170.9,12.0,12.4,1,0.0,0.0,0.0,5.96
草莓,5,6,1,0,0.435,274.43,24.0,11.3,1,0.0,0.0,0.0,1.56
葡萄,5,6,1,0,0.641,248.89,23.0,9.5,0,0.0,0.0,0.0,1.45
西瓜,5,6,1,0,0.908,33.07,5.1,13.7,0,0.0,0.06,0.0,2.05
西红柿,5,6,1,0,0.835,102.54,9.0,11.6,0,0.0,0.0,0.0,1.16
香蕉,5,6,1,0,0.75,174.15,9.2,8.2,0,0.0,0.0,0.0,1.84
黄瓜,5,6,1,0,0.861,56.61,7.0,13.0,0,0.0,0.0,0.0,5.65
土豆,6,6,1,0,1.0,292.84,4.0,15.7,1,0.0,6.22,8.22,28.76
芒果,6,6,1,0,1.0,298.6,19.5,14.0,0,0.0,3.16,2.99,0.74
苹果,6,6,1,0,1.0,294.04,10.2,11.9,0,0.0,4.12,4.42,9.37
草莓,6,6,1,0,1.0,298.44,34.0,7.0,0,0.0,1.46,1.55,2.23
葡萄,6,6,1,0,1.0,298.55,20.0,12.5,0,0.0,0.79,1.38,1.41
西瓜,6,6,1,0,1.0,297.95,6.0,12.1,0,0.0,2.58,1.8,3.87
西红柿,6,6,1,0,1.0,298.84,11.7,13.6,1,0.0,4.98,5.64,24.9
香蕉,6,6,1,0,1.0,298.16,10.4,10.0,0,0.0,4.64,4.91,28.52
黄瓜,6,6,1,0,1.0,294.35,8.05,10.9,0,0.0,3.02,8.73,19.08
土豆,7,6,1,0,0.999,264.08,4.0,13.8,0,7.16,12.38,11.25,31.72
芒果,7,6,1,0,0.995,297.86,19.5,14.5,1,1.4,13.04,1.97,5.9
苹果,7,6,1,0,0.996,284.67,12.0,15.4,0,5.96,12.04,4.87,18.76
草莓,7,6,1,0,0.994,296.21,40.0,13.5,0,1.56,5.09,1.62,2.93
葡萄,7,6,1,0,0.996,297.14,20.0,12.1,1,1.45,5.14,2.13,4.21
西瓜,7,6,1,0,0.997,294.08,6.9,15.0,0,2.05,1.8,4.31,7.57
西红柿,7,6,1,0,0.997,273.94,6.3,10.9,0,1.16,16.58,27.72,9.26
香蕉,7,6,1,0,0.997,269.64,5.6,11.7,0,1.84,10.19,5.33,12.51
黄瓜,7,6,1,0,0.995,275.27,5.95,14.5,0,5.65,29.79,13.17,11.74
土豆,8,6,1,0,0.999,232.36,4.0,11.3,0,28.76,15.29,27.8,25.78
芒果,8,6,1,0,0.975,291.96,15.0,18.7,0,0.74,6.3,6.99,7.68
苹果,8,6,1,0,0.994,265.91,8.4,12.9,0,9.37,1.97,1.0,6.55
草莓,8,6,1,0,0.988,293.28,40.0,12.4,0,2.23,3.68,2.74,0.32
葡萄,8,6,1,0,0.992,292.93,23.0,12.6,0,1.41,6.75,4.9,5.98
西瓜,8,6,1,0,0.993,286.51,4.2,16.3,0,3.87,10.67,10.54,19.53
西红柿,8,6,1,0,0.989,264.68,10.35,16.7,0,24.9,17.68,7.15,9.57
香蕉,8,6,1,0,0.989,257.13,8.0,16.1,0,28.52,14.0,12.59,12.62
黄瓜,8,6,1,0,0.988,263.53,8.05,17.5,0,19.08,16.05,17.95,8.46
土豆,9,6,1,0,0.998,206.58,4.0,21.2,0,31.72,24.93,11.07,9.89
芒果,9,6,1,0,0.962,284.28,12.75,16.7,0,5.9,2.19,7.74,0.54
苹果,9,6,1,0,0.989,259.36,12.0,19.1,0,18.76,12.31,6.89,0.75
草莓,9,6,1,0,0.977,292.96,40.0,16.8,1,2.93,1.71,0.61,1.32
葡萄,9,6,1,0,0.98,286.95,14.0,16.8,0,4.21,1.54,1.65,2.53
西瓜,9,6,1,0,0.988,266.98,6.0,20.2,0,7.57,12.06,4.85,11.8
西红柿,9,6,1,0,0.978,255.11,9.0,22.3,0,9.26,5.58,13.9,3.43
香蕉,9,6,1,0,0.979,244.51,5.6,17.6,0,12.51,8.08,6.11,7.66
黄瓜,9,6,1,0,0.982,255.07,8.05,16.6,0,11.74,11.91,23.56,8.74
土豆,10,6,1,0,0.997,196.69,4.6,22.8,0,25.78,20.74,4.53,20.93
芒果,10,6,1,0,0.932,283.74,17.25,21.5,1,7.68,4.15,0.79,0.6
苹果,10,6,1,0,0.983,258.61,15.6,21.2,1,6.55,3.73,4.21,17.3
草莓,10,6,1,0,0.94,291.64,34.0,21.2,0,0.32,0.47,0.88,1.61
葡萄,10,6,1,0,0.954,284.42,20.0,22.3,0,5.98,1.86,2.83,1.41
西瓜,10,6,1,0,0.984,255.18,6.0,18.9,0,19.53,6.81,9.85,21.47
西红柿,10,6,1,0,0.966,251.68,10.35,21.7,0,9.57,6.79,8.33,4.65
香蕉,10,6,1,0,0.969,236.85,6.8,17.3,0,12.62,6.85,5.36,11.49
黄瓜,10,6,1,0,0.976,246.33,5.95,16.6,0,8.46,7.38,7.75,6.37
土豆,11,6,1,0,0.995,175.76,4.0,21.2,0,9.89,16.59,20.42,38.83
芒果,11,6,1,0,0.9,283.14,19.5,21.9,1,0.54,3.67,5.09,1.25
苹果,11,6,1,0,0.977,241.31,8.4,23.1,0,0.75,2.38,8.69,4.08
草莓,11,6,1,0,0.89,290.03,40.0,23.3,0,1.32,1.38,1.32,1.85
葡萄,11,6,1,0,0.924,283.01,14.0,24.1,1,2.53,3.97,3.71,3.67
西瓜,11,6,1,0,0.977,233.71,6.0,23.7,0,11.8,10.51,23.09,2.36
西红柿,11,6,1,0,0.957,247.03,11.7,18.8,0,3.43,3.97,8.77,5.91
香蕉,11,6,1,0,0.951,225.36,8.0,21.6,0,7.66,5.54,8.74,7.28
黄瓜,11,6,1,0,0.967,239.96,9.1,22.1,0,8.74,9.55,14.13,12.69
土豆,12,6,1,0,0.994,136.93,2.8,23.9,0,20.93,29.25,27.07,17.16
芒果,12,6,1,0,0.861,281.89,15.0,23.6,1,0.6,5.92,4.33,3.71
苹果,12,6,1,0,0.971,237.23,8.4,23.6,1,17.3,12.85,3.08,5.58
草莓,12,6,1,0,0.84,288.18,40.0,23.3,0,1.61,1.75,1.96,0.4
葡萄,12,6,1,0,0.896,279.34,20.0,23.0,0,1.41,1.48,2.86,4.02
西瓜,12,6,1,0,0.97,231.35,7.8,26.0,1,21.47,39.02,17.92,13.74
西红柿,12,6,1,0,0.947,241.12,9.0,20.5,1,4.65,12.83,16.95,18.98
香蕉,12,6,1,0,0.928,218.08,9.2,24.1,0,11.49,11.19,15.02,8.38
黄瓜,12,6,1,0,0.958,227.27,4.9,20.9,0,6.37,5.75,9.33,3.03
土豆,13,6,1,0,0.993,119.77,4.0,25.9,0,38.83,17.26,4.02,5.78
芒果,13,6,1,0,0.83,278.18,15.0,21.5,0,1.25,3.14,3.43,1.51
苹果,13,6,1,0,0.964,231.65,12.0,27.9,0,4.08,2.74,7.72,5.66
草莓,13,6,1,0,0.806,287.78,52.0,20.7,0,1.85,0.84,0.88,0.58
葡萄,13,6,1,0,0.872,275.32,14.0,21.9,0,3.67,0.71,3.91,1.25
西瓜,13,6,1,0,0.963,217.61,6.0,25.8,0,2.36,15.79,24.18,11.94
西红柿,13,6,1,0,0.935,222.14,7.65,22.8,0,5.91,11.11,2.64,7.49
香蕉,13,6,1,0,0.905,209.7,8.0,24.5,0,7.28,3.17,9.2,3.66
黄瓜,13,6,1,0,0.948,224.24,8.05,25.0,1,12.69,10.74,10.38,2.94
土豆,14,6,1,0,0.992,113.99,5.2,28.0,0,17.16,13.3,4.23,7.68
芒果,14,6,1,0,0.794,276.67,17.25,23.1,0,3.71,1.9,3.15,1.31
苹果,14,6,1,0,0.958,225.99,12.0,23.4,0,5.58,4.43,2.07,2.14
草莓,14,6,1,0,0.758,287.2,40.0,23.1,0,0.4,0.65,0.61,0.7
葡萄,14,6,1,0,0.838,274.07,23.0,25.6,0,4.02,0.56,1.09,1.25
西瓜,14,6,1,0,0.958,205.67,6.0,18.7,0,13.74,6.98,4.23,9.98
西红柿,14,6,1,0,0.922,214.65,7.65,23.5,0,18.98,7.62,4.8,7.28
香蕉,14,6,1,0,0.886,206.04,9.2,21.9,0,8.38,1.99,4.27,4.17
黄瓜,14,6,1,0,0.938,221.3,9.1,23.3,0,3.03,4.55,6.29,6.38
土豆,15,6,1,0,0.99,106.31,4.6,24.6,0,5.78,2.65,26.32,36.84
芒果,15,6,1,0,0.749,275.36,17.25,25.2,0,1.51,1.96,0.53,3.71
苹果,15,6,1,0,0.953,223.85,15.6,21.6,0,5.66,0.86,3.91,5.73
草莓,15,6,1,0,0.704,286.5,34.0,23.9,0,0.58,0.32,0.29,1.22
葡萄,15,6,1,0,0.804,272.82,20.0,25.3,0,1.25,3.02,1.34,3.25
西瓜,15,6,1,0,0.952,195.69,6.0,23.7,0,11.94,6.73,9.88,8.88
西红柿,15,6,1,0,0.908,207.37,7.65,25.3,0,7.49,4.97,5.07,31.37
香蕉,15,6,1,0,0.869,201.87,8.0,21.2,0,3.66,2.85,1.5,13.93
黄瓜,15,6,1,0,0.928,214.92,7.0,24.3,0,2.94,4.85,3.33,7.77
土豆,16,6,1,0,0.989,69.47,4.0,22.7,0,7.68,41.03,40.76,63.94
芒果,16,6,1,0,0.709,271.65,15.0,24.1,0,1.31,5.52,4.19,5.93
苹果,16,6,1,0,0.946,218.12,15.6,25.4,0,2.14,11.01,10.06,10.45
草莓,16,6,1,0,0.653,285.28,40.0,23.6,0,0.7,1.56,1.91,0.27
葡萄,16,6,1,0,0.772,269.57,23.0,25.1,0,1.25,2.95,3.68,3.11
西瓜,16,6,1,0,0.945,186.81,6.0,25.5,1,9.98,22.3,5.73,38.02
西红柿,16,6,1,0,0.895,176.0,6.3,24.5,0,7.28,13.25,23.25,8.62
香蕉,16,6,1,0,0.844,187.94,8.0,25.3,0,4.17,3.65,3.16,22.54
黄瓜,16,6,1,0,0.916,207.15,9.1,26.3,0,6.38,13.52,8.92,29.65
土豆,17,6,1,0,0.988,5.53,4.0,22.2,0,36.84,45.65,25.25,5.53
芒果,17,6,1,0,0.67,265.72,15.0,23.8,0,3.71,5.69,2.22,2.73
苹果,17,6,1,0,0.939,207.67,13.8,24.9,0,5.73,6.48,14.19,7.28
草莓,17,6,1,0,0.64,285.01,46.0,17.1,1,1.22,0.84,3.43,0.63
葡萄,17,6,1,0,0.743,266.46,23.0,23.3,0,3.25,4.78,5.0,2.71
西瓜,17,6,1,0,0.94,148.79,6.0,18.7,0,8.88,71.69,30.74,62.78
西红柿,17,6,1,0,0.885,167.38,11.7,20.2,0,31.37,21.27,10.15,20.84
香蕉,17,6,1,0,0.828,165.4,6.8,20.3,0,13.93,15.28,26.15,2.6
黄瓜,17,6,1,0,0.908,177.5,7.0,21.3,0,7.77,22.3,25.59,20.24
土豆,18,6,1,0,0.987,0.0,2.8,23.2,0,63.94,19.94,31.57,0.0
芒果,18,6,1,0,0.65,262.99,19.5,18.7,0,5.93,6.85,0.75,2.03
苹果,18,6,1,0,0.935,200.39,10.2,18.6,1,10.45,21.31,8.87,7.0
草莓,18,6,1,0,0.626,284.38,52.0,17.3,0,0.27,3.02,2.78,1.76
葡萄,18,6,1,0,0.723,263.75,14.0,20.3,1,3.11,4.84,4.71,6.13
西瓜,18,6,1,0,0.936,86.01,5.1,19.4,0,38.02,38.72,5.55,46.22
西红柿,18,6,1,0,0.872,146.54,9.0,22.9,0,8.62,11.46,12.65,16.35
香蕉,18,6,1,0,0.816,162.8,9.2,18.8,1,22.54,14.21,19.09,14.23
黄瓜,18,6,1,0,0.901,157.26,7.0,18.2,0,29.65,39.26,17.84,20.32
土豆,19,6,1,0,0.986,0.0,3.4,20.2,0,5.53,34.77,23.57,0.0
芒果,19,6,1,0,0.64,260.96,19.5,16.0,0,2.73,2.3,0.64,2.3
苹果,19,6,1,0,0.931,193.39,10.2,15.8,1,7.28,4.38,9.65,18.65
草莓,19,6,1,0,0.612,282.62,40.0,17.3,0,0.63,0.48,2.82,2.0
葡萄,19,6,1,0,0.707,257.62,17.0,18.1,0,2.71,3.57,3.61,7.02
西瓜,19,6,1,0,0.931,39.79,5.1,18.4,0,62.78,3.78,13.7,8.68
西红柿,19,6,1,0,0.864,130.19,10.35,18.5,0,20.84,21.64,16.67,12.61
香蕉,19,6,1,0,0.803,148.57,8.0,18.6,0,2.6,4.82,28.0,17.27
黄瓜,19,6,1,0,0.894,136.94,5.95,17.1,1,20.24,21.16,7.48,32.33
土豆,20,6,1,0,0.985,0.0,2.4,13.3,0,0.0,0.0,33.92,0.0
芒果,20,6,1,0,0.619,258.66,9.0,18.9,1,2.03,8.7,6.66,1.83
苹果,20,6,1,0,0.927,174.74,7.2,17.0,0,7.0,23.46,26.25,6.39
草莓,20,6,1,0,0.598,280.62,24.0,17.4,0,1.76,1.66,2.18,0.67
葡萄,20,6,1,0,0.69,250.6,12.0,18.8,0,6.13,6.8,7.32,1.89
西瓜,20,6,1,0,0.927,31.11,3.6,16.4,0,46.22,14.46,12.39,3.25
西红柿,20,6,1,0,0.857,117.58,5.4,16.0,1,16.35,27.47,26.54,8.25
香蕉,20,6,1,0,0.79,131.3,4.8,19.0,0,14.23,13.5,24.78,6.57
黄瓜,20,6,1,0,0.889,104.61,4.2,14.1,0,20.32,37.9,33.8,9.7
土豆,21,6,1,0,0.985,0.0,2.4,15.3,0,0.0,0.0,0.0,0.0
芒果,21,6,1,0,0.614,256.83,9.0,12.4,0,2.3,0.87,2.55,0.04
苹果,21,6,1,0,0.924,168.35,7.2,14.2,0,18.65,5.03,7.53,0.11
草莓,21,6,1,0,0.592,279.95,24.0,13.6,0,2.0,0.66,0.41,0.0
葡萄,21,6,1,0,0.671,248.71,12.0,19.8,0,7.02,2.32,0.61,0.0
西瓜,21,6,1,0,0.925,27.86,3.6,13.5,0,8.68,2.84,1.8,0.0
西红柿,21,6,1,0,0.851,109.33,5.4,13.9,0,12.61,10.1,6.22,0.0
香蕉,21,6,1,0,0.787,124.73,4.8,13.4,0,17.27,5.62,6.0,0.0
黄瓜,21,6,1,0,0.883,94.91,4.2,15.8,0,32.33,5.4,5.89,0.0
土豆,22,6,1,0,0.984,0.0,2.4,11.9,0,0.0,0.0,0.0,0.0
芒果,22,6,1,0,0.609,256.79,9.0,13.1,0,1.83,0.0,0.0,0.0
苹果,22,6,1,0,0.92,168.24,7.2,14.4,0,6.39,0.0,0.0,0.0
草莓,22,6,1,0,0.586,279.95,24.0,13.5,0,0.67,0.0,0.0,0.0
葡萄,22,6,1,0,0.667,248.71,12.0,11.8,0,1.89,0.0,0.0,0.0
西瓜,22,6,1,0,0.923,27.86,3.6,12.7,0,3.25,0.19,0.0,0.0
西红柿,22,6,1,0,0.847,109.33,5.4,11.9,0,8.25,0.0,0.22,0.0
香蕉,22,6,1,0,0.784,124.73,4.8,12.4,0,6.57,0.0,0.0,0.0
黄瓜,22,6,1,0,0.881,94.91,4.2,9.8,0,9.7,0.0,0.0,0.0
土豆,23,6,1,0,0.983,0.0,2.4,10.9,0,0.0,0.0,0.0,0.0
芒果,23,6,1,0,0.604,256.79,9.0,10.1,0,0.04,0.0,0.0,0.0
苹果,23,6,1,0,0.919,168.24,7.2,6.9,0,0.11,0.0,0.0,0.1
草莓,23,6,1,0,0.58,279.95,24.0,13.6,0,0.0,0.0,0.08,0.07
葡萄,23,6,1,0,0.663,248.71,12.0,10.5,0,0.0,0.0,0.0,0.0
西瓜,23,6,1,0,0.921,27.86,3.6,12.3,0,0.0,0.0,0.0,0.0
西红柿,23,6,1,0,0.843,109.33,5.4,12.7,0,0.0,0.16,0.0,0.0
香蕉,23,6,1,0,0.781,124.73,4.8,13.0,0,0.0,0.0,0.0,0.0
黄瓜,23,6,1,0,0.878,94.91,4.2,10.3,1,0.0,0.26,0.0,0.0
土豆,0,0,0,0,0.983,0.0,2.8,8.1,0,0.0,0.0,0.0,0.0
芒果,0,0,0,0,0.599,256.79,9.0,6.3,0,0.0,0.0,0.0,0.0
苹果,0,0,0,0,0.917,168.14,13.8,11.4,0,0.0,0.0,0.0,0.0
草莓,0,0,0,0,0.574,279.88,24.0,12.0,0,0.0,0.0,0.0,0.02
葡萄,0,0,0,0,0.659,248.71,26.0,9.9,0,0.0,0.03,0.01,0.0
西瓜,0,0,0,0,0.919,27.86,5.1,10.4,0,0.0,0.0,0.0,0.05
西红柿,0,0,0,0,0.841,109.33,10.35,9.4,0,0.0,0.0,0.0,0.0
香蕉,0,0,0,0,0.778,124.73,5.6,10.0,0,0.0,0.2,0.0,0.0
黄瓜,0,0,0,0,0.875,94.91,7.0,8.9,1,0.0,0.0,0.0,0.0
土豆,1,0,0,0,0.983,0.0,4.0,7.1,0,0.0,0.0,0.0,0.0
芒果,1,0,0,0,0.593,256.79,9.0,14.8,0,0.0,0.0,0.0,0.13
苹果,1,0,0,0,0.915,168.14,12.0,10.2,0,0.1,0.0,0.0,0.0
草莓,1,0,0,0,0.568,279.86,24.0,7.9,0,0.07,0.0,0.08,0.0
葡萄,1,0,0,0,0.655,248.71,20.0,12.2,0,0.0,0.0,0.0,0.0
西瓜,1,0,0,0,0.918,27.81,4.2,10.7,1,0.0,0.0,0.0,0.0
西红柿,1,0,0,0,0.838,109.33,9.0,9.9,0,0.0,0.0,0.0,0.0
香蕉,1,0,0,0,0.775,124.73,8.0,8.6,0,0.0,0.0,0.0,0.01
黄瓜,1,0,0,0,0.873,94.91,7.0,9.2,0,0.0,0.0,0.0,0.0
土豆,2,0,0,0,0.982,0.0,4.0,13.1,0,0.0,0.0,0.0,0.0
芒果,2,0,0,0,0.588,256.66,9.0,7.2,1,0.0,0.0,0.0,0.0
苹果,2,0,0,0,0.913,168.14,8.4,11.2,0,0.0,0.0,0.0,0.0
草莓,2,0,0,0,0.562,279.86,24.0,10.3,0,0.02,0.0,0.0,0.0
葡萄,2,0,0,0,0.651,248.71,26.0,11.6,0,0.0,0.0,0.0,0.0
西瓜,2,0,0,0,0.917,27.81,7.8,7.4,0,0.05,0.0,0.0,0.0
西红柿,2,0,0,0,0.836,109.33,10.35,9.4,0,0.0,0.0,0.03,0.0
香蕉,2,0,0,0,0.772,124.72,6.8,8.9,0,0.0,0.07,0.0,0.0
黄瓜,2,0,0,0,0.871,94.91,5.95,6.9,1,0.0,0.0,0.0,0.0
土豆,3,0,0,0,0.982,0.0,4.0,8.4,0,0.0,0.0,0.0,0.0
芒果,3,0,0,0,0.583,256.66,9.0,7.5,0,0.13,0.0,0.0,0.0
苹果,3,0,0,0,0.911,168.14,8.4,9.9,0,0.0,0.0,0.06,0.0
草莓,3,0,0,0,0.556,279.86,24.0,7.8,0,0.0,0.0,0.0,0.0
葡萄,3,0,0,0,0.647,248.71,20.0,8.2,0,0.0,0.0,0.0,0.0
西瓜,3,0,0,0,0.916,27.81,6.0,9.7,1,0.0,0.0,0.0,0.0
西红柿,3,0,0,0,0.833,109.33,9.0,10.9,1,0.0,0.0,0.0,0.0
香蕉,3,0,0,0,0.769,124.72,5.6,9.5,0,0.01,0.0,0.14,0.0
黄瓜,3,0,0,0,0.87,94.91,8.05,7.5,0,0.0,0.0,0.0,0.0
土豆,4,0,0,0,0.981,0.0,4.0,12.9,1,0.0,0.0,0.0,0.0
芒果,4,0,0,0,0.578,256.66,9.0,9.5,0,0.0,0.0,0.0,0.0
苹果,4,0,0,0,0.909,168.14,8.4,9.9,0,0.0,0.0,0.0,0.0
草莓,4,0,0,0,0.55,279.86,24.0,9.9,0,0.0,0.0,0.0,0.0
葡萄,4,0,0,0,0.643,248.71,23.0,11.7,0,0.0,0.0,0.0,0.0
西瓜,4,0,0,0,0.914,27.81,6.0,8.9,0,0.0,0.0,0.16,0.0
西红柿,4,0,0,0,0.831,109.33,9.0,7.0,0,0.0,0.0,0.16,0.13
香蕉,4,0,0,0,0.766,124.72,8.0,11.5,0,0.0,0.0,0.0,0.0
黄瓜,4,0,0,0,0.867,94.91,4.9,9.6,0,0.0,0.0,0.0,0.0
土豆,5,0,0,0,0.98,0.0,3.4,9.3,0,0.0,0.0,0.0,3.43
芒果,5,0,0,0,0.573,256.66,9.0,8.5,0,0.0,0.0,0.0,0.53
苹果,5,0,0,0,0.906,168.14,15.6,12.7,0,0.0,0.0,0.0,2.64
草莓,5,0,0,0,0.544,279.86,24.0,14.4,0,0.0,0.0,0.0,1.04
葡萄,5,0,0,0,0.639,248.71,20.0,10.6,0,0.0,0.0,0.0,0.98
西瓜,5,0,0,0,0.913,27.81,6.0,10.6,0,0.0,0.0,0.0,1.8
西红柿,5,0,0,0,0.826,109.2,10.35,13.1,0,0.0,0.0,0.11,4.62
香蕉,5,0,0,0,0.763,124.72,9.2,11.0,0,0.0,0.0,0.0,3.37
黄瓜,5,0,0,0,0.864,94.91,8.05,10.8,1,0.0,0.0,0.0,5.29
土豆,6,0,0,0,1.0,296.57,5.2,14.5,1,0.0,7.16,11.78,14.26
芒果,6,0,0,0,1.0,299.47,17.25,15.1,1,0.0,1.4,1.99,3.71
苹果,6,0,0,0,1.0,297.36,12.0,10.3,0,0.0,5.96,1.81,7.24
草莓,6,0,0,0,1.0,298.96,34.0,14.7,0,0.0,1.56,0.39,1.49
葡萄,6,0,0,0,1.0,299.02,23.0,13.0,0,0.0,1.45,1.45,2.29
西瓜,6,0,0,0,1.0,298.2,6.9,12.0,1,0.0,2.05,1.8,2.82
西红柿,6,0,0,0,1.0,295.38,9.0,14.8,0,0.13,1.16,6.17,12.2
香蕉,6,0,0,0,1.0,296.63,9.2,16.2,0,0.0,1.84,1.0,8.39
黄瓜,6,0,0,0,1.0,294.71,5.95,13.2,0,0.0,5.65,3.88,10.48
土豆,7,0,0,0,0.999,282.31,4.6,13.0,0,3.43,28.76,39.18,16.1
芒果,7,0,0,0,0.995,295.76,17.25,14.4,0,0.53,0.74,2.06,2.51
苹果,7,0,0,0,0.997,290.12,12.0,13.5,0,2.64,9.37,2.32,6.03
草莓,7,0,0,0,0.994,297.47,40.0,12.3,0,1.04,2.23,1.54,1.78
葡萄,7,0,0,0,0.992,296.73,23.0,15.3,0,0.98,1.41,1.74,1.61
西瓜,7,0,0,0,0.997,295.38,6.9,15.3,0,1.8,3.87,2.84,1.8
西红柿,7,0,0,0,0.997,283.18,9.0,10.3,0,4.62,24.9,11.63,6.94
香蕉,7,0,0,0,0.989,288.24,8.0,17.9,0,3.37,28.52,10.83,9.14
黄瓜,7,0,0,0,0.996,284.23,7.0,12.8,0,5.29,19.08,8.22,11.4
土豆,8,0,0,0,0.998,266.21,4.0,18.2,0,14.26,31.72,38.79,10.09
芒果,8,0,0,0,0.974,293.25,19.5,18.9,0,3.71,5.9,5.91,6.97
苹果,8,0,0,0,0.995,284.09,8.4,11.4,1,7.24,18.76,12.19,4.59
草莓,8,0,0,0,0.981,295.69,40.0,17.2,0,1.49,2.93,1.21,1.51
葡萄,8,0,0,0,0.974,295.12,20.0,19.0,1,2.29,4.21,3.82,1.49
西瓜,8,0,0,0,0.994,293.58,6.0,13.0,1,2.82,7.57,6.17,8.98
西红柿,8,0,0,0,0.99,276.24,9.0,15.9,1,12.2,9.26,10.09,7.65
香蕉,8,0,0,0,0.986,279.1,8.0,12.6,0,8.39,12.51,7.58,4.28
黄瓜,8,0,0,0,0.988,272.83,5.95,19.4,0,10.48,11.74,13.87,2.6
土豆,9,0,0,0,0.998,256.12,4.6,18.0,0,16.1,25.78,9.8,9.5
芒果,9,0,0,0,0.965,286.28,10.5,15.7,0,2.51,7.68,5.27,1.33
苹果,9,0,0,0,0.989,279.5,12.0,20.2,0,6.03,6.55,1.05,5.5
草莓,9,0,0,0,0.957,294.18,40.0,19.0,0,1.78,0.32,1.55,0.64
葡萄,9,0,0,0,0.963,293.63,23.0,16.4,0,1.61,5.98,2.27,0.84
西瓜,9,0,0,0,0.988,284.6,6.0,24.2,0,1.8,19.53,2.51,4.67
西红柿,9,0,0,0,0.981,268.59,9.0,18.9,0,6.94,9.57,6.41,3.97
香蕉,9,0,0,0,0.97,274.82,9.2,20.5,0,9.14,12.62,3.04,4.16
黄瓜,9,0,0,0,0.982,270.23,9.1,16.9,0,11.4,8.46,5.6,5.44
土豆,10,0,0,0,0.996,246.62,4.0,23.1,0,10.09,9.89,7.4,26.79
芒果,10,0,0,0,0.935,284.95,17.25,21.5,0,6.97,0.54,0.75,4.07
苹果,10,0,0,0,0.984,274.0,10.2,22.1,0,4.59,0.75,0.99,7.76
草莓,10,0,0,0,0.917,293.54,40.0,21.7,0,1.51,1.32,0.37,0.87
葡萄,10,0,0,0,0.944,292.79,14.0,19.5,1,1.49,2.53,0.99,2.51
西瓜,10,0,0,0,0.982,279.93,6.9,21.5,0,8.98,11.8,6.72,11.18
西红柿,10,0,0,0,0.973,264.62,9.0,17.4,0,7.65,3.43,3.2,4.98
香蕉,10,0,0,0,0.956,270.66,5.6,19.5,0,4.28,7.66,4.23,4.87
黄瓜,10,0,0,0,0.973,264.79,4.9,22.1,1,2.6,8.74,6.93,6.69
土豆,11,0,0,0,0.995,219.83,3.4,20.1,0,9.5,20.93,22.27,19.87
芒果,11,0,0,0,0.902,280.88,15.0,22.1,0,1.33,0.6,5.2,2.29
苹果,11,0,0,0,0.979,266.24,10.2,19.8,0,5.5,17.3,13.75,2.9
草莓,11,0,0,0,0.867,292.67,40.0,23.3,0,0.64,1.61,0.74,1.34
葡萄,11,0,0,0,0.912,290.28,20.0,25.0,0,0.84,1.41,1.1,1.59
西瓜,11,0,0,0,0.977,268.75,6.9,20.9,0,4.67,21.47,14.15,8.68
西红柿,11,0,0,0,0.961,259.64,10.35,22.5,0,3.97,4.65,3.85,8.2
香蕉,11,0,0,0,0.937,265.79,8.0,22.2,0,4.16,11.49,3.0,10.48
黄瓜,11,0,0,0,0.965,258.1,8.05,19.8,0,5.44,6.37,11.42,12.98
土豆,12,0,0,0,0.994,199.96,3.4,24.2,0,26.79,38.83,33.13,5.92
芒果,12,0,0,0,0.861,278.59,17.25,24.3,0,4.07,1.25,3.96,2.3
苹果,12,0,0,0,0.973,263.34,12.0,21.8,1,7.76,4.08,4.67,3.38
草莓,12,0,0,0,0.838,291.33,40.0,19.8,0,0.87,1.85,0.47,0.77
葡萄,12,0,0,0,0.881,288.69,23.0,24.6,0,2.51,3.67,3.47,1.89
西瓜,12,0,0,0,0.971,260.07,6.0,22.9,0,11.18,2.36,6.29,9.19
西红柿,12,0,0,0,0.949,251.44,7.65,22.6,0,4.98,5.91,8.49,6.28
香蕉,12,0,0,0,0.92,255.31,5.6,20.9,0,4.87,7.28,6.12,4.55
黄瓜,12,0,0,0,0.955,245.12,5.95,23.5,0,6.69,12.69,11.53,4.94
土豆,13,0,0,0,0.993,194.04,5.2,24.8,0,19.87,17.16,10.93,6.52
芒果,13,0,0,0,0.832,276.29,15.0,21.1,0,2.29,3.71,1.72,2.5
苹果,13,0,0,0,0.967,259.96,12.0,25.7,0,2.9,5.58,3.92,2.73
草莓,13,0,0,0,0.767,290.56,40.0,26.8,0,1.34,0.4,0.18,0.27
葡萄,13,0,0,0,0.846,286.8,20.0,25.8,0,1.59,4.02,1.03,1.49
西瓜,13,0,0,0,0.964,250.88,6.0,24.7,0,8.68,13.74,3.66,10.98
西红柿,13,0,0,0,0.936,245.16,9.0,24.5,0,8.2,18.98,5.1,3.19
香蕉,13,0,0,0,0.901,250.76,8.0,22.2,0,10.48,8.38,4.81,4.24
黄瓜,13,0,0,0,0.945,240.18,8.05,23.7,0,12.98,3.03,6.23,3.22
土豆,14,0,0,0,0.992,187.52,4.0,27.2,0,5.92,5.78,8.02,7.94
芒果,14,0,0,0,0.79,273.79,10.5,24.4,0,2.3,1.51,1.12,0.62
苹果,14,0,0,0,0.96,257.23,12.0,25.6,0,3.38,5.66,3.14,1.18
草莓,14,0,0,0,0.698,290.29,40.0,26.5,0,0.77,0.58,0.35,0.41
葡萄,14,0,0,0,0.817,285.31,17.0,23.7,0,1.89,1.25,1.71,0.83
西瓜,14,0,0,0,0.957,239.9,5.1,25.8,0,9.19,11.94,4.38,23.09
西红柿,14,0,0,0,0.921,241.97,9.0,26.5,0,6.28,7.49,4.37,1.05
香蕉,14,0,0,0,0.88,246.52,5.6,23.3,0,4.55,3.66,4.01,3.59
黄瓜,14,0,0,0,0.934,236.96,7.0,25.0,1,4.94,2.94,5.35,3.35
土豆,15,0,0,0,0.99,179.58,4.0,26.7,0,6.52,7.68,14.41,45.55
芒果,15,0,0,0,0.743,273.17,19.5,25.8,0,2.5,1.31,0.68,4.45
苹果,15,0,0,0,0.954,256.05,15.6,23.4,0,2.73,2.14,2.77,12.52
草莓,15,0,0,0,0.638,289.88,34.0,25.0,0,0.27,0.7,0.34,1.27
葡萄,15,0,0,0,0.798,284.48,20.0,19.7,0,1.49,1.25,0.93,0.74
西瓜,15,0,0,0,0.949,216.81,4.2,26.9,0,10.98,9.98,10.23,13.86
西红柿,15,0,0,0,0.909,240.92,11.7,23.2,1,3.19,7.28,4.66,7.77
香蕉,15,0,0,0,0.856,242.93,6.8,24.8,0,4.24,4.17,2.68,3.1
黄瓜,15,0,0,0,0.924,233.61,7.0,25.0,0,3.22,6.38,4.24,8.2
土豆,16,0,0,0,0.989,134.03,2.8,24.0,0,7.94,36.84,57.09,74.65
芒果,16,0,0,0,0.712,268.72,15.0,21.7,0,0.62,3.71,0.53,2.83
苹果,16,0,0,0,0.948,243.53,10.2,23.3,0,1.18,5.73,5.69,11.83
草莓,16,0,0,0,0.596,288.61,24.0,22.1,0,0.41,1.22,1.35,1.98
葡萄,16,0,0,0,0.778,283.74,23.0,20.0,1,0.83,3.25,1.9,0.53
西瓜,16,0,0,0,0.943,202.95,4.2,22.8,1,23.09,8.88,6.42,33.35
西红柿,16,0,0,0,0.899,233.15,9.0,19.8,0,1.05,31.37,21.81,17.03
香蕉,16,0,0,0,0.83,239.83,10.4,25.9,0,3.59,13.93,6.92,10.98
黄瓜,16,0,0,0,0.914,225.41,8.05,23.2,0,3.35,7.77,12.7,13.19
土豆,17,0,0,0,0.988,59.38,2.8,22.2,0,45.55,63.94,16.59,29.23
芒果,17,0,0,0,0.672,265.89,17.25,24.1,0,4.45,5.93,2.08,3.69
苹果,17,0,0,0,0.942,231.7,12.0,24.7,0,12.52,10.45,18.92,7.57
草莓,17,0,0,0,0.558,286.63,24.0,21.2,0,1.27,0.27,0.47,0.57
葡萄,17,0,0,0,0.75,283.21,26.0,23.2,1,0.74,3.11,0.96,3.89
西瓜,17,0,0,0,0.937,169.6,6.0,24.4,0,13.86,38.02,57.02,8.85
西红柿,17,0,0,0,0.888,216.12,9.0,21.5,0,7.77,8.62,14.43,26.63
香蕉,17,0,0,0,0.813,228.85,6.8,20.7,0,3.1,22.54,1.94,3.53
黄瓜,17,0,0,0,0.903,212.22,7.0,25.4,0,8.2,29.65,12.94,12.18
土豆,18,0,0,0,0.987,30.15,3.4,25.2,0,74.65,5.53,30.61,30.15
芒果,18,0,0,0,0.647,262.2,15.0,20.0,0,2.83,2.73,2.04,5.69
苹果,18,0,0,0,0.937,224.13,12.0,18.6,0,11.83,7.28,9.32,11.82
草莓,18,0,0,0,0.524,286.06,24.0,20.7,1,1.98,0.63,1.35,1.73
葡萄,18,0,0,0,0.722,279.32,20.0,22.8,0,0.53,2.71,4.03,4.11
西瓜,18,0,0,0,0.933,160.75,4.2,16.1,0,33.35,62.78,5.3,4.79
西红柿,18,0,0,0,0.878,189.49,6.3,20.2,0,17.03,20.84,13.09,11.68
香蕉,18,0,0,0,0.799,225.32,8.0,19.8,1,10.98,2.6,4.17,6.63
黄瓜,18,0,0,0,0.896,200.04,8.05,17.7,0,13.19,20.24,14.03,30.77
土豆,19,0,0,0,0.986,0.0,4.0,16.0,1,29.23,0.0,0.0,0.0
芒果,19,0,0,0,0.631,256.51,10.5,17.4,0,3.69,2.03,3.18,1.87
苹果,19,0,0,0,0.933,212.31,12.0,16.2,0,7.57,7.0,13.37,9.18
草莓,19,0,0,0,0.517,284.33,24.0,16.2,0,0.57,1.76,2.03,0.97
葡萄,19,0,0,0,0.708,275.21,17.0,17.9,0,3.89,6.13,1.35,4.53
西瓜,19,0,0,0,0.93,155.96,6.0,15.4,0,8.85,46.22,40.1,7.17
西红柿,19,0,0,0,0.868,177.81,9.0,18.8,0,26.63,16.35,21.5,17.19
香蕉,19,0,0,0,0.785,218.69,9.2,19.6,0,3.53,14.23,9.8,20.48
黄瓜,19,0,0,0,0.886,169.27,4.9,24.2,0,12.18,20.32,14.57,22.64
土豆,20,0,0,0,0.985,0.0,2.4,14.5,0,30.15,0.0,0.0,0.0
芒果,20,0,0,0,0.619,254.64,9.0,16.5,1,5.69,2.3,4.39,1.67
苹果,20,0,0,0,0.93,203.13,7.2,15.2,0,11.82,18.65,16.93,6.0
草莓,20,0,0,0,0.511,283.36,24.0,14.8,0,1.73,2.0,1.52,0.33
葡萄,20,0,0,0,0.693,270.68,12.0,17.8,0,4.11,7.02,4.85,1.31
西瓜,20,0,0,0,0.926,148.79,3.6,16.4,0,4.79,8.68,16.42,2.64
西红柿,20,0,0,0,0.86,160.62,5.4,18.5,0,11.68,12.61,17.62,5.43
香蕉,20,0,0,0,0.777,198.21,4.8,16.1,0,6.63,17.27,11.63,4.36
黄瓜,20,0,0,0,0.88,146.63,4.2,17.4,0,30.77,32.33,16.36,7.27
土豆,21,0,0,0,0.985,0.0,2.4,11.3,0,0.0,0.0,0.0,0.0
芒果,21,0,0,0,0.614,252.97,9.0,12.2,0,1.87,1.83,1.73,0.0
苹果,21,0,0,0,0.926,197.13,7.2,16.4,0,9.18,6.39,6.72,0.0
草莓,21,0,0,0,0.505,283.03,24.0,14.1,0,0.97,0.67,0.38,0.0
葡萄,21,0,0,0,0.686,269.37,12.0,15.1,0,4.53,1.89,1.42,0.0
西瓜,21,0,0,0,0.923,146.15,3.6,14.6,0,7.17,3.25,2.35,0.0
西红柿,21,0,0,0,0.852,155.19,5.4,16.6,0,17.19,8.25,5.87,0.17
香蕉,21,0,0,0,0.771,193.85,4.8,15.3,0,20.48,6.57,3.67,0.0
黄瓜,21,0,0,0,0.875,139.36,4.2,14.0,0,22.64,9.7,8.25,0.31
土豆,22,0,0,0,0.984,0.0,2.4,16.2,1,0.0,0.0,0.0,0.0
芒果,22,0,0,0,0.609,252.97,9.0,11.5,1,1.67,0.04,0.0,0.0
苹果,22,0,0,0,0.922,197.13,7.2,14.1,0,6.0,0.11,0.22,0.0
草莓,22,0,0,0,0.499,283.03,24.0,12.9,1,0.33,0.0,0.0,0.0
葡萄,22,0,0,0,0.682,269.37,12.0,9.4,0,1.31,0.0,0.0,0.13
西瓜,22,0,0,0,0.921,146.15,3.6,12.8,1,2.64,0.0,0.0,0.0
西红柿,22,0,0,0,0.848,155.02,5.4,12.2,0,5.43,0.0,0.0,0.0
香蕉,22,0,0,0,0.768,193.85,4.8,12.4,0,4.36,0.0,0.0,0.06
黄瓜,22,0,0,0,0.871,139.05,4.2,11.8,0,7.27,0.0,0.0,0.0
土豆,23,0,0,0,0.983,0.0,2.4,14.2,0,0.0,0.0,0.0,0.0
芒果,23,0,0,0,0.604,252.97,9.0,9.8,0,0.0,0.0,0.0,0.0
苹果,23,0,0,0,0.92,197.13,7.2,11.4,0,0.0,0.0,0.0,0.06
草莓,23,0,0,0,0.493,283.03,24.0,10.7,0,0.0,0.0,0.0,0.0
葡萄,23,0,0,0,0.678,269.24,12.0,12.5,0,0.0,0.0,0.0,0.0
西瓜,23,0,0,0,0.92,146.15,3.6,7.8,0,0.0,0.0,0.0,0.0
西红柿,23,0,0,0,0.844,155.02,5.4,12.0,0,0.17,0.0,0.0,0.0
香蕉,23,0,0,0,0.765,193.79,4.8,8.1,0,0.0,0.0,0.0,0.0
黄瓜,23,0,0,0,0.868,139.05,4.2,9.7,0,0.31,0.0,0.0,0.0
土豆,0,1,0,0,0.983,0.0,4.6,9.2,0,0.0,0.0,0.0,0.0
芒果,0,1,0,0,0.599,252.97,9.0,13.6,0,0.0,0.0,0.0,0.0
苹果,0,1,0,0,0.918,197.07,8.4,9.5,0,0.0,0.1,0.0,0.0
草莓,0,1,0,0,0.487,283.03,24.0,8.6,0,0.0,0.07,0.0,0.0
葡萄,0,1,0,0,0.674,269.24,20.0,8.9,0,0.13,0.0,0.0,0.11
西瓜,0,1,0,0,0.918,146.15,6.0,11.5,0,0.0,0.0,0.04,0.0
西红柿,0,1,0,0,0.842,155.02,9.0,9.0,0,0.0,0.0,0.0,0.0
香蕉,0,1,0,0,0.762,193.79,10.4,6.2,0,0.06,0.0,0.0,0.14
黄瓜,0,1,0,0,0.866,139.05,7.0,10.0,0,0.0,0.0,0.0,0.0
土豆,1,1,0,0,0.982,0.0,4.0,10.1,1,0.0,0.0,0.0,0.0
芒果,1,1,0,0,0.594,252.97,9.0,7.1,0,0.0,0.0,0.0,0.0
苹果,1,1,0,0,0.917,197.07,15.6,8.1,0,0.06,0.0,0.0,0.0
草莓,1,1,0,0,0.481,283.03,24.0,9.4,0,0.0,0.02,0.0,0.0
葡萄,1,1,0,0,0.67,269.13,14.0,8.9,0,0.0,0.0,0.0,0.0
西瓜,1,1,0,0,0.917,146.15,6.0,10.0,0,0.0,0.05,0.0,0.0
西红柿,1,1,0,0,0.839,155.02,9.0,10.7,0,0.0,0.0,0.0,0.13
香蕉,1,1,0,0,0.759,193.65,8.0,12.4,0,0.0,0.0,0.0,0.0
黄瓜,1,1,0,0,0.864,139.05,5.95,7.4,0,0.0,0.0,0.02,0.0
土豆,2,1,0,0,0.982,0.0,4.0,10.4,0,0.0,0.0,0.0,0.0
芒果,2,1,0,0,0.589,252.97,9.0,8.9,0,0.0,0.13,0.0,0.0
苹果,2,1,0,0,0.916,197.07,15.6,6.9,0,0.0,0.0,0.0,0.19
草莓,2,1,0,0,0.475,283.03,24.0,8.6,0,0.0,0.0,0.0,0.0
葡萄,2,1,0,0,0.666,269.13,20.0,8.2,0,0.11,0.0,0.0,0.0
西瓜,2,1,0,0,0.915,146.15,4.2,11.4,0,0.0,0.0,0.0,0.0
西红柿,2,1,0,0,0.837,154.89,7.65,9.0,0,0.0,0.0,0.0,0.0
香蕉,2,1,0,0,0.756,193.65,6.8,12.5,0,0.14,0.01,0.0,0.0
黄瓜,2,1,0,0,0.862,139.05,9.1,7.3,0,0.0,0.0,0.0,0.0
土豆,3,1,0,0,0.981,0.0,2.8,10.1,1,0.0,0.0,0.0,0.0
芒果,3,1,0,0,0.584,252.97,9.0,7.5,0,0.0,0.0,0.0,0.0
苹果,3,1,0,0,0.915,196.88,10.2,4.3,0,0.0,0.0,0.06,0.0
草莓,3,1,0,0,0.469,283.03,24.0,7.2,1,0.0,0.0,0.0,0.0
葡萄,3,1,0,0,0.662,269.13,17.0,11.5,0,0.0,0.0,0.0,0.0
西瓜,3,1,0,0,0.914,146.15,6.0,8.4,0,0.0,0.0,0.0,0.0
西红柿,3,1,0,0,0.834,154.89,7.65,10.6,1,0.13,0.0,0.0,0.0
香蕉,3,1,0,0,0.753,193.65,8.0,9.2,1,0.0,0.0,0.0,0.0
黄瓜,3,1,0,0,0.86,139.05,7.0,9.8,0,0.0,0.0,0.0,0.0
土豆,4,1,0,0,0.981,0.0,2.8,7.4,0,0.0,0.0,0.0,0.0
芒果,4,1,0,0,0.579,252.97,9.0,6.6,1,0.0,0.0,0.0,0.08
苹果,4,1,0,0,0.912,196.88,12.0,11.7,0,0.19,0.0,0.0,0.0
草莓,4,1,0,0,0.463,283.03,24.0,8.2,0,0.0,0.0,0.0,0.0
葡萄,4,1,0,0,0.658,269.13,17.0,9.1,0,0.0,0.0,0.0,0.0
西瓜,4,1,0,0,0.911,146.15,6.0,13.9,1,0.0,0.0,0.0,0.0
西红柿,4,1,0,0,0.831,154.89,11.7,10.6,1,0.0,0.0,0.0,0.0
香蕉,4,1,0,0,0.75,193.65,5.6,9.0,0,0.0,0.0,0.0,0.0
黄瓜,4,1,0,0,0.856,139.05,7.0,12.5,0,0.0,0.0,0.0,0.09
土豆,5,1,0,0,0.98,0.0,4.0,7.8,0,0.0,0.0,0.0,9.07
芒果,5,1,0,0,0.574,252.89,9.0,9.8,0,0.0,0.0,0.0,2.51
苹果,5,1,0,0,0.911,196.88,12.0,7.6,0,0.0,0.0,0.0,3.01
草莓,5,1,0,0,0.457,283.03,24.0,13.0,0,0.0,0.0,0.0,0.54
葡萄,5,1,0,0,0.654,269.13,17.0,11.4,0,0.0,0.0,0.0,1.35
西瓜,5,1,0,0,0.909,146.15,6.0,11.9,0,0.0,0.0,0.0,2.21
西红柿,5,1,0,0,0.827,154.89,7.65,11.8,0,0.0,0.13,0.0,5.22
香蕉,5,1,0,0,0.747,193.65,8.0,13.7,0,0.0,0.0,0.0,7.63
黄瓜,5,1,0,0,0.85,138.96,5.95,15.3,0,0.0,0.0,0.0,7.11
土豆,6,1,0,0,1.0,290.93,3.4,10.7,0,0.0,3.43,9.68,17.77
芒果,6,1,0,0,1.0,297.49,12.75,12.0,0,0.08,0.53,1.28,4.93
苹果,6,1,0,0,1.0,296.99,12.0,13.2,0,0.0,2.64,5.29,14.88
草莓,6,1,0,0,1.0,299.46,46.0,15.8,0,0.0,1.04,0.18,2.55
葡萄,6,1,0,0,1.0,298.65,20.0,12.1,0,0.0,0.98,0.82,0.93
西瓜,6,1,0,0,1.0,297.79,4.2,14.0,0,0.0,1.8,1.83,5.17
西红柿,6,1,0,0,1.0,294.78,9.0,15.1,0,0.0,4.62,4.66,11.52
香蕉,6,1,0,0,1.0,292.37,5.6,12.2,0,0.0,3.37,3.07,5.63
黄瓜,6,1,0,0,1.0,292.89,4.9,14.1,0,0.09,5.29,3.28,23.64
土豆,7,1,0,0,0.999,273.16,4.0,13.1,1,9.07,14.26,38.89,25.57
芒果,7,1,0,0,0.994,292.56,15.0,15.0,0,2.51,3.71,4.68,1.63
苹果,7,1,0,0,0.996,282.11,8.4,17.4,0,3.01,7.24,7.35,3.22
草莓,7,1,0,0,0.994,296.91,34.0,14.3,0,0.54,1.49,1.6,1.67
葡萄,7,1,0,0,0.99,297.72,26.0,16.0,0,1.35,2.29,4.12,3.33
西瓜,7,1,0,0,0.998,292.62,5.1,12.1,0,2.21,2.82,3.27,3.66
西红柿,7,1,0,0,0.994,283.26,9.0,15.2,0,5.22,12.2,8.62,9.17
香蕉,7,1,0,0,0.995,286.74,9.2,14.6,0,7.63,8.39,3.28,9.77
黄瓜,7,1,0,0,0.994,269.25,4.9,17.0,0,7.11,10.48,4.79,14.92
土豆,8,1,0,0,0.999,247.59,4.0,14.6,0,17.77,16.1,36.46,23.79
芒果,8,1,0,0,0.979,290.93,19.5,17.2,0,4.93,2.51,2.71,3.58
苹果,8,1,0,0,0.992,278.89,15.6,17.5,0,14.88,6.03,6.27,6.12
草莓,8,1,0,0,0.988,295.24,40.0,14.1,0,2.55,1.78,2.73,0.89
葡萄,8,1,0,0,0.982,294.39,20.0,15.1,0,0.93,1.61,5.71,0.93
西瓜,8,1,0,0,0.996,288.96,6.0,13.0,0,5.17,1.8,3.34,4.56
西红柿,8,1,0,0,0.985,274.09,9.0,18.6,1,11.52,6.94,6.77,2.54
香蕉,8,1,0,0,0.986,276.97,8.0,17.1,0,5.63,9.14,8.2,1.64
黄瓜,8,1,0,0,0.987,254.33,5.95,16.5,0,23.64,11.4,4.12,7.06
土豆,9,1,0,0,0.998,223.8,2.8,20.8,0,25.57,10.09,5.51,6.84
芒果,9,1,0,0,0.955,287.35,15.0,19.8,0,1.63,6.97,3.37,1.36
苹果,9,1,0,0,0.988,272.77,12.0,16.2,0,3.22,4.59,2.28,3.36
草莓,9,1,0,0,0.966,294.35,40.0,18.7,0,1.67,1.51,0.37,0.54
葡萄,9,1,0,0,0.969,293.46,20.0,17.4,1,3.33,1.49,1.63,0.79
西瓜,9,1,0,0,0.993,284.4,4.2,14.0,0,3.66,8.98,3.85,9.13
西红柿,9,1,0,0,0.974,271.55,11.7,21.3,0,9.17,7.65,9.53,8.18
香蕉,9,1,0,0,0.975,275.33,10.4,17.7,0,9.77,4.28,4.12,1.4
黄瓜,9,1,0,0,0.98,247.27,7.0,18.2,0,14.92,2.6,2.51,5.24
土豆,10,1,0,0,0.997,216.96,4.6,20.7,0,23.79,9.5,14.86,13.77
芒果,10,1,0,0,0.926,285.99,15.0,21.0,0,3.58,1.33,0.59,4.95
苹果,10,1,0,0,0.982,269.41,10.2,20.6,0,6.12,5.5,2.57,6.58
草莓,10,1,0,0,0.933,293.81,46.0,20.4,0,0.89,0.64,1.22,1.35
葡萄,10,1,0,0,0.952,292.67,23.0,18.9,0,0.93,0.84,0.95,1.68
西瓜,10,1,0,0,0.988,275.27,6.0,20.8,0,4.56,4.67,5.72,52.78
西红柿,10,1,0,0,0.966,263.37,6.3,17.5,0,2.54,3.97,3.24,6.71
香蕉,10,1,0,0,0.957,273.93,10.4,21.5,0,1.64,4.16,3.55,7.67
黄瓜,10,1,0,0,0.971,242.03,7.0,22.7,0,7.06,5.44,7.24,6.72
土豆,11,1,0,0,0.995,203.19,4.6,25.0,0,6.84,26.79,19.35,22.58
芒果,11,1,0,0,0.904,281.04,12.75,19.3,0,1.36,4.07,1.3,2.81
苹果,11,1,0,0,0.977,262.83,12.0,22.3,0,3.36,7.76,8.88,4.33
草莓,11,1,0,0,0.861,292.46,40.0,27.0,0,0.54,0.87,0.84,0.53
葡萄,11,1,0,0,0.932,290.99,14.0,19.9,1,0.79,2.51,1.9,4.31
西瓜,11,1,0,0,0.98,222.49,4.2,26.1,0,9.13,11.18,9.82,6.61
西红柿,11,1,0,0,0.953,256.66,9.0,23.4,0,8.18,4.98,2.27,7.43
香蕉,11,1,0,0,0.943,266.26,8.0,19.4,0,1.4,4.87,5.27,9.1
黄瓜,11,1,0,0,0.962,235.31,8.05,21.6,0,5.24,6.69,5.3,12.98
土豆,12,1,0,0,0.994,180.61,3.4,26.4,1,13.77,19.87,31.02,10.86
芒果,12,1,0,0,0.878,278.23,15.0,20.2,0,4.95,2.29,3.54,3.68
苹果,12,1,0,0,0.97,258.5,12.0,25.7,0,6.58,2.9,7.84,5.43
草莓,12,1,0,0,0.801,291.93,34.0,25.1,1,1.35,1.34,0.77,0.18
葡萄,12,1,0,0,0.9,286.68,14.0,24.8,0,1.68,1.59,2.05,2.2
西瓜,12,1,0,0,0.973,215.88,6.9,26.3,1,52.78,8.68,13.95,26.33
西红柿,12,1,0,0,0.94,249.23,9.0,24.3,0,6.71,8.2,8.7,8.25
香蕉,12,1,0,0,0.914,257.16,5.6,27.4,0,7.67,10.48,1.92,2.16
黄瓜,12,1,0,0,0.952,222.33,4.9,23.9,0,6.72,12.98,3.22,4.57
土豆,13,1,0,0,0.993,169.75,4.0,26.2,1,22.58,5.92,19.03,7.73
芒果,13,1,0,0,0.826,274.55,12.75,27.1,0,2.81,2.3,4.01,1.73
苹果,13,1,0,0,0.963,253.07,12.0,25.4,0,4.33,3.38,3.71,4.92
草莓,13,1,0,0,0.734,291.75,46.0,26.2,1,0.53,0.77,1.53,0.3
葡萄,13,1,0,0,0.866,284.48,17.0,25.3,0,4.31,1.89,3.4,1.13
西瓜,13,1,0,0,0.965,189.55,6.0,27.3,0,6.61,9.19,3.69,7.69
西红柿,13,1,0,0,0.924,240.98,7.65,27.6,0,7.43,6.28,4.89,4.7
香蕉,13,1,0,0,0.896,255.0,10.4,21.9,0,9.1,4.55,2.05,3.26
黄瓜,13,1,0,0,0.941,217.76,8.05,25.1,0,12.98,4.94,6.1,1.38
土豆,14,1,0,0,0.991,162.02,4.0,23.2,1,10.86,6.52,3.48,3.89
芒果,14,1,0,0,0.776,272.82,15.0,26.8,0,3.68,2.5,1.02,1.04
苹果,14,1,0,0,0.958,248.15,8.4,22.3,0,5.43,2.73,0.75,3.39
草莓,14,1,0,0,0.674,291.45,40.0,25.0,0,0.18,0.27,0.18,0.2
葡萄,14,1,0,0,0.839,283.35,20.0,22.8,0,2.2,1.49,1.29,0.82
西瓜,14,1,0,0,0.959,181.86,6.0,22.6,0,26.33,10.98,8.78,7.97
西红柿,14,1,0,0,0.909,236.28,7.65,26.5,0,8.25,3.19,3.14,2.9
香蕉,14,1,0,0,0.882,251.74,8.0,19.2,0,2.16,4.24,0.9,0.9
黄瓜,14,1,0,0,0.931,216.38,9.1,25.2,0,4.57,3.22,6.74,1.91
土豆,15,1,0,0,0.99,158.13,5.2,24.4,0,7.73,7.94,5.97,10.96
芒果,15,1,0,0,0.734,271.78,17.25,24.4,0,1.73,0.62,1.58,2.68
苹果,15,1,0,0,0.952,244.76,10.2,21.6,0,4.92,1.18,3.21,8.29
草莓,15,1,0,0,0.605,291.25,46.0,26.5,0,0.3,0.41,0.48,1.2
葡萄,15,1,0,0,0.808,282.53,20.0,24.5,0,1.13,0.83,1.48,6.16
西瓜,15,1,0,0,0.954,173.89,6.0,20.7,0,7.69,23.09,15.58,52.36
西红柿,15,1,0,0,0.897,233.38,9.0,22.8,0,4.7,1.05,1.66,3.75
香蕉,15,1,0,0,0.856,250.84,10.4,26.1,1,3.26,3.59,2.86,10.49
黄瓜,15,1,0,0,0.922,214.47,9.1,21.0,0,1.38,3.35,3.43,14.02
土豆,16,1,0,0,0.989,147.17,4.6,26.4,0,3.89,45.55,17.27,43.29
芒果,16,1,0,0,0.691,269.1,15.0,24.9,0,1.04,4.45,3.25,3.87
苹果,16,1,0,0,0.947,236.47,12.0,22.1,0,3.39,12.52,11.39,17.79
草莓,16,1,0,0,0.569,290.05,24.0,21.0,0,0.2,1.27,0.36,0.57
葡萄,16,1,0,0,0.774,276.37,14.0,25.5,0,0.82,0.74,2.27,2.35
西瓜,16,1,0,0,0.948,121.53,4.2,21.4,0,7.97,13.86,7.37,34.19
西红柿,16,1,0,0,0.883,229.63,11.7,25.4,0,2.9,7.77,7.1,12.75
香蕉,16,1,0,0,0.829,240.35,6.8,26.5,0,0.9,3.1,5.11,11.94
黄瓜,16,1,0,0,0.913,200.45,7.0,21.6,0,1.91,8.2,11.89,18.43
土豆,17,1,0,0,0.988,103.88,3.4,19.6,1,10.96,74.65,20.8,16.83
芒果,17,1,0,0,0.653,265.23,15.0,23.6,0,2.68,2.83,4.48,3.64
苹果,17,1,0,0,0.942,218.68,10.2,19.4,0,8.29,11.83,10.08,9.51
草莓,17,1,0,0,0.54,289.48,24.0,19.7,1,1.2,1.98,1.19,1.34
葡萄,17,1,0,0,0.753,274.02,23.0,20.6,0,6.16,0.53,3.72,1.28
西瓜,17,1,0,0,0.944,87.34,6.0,19.5,0,52.36,33.35,27.62,5.43
西红柿,17,1,0,0,0.871,216.88,10.35,22.5,0,3.75,17.03,13.66,12.74
香蕉,17,1,0,0,0.812,228.41,8.0,20.9,0,10.49,10.98,4.03,4.48
黄瓜,17,1,0,0,0.906,182.02,7.0,19.5,0,14.02,13.19,29.96,11.47
土豆,18,1,0,0,0.987,87.05,5.2,21.0,0,43.29,29.23,26.29,34.05
芒果,18,1,0,0,0.624,261.59,15.0,21.0,0,3.87,3.69,1.71,5.34
苹果,18,1,0,0,0.937,209.17,12.0,21.1,0,17.79,7.57,4.31,12.13
草莓,18,1,0,0,0.507,288.14,24.0,20.5,0,0.57,0.57,0.75,1.83
葡萄,18,1,0,0,0.73,272.74,26.0,21.1,0,2.35,3.89,5.87,3.71
西瓜,18,1,0,0,0.94,81.91,6.0,16.9,0,34.19,8.85,15.35,2.65
西红柿,18,1,0,0,0.863,204.14,9.0,18.1,0,12.75,26.63,21.78,6.19
香蕉,18,1,0,0,0.792,223.93,8.0,22.9,1,11.94,3.53,9.87,8.25
黄瓜,18,1,0,0,0.898,170.55,7.0,19.9,1,18.43,12.18,25.46,5.66
土豆,19,1,0,0,0.986,53.0,4.0,18.5,0,16.83,30.15,25.0,53.0
芒果,19,1,0,0,0.605,256.25,10.5,18.4,0,3.64,5.69,5.99,4.54
苹果,19,1,0,0,0.932,197.04,12.0,17.0,0,9.51,11.82,3.59,14.24
草莓,19,1,0,0,0.498,286.31,24.0,16.5,0,1.34,1.73,2.19,1.03
葡萄,19,1,0,0,0.716,269.03,20.0,17.8,0,1.28,4.11,5.18,4.9
西瓜,19,1,0,0,0.936,79.26,5.1,17.0,1,5.43,4.79,4.14,9.88
西红柿,19,1,0,0,0.853,197.95,11.7,19.9,0,12.74,11.68,8.8,19.44
香蕉,19,1,0,0,0.772,215.68,8.0,22.5,0,4.48,6.63,19.32,12.46
黄瓜,19,1,0,0,0.889,164.89,9.1,21.4,1,11.47,30.77,22.54,14.06
土豆,20,1,0,0,0.985,0.0,2.4,19.3,0,34.05,0.0,26.39,0.0
芒果,20,1,0,0,0.589,251.71,9.0,17.5,0,5.34,1.87,3.34,0.98
苹果,20,1,0,0,0.929,182.8,7.2,14.0,0,12.13,9.18,19.86,4.39
草莓,20,1,0,0,0.485,285.28,24.0,17.2,0,1.83,0.97,1.56,0.49
葡萄,20,1,0,0,0.712,264.13,12.0,13.3,0,3.71,4.53,5.16,1.56
西瓜,20,1,0,0,0.933,69.38,3.6,14.8,0,2.65,7.17,6.92,1.8
西红柿,20,1,0,0,0.845,178.51,5.4,17.5,0,6.19,17.19,19.99,6.98
香蕉,20,1,0,0,0.762,203.22,4.8,17.5,0,8.25,20.48,18.27,5.68
黄瓜,20,1,0,0,0.881,150.83,4.2,19.0,0,5.66,22.64,18.13,6.13
土豆,21,1,0,0,0.984,0.0,2.4,12.0,1,53.0,0.0,0.0,0.0
芒果,21,1,0,0,0.583,250.73,9.0,15.1,0,4.54,1.67,1.97,0.0
苹果,21,1,0,0,0.926,178.41,7.2,15.0,0,14.24,6.0,4.99,0.0
草莓,21,1,0,0,0.471,284.79,24.0,17.3,0,1.03,0.33,0.72,0.0
葡萄,21,1,0,0,0.702,262.57,12.0,15.9,0,4.9,1.31,1.9,0.0
西瓜,21,1,0,0,0.93,67.58,3.6,12.9,0,9.88,2.64,3.1,0.0
西红柿,21,1,0,0,0.839,171.53,5.4,13.9,0,19.44,5.43,5.32,0.0
香蕉,21,1,0,0,0.752,197.54,4.8,17.1,0,12.46,4.36,1.71,0.0
黄瓜,21,1,0,0,0.877,144.7,4.2,13.7,1,14.06,7.27,7.98,0.0
土豆,22,1,0,0,0.984,0.0,2.4,11.9,0,0.0,0.0,0.0,0.0
芒果,22,1,0,0,0.578,250.73,9.0,11.7,1,0.98,0.0,0.0,0.0
苹果,22,1,0,0,0.923,178.41,7.2,11.0,0,4.39,0.0,0.0,0.0
草莓,22,1,0,0,0.465,284.79,24.0,15.6,0,0.49,0.0,0.0,0.0
葡萄,22,1,0,0,0.696,262.57,12.0,14.5,0,1.56,0.0,0.0,0.0
西瓜,22,1,0,0,0.928,67.58,3.6,13.5,0,1.8,0.0,0.0,0.0
西红柿,22,1,0,0,0.836,171.53,5.4,11.4,0,6.98,0.17,0.0,0.0
香蕉,22,1,0,0,0.745,197.54,4.8,15.8,0,5.68,0.0,0.0,0.0
黄瓜,22,1,0,0,0.873,144.7,4.2,12.5,0,6.13,0.31,0.0,0.0
土豆,23,1,0,0,0.983,0.0,2.4,13.6,0,0.0,0.0,0.0,0.0
芒果,23,1,0,0,0.573,250.73,9.0,13.5,1,0.0,0.0,0.0,0.19
苹果,23,1,0,0,0.922,178.41,7.2,7.9,0,0.0,0.0,0.0,0.0
草莓,23,1,0,0,0.459,284.79,24.0,13.6,0,0.0,0.0,0.0,0.0
葡萄,23,1,0,0,0.692,262.57,12.0,12.3,0,0.0,0.13,0.0,0.0
西瓜,23,1,0,0,0.926,67.58,3.6,11.9,0,0.0,0.0,0.0,0.0
西红柿,23,1,0,0,0.833,171.53,5.4,10.5,1,0.0,0.0,0.0,0.0
香蕉,23,1,0,0,0.742,197.54,4.8,11.8,0,0.0,0.06,0.0,0.0
黄瓜,23,1,0,0,0.868,144.7,4.2,13.6,0,0.0,0.0,0.0,0.0
土豆,0,2,0,0,0.983,0.0,4.6,6.9,0,0.0,0.0,0.0,0.0
芒果,0,2,0,0,0.568,250.54,9.0,6.3,1,0.0,0.0,0.0,0.0
苹果,0,2,0,0,0.92,178.41,13.8,9.4,0,0.0,0.06,0.0,0.21
草莓,0,2,0,0,0.453,284.79,24.0,13.3,0,0.0,0.0,0.0,0.0
葡萄,0,2,0,0,0.688,262.57,23.0,8.1,1,0.0,0.0,0.0,0.0
西瓜,0,2,0,0,0.925,67.58,6.0,8.8,0,0.0,0.0,0.0,0.0
西红柿,0,2,0,0,0.831,171.53,10.35,7.5,0,0.0,0.0,0.0,0.0
香蕉,0,2,0,0,0.739,197.54,8.0,9.2,0,0.0,0.0,0.0,0.0
黄瓜,0,2,0,0,0.866,144.7,5.95,7.2,0,0.0,0.0,0.1,0.0
土豆,1,2,0,0,0.982,0.0,4.0,12.4,0,0.0,0.0,0.0,0.0
芒果,1,2,0,0,0.563,250.54,9.0,4.7,0,0.19,0.0,0.0,0.0
苹果,1,2,0,0,0.918,178.2,8.4,9.8,0,0.0,0.0,0.0,0.0
草莓,1,2,0,0,0.447,284.79,24.0,8.9,0,0.0,0.0,0.0,0.0
葡萄,1,2,0,0,0.684,262.57,20.0,10.2,0,0.0,0.11,0.0,0.0
西瓜,1,2,0,0,0.924,67.58,6.0,10.4,0,0.0,0.0,0.0,0.0
西红柿,1,2,0,0,0.827,171.53,9.0,11.8,0,0.0,0.0,0.0,0.0
香蕉,1,2,0,0,0.736,197.54,8.0,9.2,1,0.0,0.14,0.02,0.0
黄瓜,1,2,0,0,0.863,144.7,9.1,10.7,0,0.0,0.0,0.0,0.0
土豆,2,2,0,0,0.982,0.0,4.0,10.6,0,0.0,0.0,0.0,0.0
芒果,2,2,0,0,0.558,250.54,9.0,8.5,0,0.0,0.0,0.0,0.0
苹果,2,2,0,0,0.917,178.2,10.2,8.6,0,0.21,0.0,0.0,0.02
草莓,2,2,0,0,0.441,284.79,24.0,8.8,0,0.0,0.0,0.0,0.0
葡萄,2,2,0,0,0.68,262.57,26.0,11.4,1,0.0,0.0,0.0,0.0
西瓜,2,2,0,0,0.923,67.58,6.0,9.2,0,0.0,0.0,0.0,0.0
西红柿,2,2,0,0,0.824,171.53,9.0,10.4,0,0.0,0.13,0.0,0.0
香蕉,2,2,0,0,0.733,197.54,8.0,12.7,0,0.0,0.0,0.0,0.0
黄瓜,2,2,0,0,0.862,144.7,4.9,7.2,0,0.0,0.0,0.0,0.0
土豆,3,2,0,0,0.981,0.0,4.0,5.4,0,0.0,0.0,0.0,0.0
芒果,3,2,0,0,0.553,250.54,9.0,10.1,0,0.0,0.0,0.0,0.0
苹果,3,2,0,0,0.915,178.18,10.2,8.3,0,0.0,0.19,0.0,0.0
草莓,3,2,0,0,0.435,284.79,24.0,7.1,0,0.0,0.0,0.0,0.0
葡萄,3,2,0,0,0.676,262.57,14.0,7.5,0,0.0,0.0,0.0,0.0
西瓜,3,2,0,0,0.922,67.58,6.0,7.4,0,0.0,0.0,0.0,0.0
西红柿,3,2,0,0,0.822,171.53,10.35,9.0,0,0.0,0.0,0.0,0.0
香蕉,3,2,0,0,0.73,197.54,8.0,11.9,1,0.0,0.0,0.0,0.0
黄瓜,3,2,0,0,0.858,144.7,8.05,11.0,1,0.0,0.0,0.0,0.0
土豆,4,2,0,0,0.981,0.0,5.2,8.8,0,0.0,0.0,0.0,0.0
芒果,4,2,0,0,0.548,250.54,9.0,13.5,0,0.0,0.0,0.0,0.0
苹果,4,2,0,0,0.912,178.18,13.8,12.5,1,0.02,0.0,0.0,0.0
草莓,4,2,0,0,0.429,284.79,24.0,4.3,0,0.0,0.0,0.0,0.0
葡萄,4,2,0,0,0.672,262.57,20.0,12.9,0,0.0,0.0,0.0,0.0
西瓜,4,2,0,0,0.921,67.58,6.9,8.6,0,0.0,0.0,0.0,0.0
西红柿,4,2,0,0,0.82,171.53,9.0,8.9,0,0.0,0.0,0.0,0.0
香蕉,4,2,0,0,0.727,197.54,8.0,9.2,0,0.0,0.0,0.0,0.0
黄瓜,4,2,0,0,0.854,144.7,7.0,12.0,0,0.0,0.0,0.0,0.0
土豆,5,2,0,0,0.98,0.0,2.8,11.2,0,0.0,0.0,0.0,5.68
芒果,5,2,0,0,0.543,250.54,9.0,11.2,0,0.0,0.08,0.0,3.88
苹果,5,2,0,0,0.91,178.18,15.6,10.1,0,0.0,0.0,0.0,1.22
草莓,5,2,0,0,0.423,284.79,24.0,8.1,0,0.0,0.0,0.0,0.18
葡萄,5,2,0,0,0.668,262.57,23.0,13.5,0,0.0,0.0,0.08,0.64
西瓜,5,2,0,0,0.918,67.58,6.0,13.5,0,0.0,0.0,0.0,1.8
西红柿,5,2,0,0,0.818,171.53,9.0,7.9,0,0.0,0.0,0.22,2.28
香蕉,5,2,0,0,0.724,197.54,8.0,9.1,0,0.0,0.0,0.0,1.15
黄瓜,5,2,0,0,0.852,144.7,5.95,10.0,0,0.0,0.09,0.0,4.45
土豆,6,2,0,0,1.0,294.32,4.6,12.7,0,0.0,9.07,10.25,42.27
芒果,6,2,0,0,1.0,296.12,10.5,11.4,0,0.0,2.51,1.98,2.41
苹果,6,2,0,0,1.0,298.78,15.6,11.2,0,0.0,3.01,0.75,6.08
草莓,6,2,0,0,1.0,299.82,52.0,11.1,0,0.0,0.54,0.85,2.8
葡萄,6,2,0,0,1.0,299.36,20.0,17.5,1,0.0,1.35,1.04,4.58
西瓜,6,2,0,0,1.0,298.2,7.8,15.0,1,0.0,2.21,1.99,5.17
西红柿,6,2,0,0,1.0,297.72,10.35,15.6,0,0.0,5.22,3.36,10.99
香蕉,6,2,0,0,1.0,298.85,10.4,12.7,0,0.0,7.63,4.62,6.0
黄瓜,6,2,0,0,1.0,295.55,8.05,12.6,0,0.0,7.11,4.44,13.0
土豆,7,2,0,0,0.999,252.05,3.4,15.5,0,5.68,17.77,18.29,15.46
芒果,7,2,0,0,0.993,293.71,19.5,15.1,0,3.88,4.93,2.41,8.53
苹果,7,2,0,0,0.997,292.7,12.0,14.8,0,1.22,14.88,9.57,9.04
草莓,7,2,0,0,0.974,297.02,34.0,19.3,0,0.18,2.55,1.33,1.04
葡萄,7,2,0,0,0.996,294.78,17.0,11.8,0,0.64,0.93,1.11,0.84
西瓜,7,2,0,0,0.999,293.03,5.1,9.9,0,1.8,5.17,3.99,1.8
西红柿,7,2,0,0,0.992,286.73,9.0,16.9,0,2.28,11.52,13.73,3.05
香蕉,7,2,0,0,0.991,292.85,9.2,17.0,0,1.15,5.63,7.4,8.89
黄瓜,7,2,0,0,0.994,282.55,7.0,16.6,0,4.45,23.64,14.65,16.94
土豆,8,2,0,0,0.998,236.59,4.6,16.2,0,42.27,25.57,36.09,30.79
芒果,8,2,0,0,0.987,285.18,12.75,15.1,0,2.41,1.63,3.55,1.32
苹果,8,2,0,0,0.992,283.66,10.2,19.5,0,6.08,3.22,7.27,3.29
草莓,8,2,0,0,0.968,295.98,46.0,15.2,0,2.8,1.67,0.78,0.49
葡萄,8,2,0,0,0.986,293.94,26.0,15.8,0,4.58,3.33,1.62,1.82
西瓜,8,2,0,0,0.995,291.23,6.0,17.3,1,5.17,3.66,3.39,1.8
西红柿,8,2,0,0,0.984,283.68,11.7,18.3,1,10.99,9.17,3.92,6.34
香蕉,8,2,0,0,0.978,283.96,6.8,18.7,0,6.0,9.77,5.71,5.96
黄瓜,8,2,0,0,0.988,265.61,5.95,16.6,0,13.0,14.92,13.42,2.65
土豆,9,2,0,0,0.997,205.8,2.8,20.1,0,15.46,23.79,9.09,5.15
芒果,9,2,0,0,0.958,283.86,19.5,20.9,0,8.53,3.58,5.5,0.53
苹果,9,2,0,0,0.988,280.37,13.8,17.1,0,9.04,6.12,1.81,5.79
草莓,9,2,0,0,0.936,295.49,40.0,20.3,1,1.04,0.89,2.31,0.67
葡萄,9,2,0,0,0.97,292.12,14.0,18.6,1,0.84,0.93,4.08,0.48
西瓜,9,2,0,0,0.991,289.43,7.8,17.3,0,1.8,4.56,10.34,7.88
西红柿,9,2,0,0,0.973,277.34,9.0,21.4,0,3.05,2.54,7.53,3.0
香蕉,9,2,0,0,0.97,278.0,8.0,16.4,0,8.89,1.64,6.7,3.73
黄瓜,9,2,0,0,0.98,262.96,9.1,19.4,0,16.94,7.06,8.29,5.09
土豆,10,2,0,0,0.996,200.65,4.6,20.3,0,30.79,6.84,12.67,28.07
芒果,10,2,0,0,0.937,283.33,19.5,19.1,1,1.32,1.36,1.3,1.78
苹果,10,2,0,0,0.981,274.58,8.4,24.0,0,3.29,3.36,2.49,10.16
草莓,10,2,0,0,0.879,294.82,40.0,24.6,0,0.49,0.54,0.66,0.35
葡萄,10,2,0,0,0.951,291.64,26.0,19.6,0,1.82,0.79,2.04,2.77
西瓜,10,2,0,0,0.986,281.55,6.0,19.1,0,1.8,9.13,5.04,14.94
西红柿,10,2,0,0,0.963,274.34,10.35,19.5,0,6.34,8.18,1.9,10.2
香蕉,10,2,0,0,0.949,274.27,6.8,23.1,0,5.96,1.4,1.6,10.47
黄瓜,10,2,0,0,0.972,257.87,7.0,19.9,0,2.65,5.24,7.33,9.16
土豆,11,2,0,0,0.995,172.58,2.8,27.1,0,5.15,13.77,8.51,31.59
芒果,11,2,0,0,0.912,281.55,19.5,19.9,0,0.53,4.95,5.08,2.46
苹果,11,2,0,0,0.975,264.42,8.4,23.7,0,5.79,6.58,8.79,9.78
草莓,11,2,0,0,0.838,294.47,46.0,21.8,1,0.67,1.35,0.39,0.78
葡萄,11,2,0,0,0.926,288.87,20.0,22.2,0,0.48,1.68,0.99,1.34
西瓜,11,2,0,0,0.981,266.61,6.0,20.9,0,7.88,52.78,3.02,15.68
西红柿,11,2,0,0,0.95,264.14,7.65,24.2,0,3.0,6.71,9.35,6.93
香蕉,11,2,0,0,0.93,263.8,5.6,22.4,0,3.73,7.67,3.59,5.03
黄瓜,11,2,0,0,0.963,248.71,8.05,21.7,0,5.09,6.72,12.5,10.41
土豆,12,2,0,0,0.994,140.99,2.8,27.0,1,28.07,22.58,15.95,11.87
芒果,12,2,0,0,0.874,279.09,17.25,23.6,0,1.78,2.81,3.47,2.17
苹果,12,2,0,0,0.969,254.64,8.4,25.0,0,10.16,4.33,1.16,3.9
草莓,12,2,0,0,0.802,293.69,40.0,21.0,0,0.35,0.53,1.12,0.18
葡萄,12,2,0,0,0.894,287.53,23.0,24.7,0,2.77,4.31,4.77,0.53
西瓜,12,2,0,0,0.974,250.93,5.1,25.2,0,14.94,6.61,5.15,4.46
西红柿,12,2,0,0,0.939,257.21,9.0,21.1,0,10.2,7.43,2.42,4.56
香蕉,12,2,0,0,0.906,258.77,8.0,24.4,0,10.47,9.1,7.47,3.3
黄瓜,12,2,0,0,0.953,238.3,5.95,23.6,0,9.16,12.98,7.06,9.52
土豆,13,2,0,0,0.993,129.12,4.0,21.7,0,31.59,10.86,12.31,10.28
芒果,13,2,0,0,0.841,276.92,15.0,22.0,0,2.46,3.68,0.95,0.53
苹果,13,2,0,0,0.962,250.74,12.0,25.5,0,9.78,5.43,6.01,0.75
草莓,13,2,0,0,0.702,293.51,52.0,31.7,0,0.78,0.18,0.97,0.41
葡萄,13,2,0,0,0.861,287.0,23.0,25.0,1,1.34,2.2,1.11,1.17
西瓜,13,2,0,0,0.968,246.47,7.8,23.4,0,15.68,26.33,9.75,10.06
西红柿,13,2,0,0,0.927,252.65,10.35,23.0,0,6.93,8.25,4.77,3.25
香蕉,13,2,0,0,0.877,255.47,8.0,27.8,0,5.03,2.16,4.64,2.1
黄瓜,13,2,0,0,0.943,228.78,4.9,23.6,0,10.41,4.57,2.72,3.17
土豆,14,2,0,0,0.991,118.84,4.0,26.1,0,11.87,7.73,13.85,6.16
芒果,14,2,0,0,0.797,276.39,19.5,25.0,0,2.17,1.73,1.43,1.89
苹果,14,2,0,0,0.956,249.99,15.6,24.2,1,3.9,4.92,3.4,2.19
草莓,14,2,0,0,0.661,293.1,40.0,21.8,0,0.18,0.3,0.58,0.18
葡萄,14,2,0,0,0.826,285.83,17.0,26.3,0,0.53,1.13,1.5,0.38
西瓜,14,2,0,0,0.96,236.41,6.0,27.0,0,4.46,7.69,15.19,6.91
西红柿,14,2,0,0,0.914,249.4,7.65,23.9,0,4.56,4.7,2.5,4.39
香蕉,14,2,0,0,0.855,253.37,9.2,23.7,0,3.3,3.26,2.64,2.56
黄瓜,14,2,0,0,0.933,225.61,7.0,23.6,0,9.52,1.38,2.13,2.19
土豆,15,2,0,0,0.99,112.68,4.0,22.8,1,10.28,3.89,3.74,26.81
芒果,15,2,0,0,0.737,274.5,10.5,29.5,0,0.53,1.04,0.53,1.18
苹果,15,2,0,0,0.949,247.8,13.8,27.0,0,0.75,3.39,3.51,8.23
草莓,15,2,0,0,0.605,292.92,34.0,24.3,1,0.41,0.2,0.18,1.1
葡萄,15,2,0,0,0.792,285.45,26.0,25.4,0,1.17,0.82,0.38,1.8
西瓜,15,2,0,0,0.953,229.5,5.1,24.7,0,10.06,7.97,11.77,40.98
西红柿,15,2,0,0,0.898,245.01,7.65,27.3,0,3.25,2.9,3.18,21.22
香蕉,15,2,0,0,0.829,250.81,8.0,25.9,0,2.1,0.9,0.9,5.34
黄瓜,15,2,0,0,0.925,223.42,8.05,20.5,0,3.17,1.91,5.33,4.67
土豆,16,2,0,0,0.989,85.87,4.0,23.9,1,6.16,10.96,43.23,42.25
芒果,16,2,0,0,0.7,273.32,15.0,23.0,1,1.89,2.68,2.2,4.64
苹果,16,2,0,0,0.943,239.57,12.0,22.7,0,2.19,8.29,3.45,7.36
草莓,16,2,0,0,0.532,291.82,24.0,27.2,0,0.18,1.2,0.68,0.68
葡萄,16,2,0,0,0.763,283.65,23.0,23.7,0,0.38,6.16,2.82,1.1
西瓜,16,2,0,0,0.946,188.52,6.0,26.3,0,6.91,52.36,22.21,40.2
西红柿,16,2,0,0,0.885,223.79,6.3,24.5,0,4.39,3.75,7.71,14.9
香蕉,16,2,0,0,0.807,245.47,5.6,23.4,1,2.56,10.49,8.19,5.38
黄瓜,16,2,0,0,0.916,218.75,9.1,22.7,0,2.19,14.02,15.24,19.22
土豆,17,2,0,0,0.988,43.62,4.0,22.7,0,26.81,43.29,42.45,30.31
芒果,17,2,0,0,0.667,268.68,12.75,22.3,0,1.18,3.87,8.1,5.81
苹果,17,2,0,0,0.937,232.21,13.8,22.7,0,8.23,17.79,4.4,3.85
草莓,17,2,0,0,0.49,291.14,24.0,22.0,1,1.1,0.57,1.12,0.5
葡萄,17,2,0,0,0.738,282.55,26.0,21.9,0,1.8,2.35,2.37,1.11
西瓜,17,2,0,0,0.939,148.32,5.1,24.3,0,40.98,34.19,41.69,37.98
西红柿,17,2,0,0,0.874,208.89,6.3,21.0,0,21.22,12.75,9.45,18.3
香蕉,17,2,0,0,0.782,240.09,9.2,25.4,0,5.34,11.94,8.45,7.27
黄瓜,17,2,0,0,0.905,199.53,7.0,25.1,0,4.67,18.43,9.31,9.34
土豆,18,2,0,0,0.987,13.31,4.0,23.6,0,42.25,16.83,34.87,13.31
芒果,18,2,0,0,0.645,262.87,12.75,19.2,0,4.64,3.64,0.96,5.42
苹果,18,2,0,0,0.931,228.36,15.6,24.0,0,7.36,9.51,16.14,7.78
草莓,18,2,0,0,0.472,290.64,24.0,18.0,1,0.68,1.34,0.86,1.21
葡萄,18,2,0,0,0.714,281.44,20.0,21.7,1,1.1,1.28,1.68,2.41
西瓜,18,2,0,0,0.932,110.34,6.9,26.8,0,40.2,5.43,5.53,51.06
西红柿,18,2,0,0,0.865,190.59,9.0,19.5,0,14.9,12.74,26.54,11.27
香蕉,18,2,0,0,0.768,232.82,8.0,19.8,0,5.38,4.48,13.01,3.24
黄瓜,18,2,0,0,0.898,190.19,8.05,18.2,1,19.22,11.47,5.62,21.63
土豆,19,2,0,0,0.986,0.0,4.0,19.4,0,30.31,34.05,35.82,0.0
芒果,19,2,0,0,0.628,257.45,10.5,17.7,0,5.81,5.34,1.62,4.16
苹果,19,2,0,0,0.926,220.58,13.8,19.5,0,3.85,12.13,14.41,16.62
草莓,19,2,0,0,0.424,289.43,24.0,23.0,0,0.5,1.83,0.64,0.71
葡萄,19,2,0,0,0.699,279.03,20.0,17.9,0,1.11,3.71,3.48,4.85
西瓜,19,2,0,0,0.927,59.28,4.2,20.4,0,37.98,2.65,30.82,3.29
西红柿,19,2,0,0,0.856,179.32,9.0,17.8,0,18.3,6.19,10.71,19.89
香蕉,19,2,0,0,0.757,229.58,10.4,17.7,0,7.27,8.25,7.08,12.53
黄瓜,19,2,0,0,0.889,168.56,5.95,21.7,0,9.34,5.66,18.98,23.07
土豆,20,2,0,0,0.985,0.0,2.4,18.6,0,13.31,53.0,2.88,0.0
芒果,20,2,0,0,0.612,253.29,9.0,17.6,0,5.42,4.54,4.69,1.85
苹果,20,2,0,0,0.923,203.96,7.2,12.8,0,7.78,14.24,17.64,5.16
草莓,20,2,0,0,0.418,288.72,24.0,13.0,0,1.21,1.03,1.69,0.18
葡萄,20,2,0,0,0.678,274.18,12.0,20.6,0,2.41,4.9,6.31,1.55
西瓜,20,2,0,0,0.924,55.99,3.6,14.4,1,51.06,9.88,6.75,2.53
西红柿,20,2,0,0,0.849,159.43,5.4,15.8,0,11.27,19.44,18.11,4.91
香蕉,20,2,0,0,0.741,217.05,4.8,20.5,0,3.24,12.46,13.94,1.76
黄瓜,20,2,0,0,0.883,145.49,4.2,16.6,0,21.63,14.06,19.39,7.18
土豆,21,2,0,0,0.984,0.0,2.4,15.6,0,0.0,0.0,0.0,0.0
芒果,21,2,0,0,0.607,251.44,9.0,11.5,0,4.16,0.98,1.55,0.0
苹果,21,2,0,0,0.92,198.8,7.2,13.0,0,16.62,4.39,6.28,0.0
草莓,21,2,0,0,0.412,288.54,24.0,15.3,0,0.71,0.49,0.41,0.0
葡萄,21,2,0,0,0.669,272.63,12.0,15.3,0,4.85,1.56,1.83,0.14
西瓜,21,2,0,0,0.921,53.46,3.6,14.4,0,3.29,1.8,2.23,0.0
西红柿,21,2,0,0,0.843,154.52,5.4,15.0,0,19.89,6.98,4.99,0.12
香蕉,21,2,0,0,0.733,215.29,4.8,16.0,1,12.53,5.68,5.2,0.0
黄瓜,21,2,0,0,0.876,138.31,4.2,18.2,0,23.07,6.13,5.85,0.0
土豆,22,2,0,0,0.983,0.0,2.4,12.3,0,0.0,0.0,0.0,0.0
芒果,22,2,0,0,0.594,251.44,9.0,16.8,1,1.85,0.0,0.07,0.0
苹果,22,2,0,0,0.918,198.8,7.2,11.7,1,5.16,0.0,0.0,0.0
草莓,22,2,0,0,0.406,288.54,24.0,12.7,0,0.18,0.0,0.0,0.0
葡萄,22,2,0,0,0.665,272.49,12.0,13.1,0,1.55,0.0,0.0,0.0
西瓜,22,2,0,0,0.919,53.46,3.6,11.8,0,2.53,0.0,0.0,0.0
西红柿,22,2,0,0,0.838,154.4,5.4,13.2,0,4.91,0.0,0.0,0.0
香蕉,22,2,0,0,0.73,215.29,4.8,12.3,0,1.76,0.0,0.13,0.0
黄瓜,22,2,0,0,0.87,138.31,4.2,15.1,0,7.18,0.0,0.05,0.0
土豆,23,2,0,0,0.983,0.0,2.4,14.5,0,0.0,0.0,0.0,0.0
芒果,23,2,0,0,0.589,251.44,9.0,13.1,0,0.0,0.0,0.0,0.0
苹果,23,2,0,0,0.916,198.8,7.2,9.2,1,0.0,0.0,0.0,0.0
草莓,23,2,0,0,0.4,288.54,24.0,8.4,0,0.0,0.0,0.0,0.0
葡萄,23,2,0,0,0.661,272.49,12.0,9.9,0,0.14,0.0,0.0,0.0
西瓜,23,2,0,0,0.917,53.46,3.6,12.0,0,0.0,0.0,0.0,0.0
西红柿,23,2,0,0,0.835,154.4,5.4,10.9,0,0.12,0.0,0.0,0.06
香蕉,23,2,0,0,0.725,215.29,4.8,14.8,0,0.0,0.0,0.0,0.0
黄瓜,23,2,0,0,0.866,138.31,4.2,12.5,1,0.0,0.0,0.0,0.0
土豆,0,3,0,0,0.982,0.0,5.2,10.7,0,0.0,0.0,0.0,0.0
芒果,0,3,0,0,0.584,251.44,9.0,11.4,0,0.0,0.19,0.03,0.0
苹果,0,3,0,0,0.914,198.8,10.2,9.4,0,0.0,0.0,0.0,0.0
草莓,0,3,0,0,0.394,288.54,24.0,7.3,0,0.0,0.0,0.0,0.0
葡萄,0,3,0,0,0.657,272.49,17.0,9.7,0,0.0,0.0,0.0,0.0
西瓜,0,3,0,0,0.915,53.46,6.0,11.7,0,0.0,0.0,0.0,0.0
西红柿,0,3,0,0,0.833,154.34,9.0,8.1,0,0.0,0.0,0.0,0.0
香蕉,0,3,0,0,0.722,215.29,8.0,8.6,0,0.0,0.0,0.0,0.0
黄瓜,0,3,0,0,0.864,138.31,8.05,8.3,0,0.0,0.0,0.0,0.0
土豆,1,3,0,0,0.982,0.0,2.8,8.7,1,0.0,0.0,0.0,0.0
芒果,1,3,0,0,0.579,251.44,9.0,9.7,0,0.0,0.0,0.0,0.0
苹果,1,3,0,0,0.911,198.8,12.0,12.7,0,0.0,0.21,0.0,0.1
草莓,1,3,0,0,0.388,288.54,24.0,10.8,0,0.0,0.0,0.0,0.0
葡萄,1,3,0,0,0.653,272.49,23.0,11.5,0,0.0,0.0,0.0,0.0
西瓜,1,3,0,0,0.913,53.46,6.0,11.8,0,0.0,0.0,0.0,0.0
西红柿,1,3,0,0,0.829,154.34,7.65,12.0,1,0.06,0.0,0.0,0.0
香蕉,1,3,0,0,0.719,215.29,8.0,12.3,0,0.0,0.0,0.0,0.02
黄瓜,1,3,0,0,0.862,138.31,7.0,8.3,0,0.0,0.0,0.0,0.0
土豆,2,3,0,0,0.981,0.0,4.0,11.6,0,0.0,0.0,0.0,0.0
芒果,2,3,0,0,0.574,251.44,9.0,8.3,0,0.0,0.0,0.0,0.0
苹果,2,3,0,0,0.91,198.7,12.0,7.0,0,0.0,0.0,0.0,0.14
草莓,2,3,0,0,0.382,288.54,24.0,11.8,0,0.0,0.0,0.0,0.0
葡萄,2,3,0,0,0.649,272.49,26.0,8.4,0,0.0,0.0,0.0,0.0
西瓜,2,3,0,0,0.912,53.46,5.1,9.3,0,0.0,0.0,0.0,0.0
西红柿,2,3,0,0,0.827,154.34,9.0,8.6,1,0.0,0.0,0.0,0.0
香蕉,2,3,0,0,0.716,215.27,9.2,5.4,0,0.0,0.0,0.0,0.0
黄瓜,2,3,0,0,0.861,138.31,8.05,5.4,1,0.0,0.0,0.0,0.0
土豆,3,3,0,0,0.981,0.0,2.8,10.5,0,0.0,0.0,0.0,0.0
芒果,3,3,0,0,0.569,251.44,9.0,9.8,0,0.0,0.0,0.0,0.0
苹果,3,3,0,0,0.909,198.56,13.8,8.9,0,0.1,0.02,0.0,0.04
草莓,3,3,0,0,0.376,288.54,24.0,7.0,0,0.0,0.0,0.0,0.0
葡萄,3,3,0,0,0.645,272.49,20.0,6.0,1,0.0,0.0,0.0,0.0
西瓜,3,3,0,0,0.911,53.46,7.8,9.6,0,0.0,0.0,0.0,0.0
西红柿,3,3,0,0,0.824,154.34,9.0,10.4,0,0.0,0.0,0.0,0.0
香蕉,3,3,0,0,0.713,215.27,5.6,11.4,0,0.02,0.0,0.0,0.0
黄瓜,3,3,0,0,0.858,138.31,7.0,10.3,0,0.0,0.0,0.0,0.0
土豆,4,3,0,0,0.98,0.0,4.0,9.8,1,0.0,0.0,0.0,0.0
芒果,4,3,0,0,0.564,251.44,9.0,10.6,0,0.0,0.0,0.0,0.0
苹果,4,3,0,0,0.907,198.52,10.2,9.1,0,0.14,0.0,0.0,0.0
草莓,4,3,0,0,0.37,288.54,24.0,7.2,0,0.0,0.0,0.0,0.03
葡萄,4,3,0,0,0.641,272.49,14.0,8.7,0,0.0,0.0,0.0,0.0
西瓜,4,3,0,0,0.91,53.46,6.9,10.1,0,0.0,0.0,0.0,0.0
西红柿,4,3,0,0,0.822,154.34,7.65,9.1,0,0.0,0.0,0.0,0.0
香蕉,4,3,0,0,0.71,215.27,8.0,7.9,0,0.0,0.0,0.0,0.0
黄瓜,4,3,0,0,0.854,138.31,5.95,12.5,0,0.0,0.0,0.0,0.0
土豆,5,3,0,0,0.979,0.0,4.0,15.6,0,0.0,0.0,0.0,12.25
芒果,5,3,0,0,0.559,251.44,9.0,13.0,0,0.0,0.0,0.0,2.66
苹果,5,3,0,0,0.904,198.52,15.6,12.2,0,0.04,0.0,0.04,3.05
草莓,5,3,0,0,0.364,288.51,24.0,9.8,0,0.0,0.0,0.0,0.33
葡萄,5,3,0,0,0.637,272.49,20.0,9.7,0,0.0,0.0,0.0,0.74
西瓜,5,3,0,0,0.908,53.46,6.0,10.1,0,0.0,0.0,0.0,1.8
西红柿,5,3,0,0,0.819,154.34,9.0,11.0,0,0.0,0.0,0.0,3.25
香蕉,5,3,0,0,0.707,215.27,6.8,9.4,0,0.0,0.0,0.0,1.16
黄瓜,5,3,0,0,0.85,138.31,7.0,12.6,0,0.0,0.0,0.0,2.39
土豆,6,3,0,0,1.0,287.75,3.4,16.3,0,0.0,5.68,7.88,18.34
芒果,6,3,0,0,1.0,297.34,10.5,15.0,0,0.0,3.88,2.48,2.41
苹果,6,3,0,0,1.0,296.95,12.0,14.3,0,0.0,1.22,1.08,7.22
草莓,6,3,0,0,1.0,299.67,46.0,11.5,1,0.03,0.18,0.45,0.69
葡萄,6,3,0,0,1.0,299.26,26.0,8.4,0,0.0,0.64,0.94,3.96
西瓜,6,3,0,0,1.0,298.2,6.0,13.7,0,0.0,1.8,1.8,4.21
西红柿,6,3,0,0,1.0,296.75,10.35,14.8,0,0.0,2.28,6.95,11.36
香蕉,6,3,0,0,1.0,298.84,10.4,13.0,0,0.0,1.15,0.9,20.13
黄瓜,6,3,0,0,1.0,297.61,8.05,12.9,0,0.0,4.45,3.33,8.42
土豆,7,3,0,0,0.999,269.41,4.0,14.9,0,12.25,42.27,30.95,21.84
芒果,7,3,0,0,0.995,294.93,19.5,12.4,0,2.66,2.41,9.88,6.53
苹果,7,3,0,0,0.996,289.73,12.0,15.8,0,3.05,6.08,3.51,8.65
草莓,7,3,0,0,0.994,298.98,52.0,13.7,0,0.33,2.8,1.29,1.83
葡萄,7,3,0,0,0.994,295.3,20.0,14.3,0,0.74,4.58,6.91,1.64
西瓜,7,3,0,0,0.996,293.99,6.0,17.0,0,1.8,5.17,6.79,4.49
西红柿,7,3,0,0,0.991,285.39,9.0,18.3,0,3.25,10.99,8.52,13.22
香蕉,7,3,0,0,0.991,278.71,5.6,16.7,0,1.16,6.0,15.06,10.85
黄瓜,7,3,0,0,0.995,289.19,8.05,14.8,0,2.39,13.0,15.2,11.41
土豆,8,3,0,0,0.999,247.57,4.0,14.7,0,18.34,15.46,23.98,13.82
芒果,8,3,0,0,0.978,288.4,12.75,17.8,0,2.41,8.53,2.06,2.17
苹果,8,3,0,0,0.992,281.08,10.2,16.5,0,7.22,9.04,6.79,6.32
草莓,8,3,0,0,0.985,297.15,40.0,16.5,0,0.69,1.04,1.66,1.55
葡萄,8,3,0,0,0.985,293.66,26.0,15.8,0,3.96,0.84,7.51,2.69
西瓜,8,3,0,0,0.993,289.5,6.0,15.5,0,4.21,1.8,5.42,3.09
西红柿,8,3,0,0,0.984,272.17,9.0,16.0,0,11.36,3.05,17.34,3.1
香蕉,8,3,0,0,0.978,267.86,6.8,19.2,0,20.13,8.89,8.22,6.01
黄瓜,8,3,0,0,0.988,277.78,7.0,17.3,0,8.42,16.94,13.56,3.11
土豆,9,3,0,0,0.997,233.75,4.0,20.9,0,21.84,30.79,11.06,10.11
芒果,9,3,0,0,0.962,286.23,17.25,17.7,0,6.53,1.32,0.79,0.68
苹果,9,3,0,0,0.988,274.76,10.2,18.4,0,8.65,3.29,6.57,1.32
草莓,9,3,0,0,0.968,295.6,34.0,17.8,0,1.83,0.49,1.27,0.24
葡萄,9,3,0,0,0.966,290.97,20.0,19.7,0,1.64,1.82,4.06,1.47
西瓜,9,3,0,0,0.989,286.41,6.0,17.1,0,4.49,1.8,1.8,2.91
西红柿,9,3,0,0,0.976,269.07,9.0,18.3,1,13.22,6.34,6.39,3.19
香蕉,9,3,0,0,0.966,261.85,8.0,18.3,0,10.85,5.96,2.26,1.38
黄瓜,9,3,0,0,0.982,274.67,9.1,17.0,0,11.41,2.65,14.48,4.79
土豆,10,3,0,0,0.997,223.64,4.0,18.6,0,13.82,5.15,2.4,11.43
芒果,10,3,0,0,0.928,285.55,19.5,22.3,0,2.17,0.53,1.96,3.42
苹果,10,3,0,0,0.983,273.44,15.6,20.8,0,6.32,5.79,0.75,6.57
草莓,10,3,0,0,0.933,295.36,52.0,20.8,0,1.55,0.67,0.52,0.51
葡萄,10,3,0,0,0.942,289.5,17.0,21.2,0,2.69,0.48,1.0,1.04
西瓜,10,3,0,0,0.983,283.5,6.0,22.3,1,3.09,7.88,6.49,22.24
西红柿,10,3,0,0,0.962,265.88,9.0,24.3,0,3.1,3.0,5.12,6.96
香蕉,10,3,0,0,0.95,260.47,8.0,20.5,1,6.01,3.73,3.95,3.86
黄瓜,10,3,0,0,0.974,269.88,7.0,19.8,0,3.11,5.09,6.07,19.43
土豆,11,3,0,0,0.996,212.21,4.6,19.2,0,10.11,28.07,20.4,22.42
芒果,11,3,0,0,0.886,282.13,15.0,24.6,0,0.68,1.78,1.71,3.71
苹果,11,3,0,0,0.977,266.87,12.0,23.0,0,1.32,10.16,5.81,5.68
草莓,11,3,0,0,0.87,294.85,52.0,25.6,0,0.24,0.35,1.05,0.58
葡萄,11,3,0,0,0.916,288.46,26.0,22.7,0,1.47,2.77,5.17,1.11
西瓜,11,3,0,0,0.977,261.26,5.1,21.9,0,2.91,14.94,11.66,11.06
西红柿,11,3,0,0,0.951,258.92,9.0,21.4,0,3.19,10.2,3.41,12.6
香蕉,11,3,0,0,0.932,256.61,9.2,21.7,0,1.38,10.47,12.32,2.24
黄瓜,11,3,0,0,0.964,250.45,4.9,23.1,0,4.79,9.16,18.61,5.82
土豆,12,3,0,0,0.994,189.79,2.8,22.7,1,11.43,31.59,21.87,16.75
芒果,12,3,0,0,0.847,278.42,15.0,23.7,0,3.42,2.46,5.46,0.94
苹果,12,3,0,0,0.97,261.19,12.0,26.6,0,6.57,9.78,10.6,1.64
草莓,12,3,0,0,0.801,294.27,46.0,26.5,0,0.51,0.78,1.77,0.57
葡萄,12,3,0,0,0.881,287.35,26.0,25.9,0,1.04,1.34,0.98,1.04
西瓜,12,3,0,0,0.97,250.2,6.0,26.0,0,22.24,15.68,14.09,3.85
西红柿,12,3,0,0,0.936,246.32,7.65,26.4,0,6.96,6.93,2.96,4.66
香蕉,12,3,0,0,0.909,254.37,8.0,24.2,1,3.86,5.03,3.59,9.01
黄瓜,12,3,0,0,0.952,244.63,8.05,27.8,0,19.43,10.41,5.06,4.2
土豆,13,3,0,0,0.993,173.04,4.0,25.9,0,22.42,11.87,20.99,6.62
芒果,13,3,0,0,0.812,277.48,19.5,22.8,0,3.71,2.17,2.67,1.16
苹果,13,3,0,0,0.963,259.55,12.0,24.7,1,5.68,3.9,1.93,2.63
草莓,13,3,0,0,0.741,293.7,40.0,25.0,0,0.58,0.18,0.83,0.18
葡萄,13,3,0,0,0.846,286.31,14.0,26.0,1,1.11,0.53,2.31,1.23
西瓜,13,3,0,0,0.963,246.35,7.8,26.0,0,11.06,4.46,4.76,4.34
西红柿,13,3,0,0,0.922,241.66,9.0,25.9,0,12.6,4.56,4.28,1.05
香蕉,13,3,0,0,0.883,245.36,5.6,26.0,0,2.24,3.3,3.57,0.9
黄瓜,13,3,0,0,0.941,240.43,8.05,25.3,0,5.82,9.52,7.15,9.08
土豆,14,3,0,0,0.992,166.42,4.6,25.9,0,16.75,10.28,9.7,8.86
芒果,14,3,0,0,0.767,276.32,15.0,25.2,0,0.94,0.53,1.69,1.93
苹果,14,3,0,0,0.957,256.92,12.0,24.0,0,1.64,0.75,1.11,0.75
草莓,14,3,0,0,0.696,293.52,52.0,22.5,0,0.57,0.41,0.51,0.53
葡萄,14,3,0,0,0.808,285.08,20.0,27.0,0,1.04,1.17,1.23,1.26
西瓜,14,3,0,0,0.956,242.01,7.8,26.1,0,3.85,10.06,7.75,5.09
西红柿,14,3,0,0,0.907,240.61,11.7,27.1,1,4.66,3.25,3.9,1.38
香蕉,14,3,0,0,0.86,244.46,9.2,24.2,1,9.01,2.1,3.27,1.1
黄瓜,14,3,0,0,0.93,231.35,4.9,26.1,0,4.2,3.17,3.67,4.15
土豆,15,3,0,0,0.991,157.56,4.0,24.2,0,6.62,6.16,7.06,19.86
芒果,15,3,0,0,0.717,274.39,10.5,26.8,0,1.16,1.89,1.25,2.15
苹果,15,3,0,0,0.951,256.17,15.6,24.3,1,2.63,2.19,2.34,5.58
草莓,15,3,0,0,0.628,292.99,28.0,26.3,0,0.18,0.18,0.55,1.4
葡萄,15,3,0,0,0.784,283.82,20.0,21.9,0,1.23,0.38,0.4,3.03
西瓜,15,3,0,0,0.95,236.92,6.9,21.8,0,4.34,6.91,5.09,19.14
西红柿,15,3,0,0,0.893,239.23,11.7,24.5,0,1.05,4.39,2.8,13.45
香蕉,15,3,0,0,0.831,243.36,10.4,27.1,0,0.9,2.56,1.09,2.69
黄瓜,15,3,0,0,0.917,227.2,7.0,29.5,0,9.08,2.19,6.32,12.67
土豆,16,3,0,0,0.989,137.7,4.6,26.6,0,8.86,26.81,33.89,78.49
芒果,16,3,0,0,0.684,272.24,10.5,22.0,1,1.93,1.18,3.82,0.85
苹果,16,3,0,0,0.944,250.59,12.0,25.2,0,0.75,8.23,7.98,7.49
草莓,16,3,0,0,0.569,291.59,24.0,24.9,0,0.53,1.1,2.0,1.38
葡萄,16,3,0,0,0.76,280.79,20.0,21.3,0,1.26,1.8,2.41,3.56
西瓜,16,3,0,0,0.944,217.78,6.0,23.0,0,5.09,40.98,19.97,44.77
西红柿,16,3,0,0,0.883,225.78,7.65,20.8,0,1.38,21.22,12.56,11.54
香蕉,16,3,0,0,0.806,240.67,10.4,25.5,0,1.1,5.34,8.35,5.82
黄瓜,16,3,0,0,0.907,214.53,7.0,24.1,0,4.15,4.67,14.61,18.54
土豆,17,3,0,0,0.988,59.21,2.8,26.1,0,19.86,42.25,32.33,16.07
芒果,17,3,0,0,0.636,271.39,19.5,26.1,0,2.15,4.64,0.93,1.19
苹果,17,3,0,0,0.938,243.1,13.8,23.7,0,5.58,7.36,18.04,3.7
草莓,17,3,0,0,0.526,290.21,24.0,22.1,0,1.4,0.68,1.27,1.32
葡萄,17,3,0,0,0.73,277.23,20.0,24.1,0,3.03,1.1,3.21,3.23
西瓜,17,3,0,0,0.937,173.01,4.2,25.1,0,19.14,40.2,11.73,31.08
西红柿,17,3,0,0,0.872,214.24,9.0,21.1,1,13.45,14.9,27.92,9.55
香蕉,17,3,0,0,0.788,234.85,9.2,21.5,0,2.69,5.38,16.79,5.83
黄瓜,17,3,0,0,0.898,195.99,7.0,22.4,0,12.67,19.22,27.62,20.15
土豆,18,3,0,0,0.987,43.14,4.6,21.1,1,78.49,30.31,31.29,27.06
芒果,18,3,0,0,0.607,270.2,19.5,21.0,0,0.85,5.81,1.25,1.18
苹果,18,3,0,0,0.933,239.4,15.6,21.9,0,7.49,3.85,13.35,10.74
草莓,18,3,0,0,0.503,288.89,24.0,18.9,0,1.38,0.5,0.46,1.29
葡萄,18,3,0,0,0.707,274.0,20.0,21.4,0,3.56,1.11,3.53,2.12
西瓜,18,3,0,0,0.932,141.93,6.0,19.5,0,44.77,37.98,4.97,8.66
西红柿,18,3,0,0,0.861,204.69,9.0,20.8,1,11.54,18.3,17.22,22.86
香蕉,18,3,0,0,0.77,229.02,9.2,21.9,0,5.82,7.27,1.65,7.1
黄瓜,18,3,0,0,0.888,175.84,5.95,23.0,0,18.54,9.34,16.57,15.94
土豆,19,3,0,0,0.986,16.08,4.0,21.1,0,16.07,13.31,13.99,16.08
芒果,19,3,0,0,0.602,269.02,19.5,14.8,0,1.19,5.42,5.24,3.95
苹果,19,3,0,0,0.928,228.66,12.0,17.8,0,3.7,7.78,3.82,13.59
草莓,19,3,0,0,0.48,287.6,24.0,18.7,0,1.32,1.21,0.62,1.0
葡萄,19,3,0,0,0.687,271.88,23.0,20.0,0,3.23,2.41,4.96,2.03
西瓜,19,3,0,0,0.928,133.27,6.0,18.7,1,31.08,51.06,2.79,35.18
西红柿,19,3,0,0,0.853,181.83,6.3,18.2,0,9.55,11.27,14.88,22.57
香蕉,19,3,0,0,0.754,221.92,8.0,20.2,0,5.83,3.24,9.02,10.59
黄瓜,19,3,0,0,0.881,159.9,7.0,18.5,0,20.15,21.63,23.47,16.7
土豆,20,3,0,0,0.985,0.0,2.4,17.0,0,27.06,0.0,32.21,0.0
芒果,20,3,0,0,0.597,265.07,9.0,12.1,0,1.18,4.16,6.46,1.33
苹果,20,3,0,0,0.924,215.07,7.2,18.3,0,10.74,16.62,14.56,6.37
草莓,20,3,0,0,0.474,286.6,24.0,15.6,0,1.29,0.71,1.65,0.18
葡萄,20,3,0,0,0.667,269.85,12.0,19.8,1,2.12,4.85,6.1,1.26
西瓜,20,3,0,0,0.922,98.09,3.6,22.2,0,8.66,3.29,6.42,2.04
西红柿,20,3,0,0,0.846,159.26,5.4,15.5,0,22.86,19.89,21.59,7.21
香蕉,20,3,0,0,0.74,211.33,4.8,19.7,0,7.1,12.53,10.82,4.36
黄瓜,20,3,0,0,0.875,143.2,4.2,15.4,1,15.94,23.07,19.85,8.11
土豆,21,3,0,0,0.984,0.0,2.4,20.1,0,16.08,0.0,0.0,0.0
芒果,21,3,0,0,0.592,263.74,9.0,14.3,0,3.95,1.85,1.57,0.0
苹果,21,3,0,0,0.921,208.7,7.2,13.4,0,13.59,5.16,4.99,0.0
草莓,21,3,0,0,0.467,286.42,24.0,16.2,1,1.0,0.18,0.61,0.0
葡萄,21,3,0,0,0.663,268.59,12.0,12.2,0,2.03,1.55,0.56,0.0
西瓜,21,3,0,0,0.918,96.05,3.6,15.5,0,35.18,2.53,2.23,0.0
西红柿,21,3,0,0,0.843,152.05,5.4,11.1,0,22.57,4.91,7.85,0.0
香蕉,21,3,0,0,0.731,206.97,4.8,17.0,0,10.59,1.76,3.58,0.0
黄瓜,21,3,0,0,0.87,135.09,4.2,14.4,0,16.7,7.18,7.96,0.0
土豆,22,3,0,0,0.983,0.0,2.4,13.7,0,0.0,0.0,0.0,0.0
芒果,22,3,0,0,0.587,263.74,9.0,11.2,0,1.33,0.0,0.0,0.0
苹果,22,3,0,0,0.919,208.7,7.2,9.3,0,6.37,0.0,0.0,0.0
草莓,22,3,0,0,0.461,286.42,24.0,12.3,0,0.18,0.0,0.0,0.0
葡萄,22,3,0,0,0.659,268.59,12.0,13.4,0,1.26,0.14,0.0,0.0
西瓜,22,3,0,0,0.916,96.05,3.6,11.8,0,2.04,0.0,0.0,0.0
西红柿,22,3,0,0,0.839,152.05,5.4,11.5,0,7.21,0.12,0.0,0.04
香蕉,22,3,0,0,0.725,206.97,4.8,14.9,1,4.36,0.0,0.0,0.0
黄瓜,22,3,0,0,0.866,135.09,4.2,12.4,0,8.11,0.0,0.26,0.09
土豆,23,3,0,0,0.983,0.0,2.4,16.3,0,0.0,0.0,0.0,0.0
芒果,23,3,0,0,0.582,263.74,9.0,10.4,0,0.0,0.0,0.0,0.0
苹果,23,3,0,0,0.916,208.7,7.2,11.8,0,0.0,0.0,0.0,0.0
草莓,23,3,0,0,0.455,286.42,24.0,14.2,0,0.0,0.0,0.0,0.0
葡萄,23,3,0,0,0.655,268.59,12.0,12.3,0,0.0,0.0,0.0,0.0
西瓜,23,3,0,0,0.915,96.05,3.6,9.8,0,0.0,0.0,0.0,0.0
西红柿,23,3,0,0,0.835,152.01,5.4,11.7,0,0.0,0.0,0.0,0.0
香蕉,23,3,0,0,0.722,206.97,4.8,12.5,0,0.0,0.0,0.0,0.0
黄瓜,23,3,0,0,0.861,135.0,4.2,14.8,0,0.0,0.0,0.0,0.0
土豆,0,4,0,0,0.982,0.0,4.0,12.5,1,0.0,0.0,0.0,0.0
芒果,0,4,0,0,0.577,263.74,9.0,11.7,1,0.0,0.0,0.0,0.0
苹果,0,4,0,0,0.914,208.7,12.0,11.0,0,0.0,0.0,0.0,0.0
草莓,0,4,0,0,0.449,286.42,24.0,11.0,0,0.0,0.0,0.0,0.0
葡萄,0,4,0,0,0.651,268.59,23.0,10.3,0,0.0,0.0,0.0,0.0
西瓜,0,4,0,0,0.913,96.05,6.0,12.1,0,0.0,0.0,0.03,0.0
西红柿,0,4,0,0,0.833,152.01,9.0,6.9,0,0.04,0.06,0.0,0.0
香蕉,0,4,0,0,0.719,206.97,8.0,11.3,1,0.0,0.0,0.0,0.0
黄瓜,0,4,0,0,0.858,135.0,8.05,10.4,0,0.09,0.0,0.0,0.0
土豆,1,4,0,0,0.982,0.0,4.6,7.7,0,0.0,0.0,0.0,0.0
芒果,1,4,0,0,0.572,263.74,9.0,12.1,1,0.0,0.0,0.08,0.0
苹果,1,4,0,0,0.912,208.7,12.0,10.9,0,0.0,0.0,0.0,0.0
草莓,1,4,0,0,0.443,286.42,24.0,7.2,1,0.0,0.0,0.0,0.0
葡萄,1,4,0,0,0.647,268.59,17.0,9.4,1,0.0,0.0,0.0,0.17
西瓜,1,4,0,0,0.912,96.05,7.8,10.1,0,0.0,0.0,0.0,0.0
西红柿,1,4,0,0,0.831,152.01,9.0,10.0,0,0.0,0.0,0.0,0.0
香蕉,1,4,0,0,0.716,206.97,8.0,8.2,0,0.0,0.0,0.0,0.0
黄瓜,1,4,0,0,0.855,135.0,9.1,11.2,0,0.0,0.0,0.0,0.0
土豆,2,4,0,0,0.981,0.0,4.0,10.1,1,0.0,0.0,0.0,0.0
芒果,2,4,0,0,0.567,263.74,9.0,13.1,1,0.0,0.0,0.0,0.0
苹果,2,4,0,0,0.91,208.7,10.2,7.7,1,0.0,0.1,0.0,0.0
草莓,2,4,0,0,0.437,286.42,24.0,9.5,0,0.0,0.0,0.0,0.0
葡萄,2,4,0,0,0.643,268.42,17.0,8.2,0,0.0,0.0,0.0,0.0
西瓜,2,4,0,0,0.911,96.05,6.0,4.9,0,0.0,0.0,0.0,0.0
西红柿,2,4,0,0,0.827,152.01,6.3,12.0,0,0.0,0.0,0.0,0.21
香蕉,2,4,0,0,0.713,206.97,8.0,8.6,0,0.0,0.02,0.06,0.0
黄瓜,2,4,0,0,0.852,135.0,8.05,10.1,0,0.0,0.0,0.0,0.0
土豆,3,4,0,0,0.98,0.0,3.4,13.3,0,0.0,0.0,0.0,0.0
芒果,3,4,0,0,0.562,263.74,9.0,5.9,0,0.0,0.0,0.0,0.0
苹果,3,4,0,0,0.909,208.7,12.0,8.6,1,0.0,0.14,0.0,0.0
草莓,3,4,0,0,0.431,286.42,24.0,9.1,0,0.0,0.0,0.0,0.0
葡萄,3,4,0,0,0.639,268.42,20.0,10.0,0,0.17,0.0,0.09,0.0
西瓜,3,4,0,0,0.91,96.05,6.0,8.9,0,0.0,0.0,0.0,0.0
西红柿,3,4,0,0,0.825,151.8,9.0,8.0,0,0.0,0.0,0.0,0.0
香蕉,3,4,0,0,0.71,206.97,8.0,9.8,1,0.0,0.0,0.0,0.0
黄瓜,3,4,0,0,0.848,135.0,4.9,11.9,0,0.0,0.0,0.0,0.0
土豆,4,4,0,0,0.98,0.0,4.0,11.5,0,0.0,0.0,0.0,0.0
芒果,4,4,0,0,0.557,263.74,9.0,11.4,0,0.0,0.0,0.0,0.0
苹果,4,4,0,0,0.907,208.7,8.4,9.7,0,0.0,0.04,0.0,0.0
草莓,4,4,0,0,0.425,286.42,24.0,9.3,1,0.0,0.0,0.0,0.0
葡萄,4,4,0,0,0.635,268.42,17.0,13.3,0,0.0,0.0,0.0,0.0
西瓜,4,4,0,0,0.908,96.05,6.0,12.0,0,0.0,0.0,0.17,0.0
西红柿,4,4,0,0,0.823,151.8,9.0,8.1,0,0.21,0.0,0.0,0.0
香蕉,4,4,0,0,0.707,206.97,8.0,9.0,0,0.0,0.0,0.0,0.0
黄瓜,4,4,0,0,0.846,135.0,7.0,8.2,0,0.0,0.0,0.0,0.09
土豆,5,4,0,0,0.979,0.0,4.0,14.4,0,0.0,0.0,0.0,7.36
芒果,5,4,0,0,0.552,263.74,9.0,10.9,0,0.0,0.0,0.0,1.92
苹果,5,4,0,0,0.904,208.7,8.4,14.4,0,0.0,0.0,0.0,1.56
草莓,5,4,0,0,0.419,286.42,24.0,13.1,1,0.0,0.03,0.0,0.5
葡萄,5,4,0,0,0.631,268.42,17.0,10.4,0,0.0,0.0,0.0,0.53
西瓜,5,4,0,0,0.904,96.05,6.0,16.4,0,0.0,0.0,0.0,2.32
西红柿,5,4,0,0,0.818,151.8,6.3,12.9,0,0.0,0.0,0.16,2.41
香蕉,5,4,0,0,0.698,206.97,8.0,16.7,0,0.0,0.0,0.0,4.18
黄瓜,5,4,0,0,0.84,134.91,4.9,15.5,0,0.0,0.0,0.0,6.94
土豆,6,4,0,0,1.0,292.64,4.0,13.0,0,0.0,12.25,10.72,28.65
芒果,6,4,0,0,1.0,298.08,15.0,12.6,0,0.0,2.66,0.84,2.47
苹果,6,4,0,0,1.0,298.44,8.4,17.3,1,0.0,3.05,0.96,14.97
草莓,6,4,0,0,1.0,299.5,40.0,12.3,0,0.0,0.33,1.79,2.36
葡萄,6,4,0,0,1.0,299.47,20.0,13.9,1,0.0,0.74,2.35,4.2
西瓜,6,4,0,0,1.0,297.68,4.2,11.9,0,0.0,1.8,1.8,7.64
西红柿,6,4,0,0,1.0,297.59,10.35,12.7,0,0.0,3.25,2.96,9.78
香蕉,6,4,0,0,1.0,295.82,8.0,12.9,0,0.0,1.16,1.34,14.69
黄瓜,6,4,0,0,1.0,293.06,5.95,15.1,0,0.09,2.39,2.45,5.22
土豆,7,4,0,0,0.999,263.99,3.4,14.0,0,7.36,18.34,9.96,15.61
芒果,7,4,0,0,0.995,295.61,12.75,13.6,1,1.92,2.41,0.75,6.17
苹果,7,4,0,0,0.997,283.47,8.4,14.7,0,1.56,7.22,5.83,6.73
草莓,7,4,0,0,0.994,297.14,34.0,14.1,0,0.5,0.69,0.83,0.92
葡萄,7,4,0,0,0.996,295.27,20.0,12.6,0,0.53,3.96,6.63,1.66
西瓜,7,4,0,0,0.996,290.04,6.0,18.5,1,2.32,4.21,4.35,18.05
西红柿,7,4,0,0,0.993,287.81,9.0,16.3,0,2.41,11.36,15.28,7.1
香蕉,7,4,0,0,0.995,281.13,6.8,14.5,0,4.18,20.13,2.96,6.55
黄瓜,7,4,0,0,0.995,287.84,9.1,13.4,0,6.94,8.42,15.01,11.45
土豆,8,4,0,0,0.998,248.38,4.0,16.7,0,28.65,21.84,17.78,24.0
芒果,8,4,0,0,0.985,289.44,15.0,16.0,0,2.47,6.53,5.46,5.47
苹果,8,4,0,0,0.992,276.74,13.8,19.4,0,14.97,8.65,3.52,5.8
草莓,8,4,0,0,0.983,296.22,46.0,16.8,0,2.36,1.83,1.62,1.71
葡萄,8,4,0,0,0.982,293.61,26.0,17.5,0,4.2,1.64,2.77,1.87
西瓜,8,4,0,0,0.991,271.99,6.0,18.7,0,7.64,4.49,3.42,2.77
西红柿,8,4,0,0,0.982,280.71,9.0,20.5,1,9.78,13.22,10.66,4.41
香蕉,8,4,0,0,0.981,274.58,5.6,19.4,1,14.69,10.85,11.26,3.28
黄瓜,8,4,0,0,0.988,276.39,7.0,18.3,1,5.22,11.41,5.21,3.1
土豆,9,4,0,0,0.997,224.38,3.4,20.7,0,15.61,13.82,31.68,6.26
芒果,9,4,0,0,0.967,283.97,12.75,18.2,0,6.17,2.17,5.28,3.27
苹果,9,4,0,0,0.987,270.94,12.0,19.8,0,6.73,6.32,2.0,5.67
草莓,9,4,0,0,0.954,294.51,34.0,19.9,0,0.92,1.55,0.99,0.53
葡萄,9,4,0,0,0.966,291.74,20.0,18.5,0,1.66,2.69,4.79,0.38
西瓜,9,4,0,0,0.986,269.22,6.9,21.3,1,18.05,3.09,1.8,3.33
西红柿,9,4,0,0,0.974,276.3,10.35,17.3,0,7.1,3.1,11.19,6.8
香蕉,9,4,0,0,0.961,271.3,5.6,22.7,1,6.55,6.01,5.98,3.1
黄瓜,9,4,0,0,0.982,273.29,9.1,16.8,0,11.45,3.11,6.52,4.4
土豆,10,4,0,0,0.996,218.12,4.0,22.4,0,24.0,10.11,6.71,4.83
芒果,10,4,0,0,0.938,280.7,12.75,21.0,0,5.47,0.68,1.14,2.3
苹果,10,4,0,0,0.981,265.27,8.4,22.1,0,5.8,1.32,1.05,6.48
草莓,10,4,0,0,0.896,293.98,40.0,24.6,0,1.71,0.24,0.65,1.49
葡萄,10,4,0,0,0.942,291.36,26.0,21.8,1,1.87,1.47,1.2,2.27
西瓜,10,4,0,0,0.981,265.89,6.0,18.7,1,2.77,2.91,11.92,5.47
西红柿,10,4,0,0,0.962,269.5,6.3,23.2,0,4.41,3.19,4.01,7.72
香蕉,10,4,0,0,0.949,268.2,8.0,18.5,0,3.28,1.38,3.15,12.52
黄瓜,10,4,0,0,0.974,268.89,7.0,20.7,0,3.1,4.79,2.19,15.1
土豆,11,4,0,0,0.995,213.29,5.2,24.3,1,6.26,11.43,16.23,16.66
芒果,11,4,0,0,0.902,278.4,17.25,22.8,0,3.27,3.42,2.89,5.71
苹果,11,4,0,0,0.975,258.79,10.2,24.3,0,5.67,6.57,5.91,10.06
草莓,11,4,0,0,0.84,292.49,34.0,24.3,0,0.53,0.51,0.74,0.52
葡萄,11,4,0,0,0.91,289.09,20.0,24.4,0,0.38,1.04,3.15,2.24
西瓜,11,4,0,0,0.975,260.42,6.0,22.3,1,3.33,22.24,2.99,4.88
西红柿,11,4,0,0,0.949,261.78,7.65,24.3,0,6.8,6.96,13.91,4.53
香蕉,11,4,0,0,0.926,255.68,5.6,24.3,0,3.1,3.86,4.48,3.74
黄瓜,11,4,0,0,0.964,253.79,5.95,22.2,0,4.4,19.43,9.58,9.99
土豆,12,4,0,0,0.994,196.63,4.0,25.3,0,4.83,22.42,26.75,15.04
芒果,12,4,0,0,0.858,272.69,10.5,25.3,0,2.3,3.71,6.09,2.41
苹果,12,4,0,0,0.969,248.73,8.4,24.3,0,6.48,5.68,3.88,3.95
草莓,12,4,0,0,0.764,291.97,46.0,27.7,0,1.49,0.58,0.68,0.38
葡萄,12,4,0,0,0.877,286.85,20.0,25.4,0,2.27,1.11,1.96,1.66
西瓜,12,4,0,0,0.97,255.54,7.8,21.7,0,5.47,11.06,5.76,15.36
西红柿,12,4,0,0,0.937,257.25,9.0,22.0,0,7.72,12.6,3.25,4.85
香蕉,12,4,0,0,0.898,251.94,9.2,27.0,0,12.52,2.24,3.98,1.63
黄瓜,12,4,0,0,0.954,243.8,7.0,24.0,0,15.1,5.82,9.05,6.32
土豆,13,4,0,0,0.992,181.59,4.0,27.0,0,16.66,16.75,20.93,13.56
芒果,13,4,0,0,0.814,270.28,15.0,24.9,0,5.71,0.94,0.86,0.99
苹果,13,4,0,0,0.962,244.78,12.0,26.6,0,10.06,1.64,3.47,2.68
草莓,13,4,0,0,0.703,291.59,34.0,25.2,1,0.52,0.57,0.24,0.18
葡萄,13,4,0,0,0.836,285.19,20.0,28.2,0,2.24,1.04,1.65,0.53
西瓜,13,4,0,0,0.963,240.18,5.1,24.9,0,4.88,3.85,11.23,2.5
西红柿,13,4,0,0,0.925,252.4,9.0,23.4,0,4.53,4.66,5.29,3.72
香蕉,13,4,0,0,0.875,250.31,10.4,24.5,0,3.74,9.01,5.43,3.69
黄瓜,13,4,0,0,0.943,237.48,7.0,25.6,0,9.99,4.2,2.16,4.75
土豆,14,4,0,0,0.991,168.03,3.4,27.1,0,15.04,6.62,13.1,10.2
芒果,14,4,0,0,0.76,269.29,17.25,27.9,0,2.41,1.16,2.25,0.66
苹果,14,4,0,0,0.955,242.1,12.0,25.9,0,3.95,2.63,2.23,2.81
草莓,14,4,0,0,0.643,291.41,52.0,25.0,0,0.38,0.18,0.27,0.41
葡萄,14,4,0,0,0.803,284.66,26.0,25.4,0,1.66,1.23,0.75,0.66
西瓜,14,4,0,0,0.957,237.68,6.0,23.0,1,15.36,4.34,1.8,11.71
西红柿,14,4,0,0,0.909,248.68,9.0,27.1,0,4.85,1.05,2.59,2.92
香蕉,14,4,0,0,0.851,246.62,5.6,24.7,0,1.63,0.9,3.23,3.3
黄瓜,14,4,0,0,0.933,232.73,7.0,25.6,0,6.32,9.08,3.85,2.89
土豆,15,4,0,0,0.99,157.83,4.0,25.6,0,13.56,8.86,11.34,20.27
芒果,15,4,0,0,0.697,268.63,17.25,30.1,0,0.99,1.93,0.93,0.53
苹果,15,4,0,0,0.949,239.29,12.0,24.4,0,2.68,0.75,1.33,12.06
草莓,15,4,0,0,0.582,291.0,24.0,25.2,0,0.18,0.53,0.41,1.0
葡萄,15,4,0,0,0.768,284.0,20.0,26.0,0,0.53,1.26,0.48,1.04
西瓜,15,4,0,0,0.948,225.97,6.0,28.5,0,2.5,5.09,2.97,10.69
西红柿,15,4,0,0,0.897,245.76,9.0,23.1,0,3.72,1.38,1.36,11.06
香蕉,15,4,0,0,0.828,243.32,6.8,24.4,0,3.69,1.1,3.12,7.59
黄瓜,15,4,0,0,0.922,229.84,7.0,25.1,0,4.75,4.15,3.2,9.5
土豆,16,4,0,0,0.988,137.56,4.0,27.5,0,10.2,19.86,49.88,23.4
芒果,16,4,0,0,0.652,268.1,19.5,25.3,0,0.66,2.15,2.4,1.09
苹果,16,4,0,0,0.941,227.23,10.2,28.0,0,2.81,5.58,9.18,10.08
草莓,16,4,0,0,0.515,290.0,24.0,26.1,0,0.41,1.4,1.72,0.47
葡萄,16,4,0,0,0.737,282.96,26.0,24.3,0,0.66,3.03,4.91,1.93
西瓜,16,4,0,0,0.943,215.28,5.1,22.0,1,11.71,19.14,14.43,34.21
西红柿,16,4,0,0,0.886,234.7,6.3,21.9,1,2.92,13.45,15.51,3.95
香蕉,16,4,0,0,0.811,235.73,8.0,20.6,0,3.3,2.69,6.38,7.37
黄瓜,16,4,0,0,0.911,220.34,8.05,25.4,0,2.89,12.67,7.74,22.61
土豆,17,4,0,0,0.987,114.16,4.6,19.8,0,20.27,78.49,51.6,28.02
芒果,17,4,0,0,0.604,267.01,19.5,26.1,0,0.53,0.85,3.96,7.0
苹果,17,4,0,0,0.934,217.15,12.0,25.5,0,12.06,7.49,3.6,5.62
草莓,17,4,0,0,0.459,289.53,24.0,24.3,1,1.0,1.38,1.06,0.78
葡萄,17,4,0,0,0.703,281.03,23.0,25.6,0,1.04,3.56,3.65,2.76
西瓜,17,4,0,0,0.936,181.07,5.1,24.7,0,10.69,44.77,11.09,8.66
西红柿,17,4,0,0,0.871,230.75,11.7,26.0,1,11.06,11.54,16.98,15.82
香蕉,17,4,0,0,0.787,228.36,9.2,24.9,0,7.59,5.82,5.17,18.77
黄瓜,17,4,0,0,0.902,197.73,4.9,23.0,0,9.5,18.54,8.44,6.81
土豆,18,4,0,0,0.987,86.14,4.0,18.8,0,23.4,16.07,33.32,27.02
芒果,18,4,0,0,0.571,260.01,9.0,22.1,0,1.09,1.19,4.56,4.83
苹果,18,4,0,0,0.929,211.53,12.0,21.9,1,10.08,3.7,14.99,15.31
草莓,18,4,0,0,0.403,288.75,24.0,24.4,0,0.47,1.32,0.76,0.81
葡萄,18,4,0,0,0.681,278.27,20.0,20.9,0,1.93,3.23,1.4,1.77
西瓜,18,4,0,0,0.93,172.41,6.0,22.6,1,34.21,31.08,3.61,31.43
西红柿,18,4,0,0,0.859,214.93,9.0,23.2,0,3.95,9.55,9.49,13.86
香蕉,18,4,0,0,0.771,209.59,5.6,20.9,0,7.37,5.83,4.82,6.92
黄瓜,18,4,0,0,0.891,190.92,9.1,24.6,0,22.61,20.15,6.36,16.74
土豆,19,4,0,0,0.986,59.12,4.6,18.2,0,28.02,27.06,0.0,47.1
芒果,19,4,0,0,0.544,255.18,9.0,20.5,0,7.0,1.18,7.06,4.23
苹果,19,4,0,0,0.923,196.22,10.2,22.2,0,5.62,10.74,10.68,15.03
草莓,19,4,0,0,0.359,287.94,24.0,22.3,0,0.78,1.29,1.38,0.18
葡萄,19,4,0,0,0.661,276.5,20.0,20.1,0,2.76,2.12,3.67,3.58
西瓜,19,4,0,0,0.925,140.98,5.1,20.5,0,8.66,8.66,27.62,7.73
西红柿,19,4,0,0,0.848,201.07,9.0,20.9,0,15.82,22.86,12.47,14.75
香蕉,19,4,0,0,0.759,202.67,8.0,18.4,0,18.77,7.1,7.95,11.74
黄瓜,19,4,0,0,0.883,174.18,7.0,20.2,0,6.81,15.94,24.81,16.53
土豆,20,4,0,0,0.985,12.02,2.4,16.3,0,27.02,16.08,0.0,12.02
芒果,20,4,0,0,0.532,250.95,9.0,16.7,0,4.83,3.95,5.22,1.07
苹果,20,4,0,0,0.919,181.19,7.2,16.2,0,15.31,13.59,17.94,5.47
草莓,20,4,0,0,0.344,287.76,24.0,17.5,1,0.81,1.0,0.45,0.18
葡萄,20,4,0,0,0.65,272.92,12.0,16.1,0,1.77,2.03,4.86,1.08
西瓜,20,4,0,0,0.922,133.25,3.6,15.1,0,31.43,35.18,8.03,11.71
西红柿,20,4,0,0,0.84,186.32,5.4,17.3,0,13.86,22.57,13.1,4.66
香蕉,20,4,0,0,0.75,190.93,4.8,16.3,0,6.92,10.59,9.85,1.41
黄瓜,20,4,0,0,0.878,157.65,4.2,15.1,1,16.74,16.7,23.73,7.62
土豆,21,4,0,0,0.984,0.0,2.4,13.9,0,47.1,0.0,0.0,0.0
芒果,21,4,0,0,0.522,249.88,9.0,16.0,0,4.23,1.33,1.84,0.0
苹果,21,4,0,0,0.916,175.72,7.2,14.5,0,15.03,6.37,4.72,0.0
草莓,21,4,0,0,0.316,287.58,24.0,19.7,0,0.18,0.18,0.56,0.0
葡萄,21,4,0,0,0.644,271.84,12.0,14.4,0,3.58,1.26,1.59,0.0
西瓜,21,4,0,0,0.917,121.54,3.6,18.0,0,7.73,2.04,3.23,0.0
西红柿,21,4,0,0,0.833,181.66,5.4,15.6,0,14.75,7.21,6.55,0.0
香蕉,21,4,0,0,0.741,189.52,4.8,16.9,1,11.74,4.36,3.54,0.16
黄瓜,21,4,0,0,0.87,150.03,4.2,19.1,0,16.53,8.11,7.02,0.0
土豆,22,4,0,0,0.983,0.0,2.4,13.1,0,12.02,0.0,0.0,0.0
芒果,22,4,0,0,0.513,249.88,9.0,15.7,0,1.07,0.0,0.0,0.0
苹果,22,4,0,0,0.912,175.72,7.2,17.8,0,5.47,0.0,0.0,0.0
草莓,22,4,0,0,0.31,287.58,24.0,15.9,0,0.18,0.0,0.0,0.0
葡萄,22,4,0,0,0.64,271.84,12.0,13.7,1,1.08,0.0,0.0,0.0
西瓜,22,4,0,0,0.914,121.54,3.6,15.0,0,11.71,0.0,0.0,0.0
西红柿,22,4,0,0,0.825,181.66,5.4,17.8,0,4.66,0.0,0.0,0.0
香蕉,22,4,0,0,0.736,189.36,4.8,14.9,0,1.41,0.0,0.0,0.0
黄瓜,22,4,0,0,0.865,150.03,4.2,14.3,1,7.62,0.0,0.0,0.16
土豆,23,4,0,0,0.983,0.0,2.4,12.3,0,0.0,0.0,0.0,0.0
芒果,23,4,0,0,0.508,249.88,9.0,13.6,0,0.0,0.0,0.0,0.0
苹果,23,4,0,0,0.909,175.72,7.2,10.9,0,0.0,0.0,0.0,0.06
草莓,23,4,0,0,0.304,287.58,24.0,12.0,0,0.0,0.0,0.0,0.0
葡萄,23,4,0,0,0.636,271.84,12.0,9.2,1,0.0,0.0,0.0,0.0
西瓜,23,4,0,0,0.912,121.54,3.6,11.2,1,0.0,0.0,0.0,0.0
西红柿,23,4,0,0,0.823,181.66,5.4,9.7,0,0.0,0.04,0.0,0.0
香蕉,23,4,0,0,0.733,189.36,4.8,10.7,0,0.16,0.0,0.0,0.0
黄瓜,23,4,0,0,0.862,149.87,4.2,9.9,0,0.0,0.09,0.0,0.0
土豆,0,5,1,0,0.982,0.0,4.0,8.1,0,0.0,0.0,0.0,0.0
芒果,0,5,1,0,0.503,249.88,9.0,13.6,0,0.0,0.0,0.0,0.0
苹果,0,5,1,0,0.907,175.66,10.2,9.9,0,0.0,0.0,0.0,0.0
草莓,0,5,1,0,0.298,287.58,24.0,9.3,0,0.0,0.0,0.0,0.0
葡萄,0,5,1,0,0.632,271.84,17.0,6.9,0,0.0,0.0,0.01,0.0
西瓜,0,5,1,0,0.91,121.54,6.9,12.6,0,0.0,0.0,0.0,0.0
西红柿,0,5,1,0,0.821,181.66,6.3,9.3,0,0.0,0.0,0.0,0.0
香蕉,0,5,1,0,0.73,189.36,6.8,12.6,0,0.0,0.0,0.0,0.0
黄瓜,0,5,1,0,0.858,149.87,5.95,12.6,0,0.16,0.0,0.0,0.0
土豆,1,5,1,0,0.982,0.0,4.6,6.8,1,0.0,0.0,0.0,0.0
芒果,1,5,1,0,0.498,249.88,9.0,12.0,0,0.0,0.0,0.0,0.0
苹果,1,5,1,0,0.906,175.66,12.0,8.7,0,0.06,0.0,0.0,0.0
草莓,1,5,1,0,0.292,287.58,24.0,10.3,0,0.0,0.0,0.0,0.0
葡萄,1,5,1,0,0.628,271.84,26.0,10.7,0,0.0,0.0,0.14,0.0
西瓜,1,5,1,0,0.909,121.54,6.0,10.5,0,0.0,0.0,0.0,0.0
西红柿,1,5,1,0,0.815,181.66,9.0,14.0,0,0.0,0.0,0.0,0.0
香蕉,1,5,1,0,0.727,189.36,8.0,10.9,0,0.0,0.0,0.0,0.0
黄瓜,1,5,1,0,0.855,149.87,7.0,11.3,1,0.0,0.0,0.33,0.0
土豆,2,5,1,0,0.981,0.0,4.0,13.5,1,0.0,0.0,0.0,0.0
芒果,2,5,1,0,0.493,249.88,9.0,9.5,1,0.0,0.0,0.0,0.0
苹果,2,5,1,0,0.905,175.66,8.4,4.8,0,0.0,0.0,0.0,0.0
草莓,2,5,1,0,0.286,287.58,24.0,9.9,0,0.0,0.0,0.0,0.0
葡萄,2,5,1,0,0.624,271.84,26.0,9.6,0,0.0,0.17,0.0,0.0
西瓜,2,5,1,0,0.907,121.54,5.1,10.5,0,0.0,0.0,0.0,0.0
西红柿,2,5,1,0,0.813,181.66,9.0,5.6,0,0.0,0.0,0.07,0.0
香蕉,2,5,1,0,0.724,189.36,8.0,11.4,0,0.0,0.0,0.0,0.0
黄瓜,2,5,1,0,0.852,149.87,7.0,9.4,0,0.0,0.0,0.0,0.0
土豆,3,5,1,0,0.981,0.0,4.0,12.9,0,0.0,0.0,0.0,0.0
芒果,3,5,1,0,0.488,249.88,9.0,7.6,0,0.0,0.0,0.0,0.0
苹果,3,5,1,0,0.903,175.66,12.0,9.5,0,0.0,0.0,0.0,0.0
草莓,3,5,1,0,0.28,287.58,24.0,12.4,0,0.0,0.0,0.0,0.0
葡萄,3,5,1,0,0.62,271.84,26.0,6.8,0,0.0,0.0,0.0,0.0
西瓜,3,5,1,0,0.906,121.54,5.1,9.9,0,0.0,0.0,0.0,0.0
西红柿,3,5,1,0,0.81,181.66,9.0,11.7,0,0.0,0.21,0.0,0.0
香蕉,3,5,1,0,0.721,189.36,6.8,7.6,0,0.0,0.0,0.0,0.01
黄瓜,3,5,1,0,0.849,149.87,7.0,10.3,0,0.0,0.0,0.0,0.0
土豆,4,5,1,0,0.98,0.0,2.8,7.4,0,0.0,0.0,0.0,0.0
芒果,4,5,1,0,0.483,249.88,9.0,8.4,1,0.0,0.0,0.0,0.0
苹果,4,5,1,0,0.901,175.66,13.8,11.1,1,0.0,0.0,0.0,0.0
草莓,4,5,1,0,0.274,287.58,24.0,9.8,0,0.0,0.0,0.0,0.0
葡萄,4,5,1,0,0.616,271.84,20.0,9.9,0,0.0,0.0,0.0,0.12
西瓜,4,5,1,0,0.904,121.54,7.8,12.5,0,0.0,0.0,0.0,0.0
西红柿,4,5,1,0,0.808,181.66,9.0,7.8,0,0.0,0.0,0.0,0.0
香蕉,4,5,1,0,0.718,189.35,9.2,10.9,0,0.0,0.0,0.0,0.0
黄瓜,4,5,1,0,0.847,149.87,7.0,9.1,1,0.0,0.0,0.0,0.0
土豆,5,5,1,0,0.98,0.0,4.0,12.7,0,0.0,0.0,0.0,11.75
芒果,5,5,1,0,0.478,249.88,9.0,13.2,1,0.0,0.0,0.0,3.21
苹果,5,5,1,0,0.899,175.66,8.4,10.6,0,0.0,0.0,0.0,6.62
草莓,5,5,1,0,0.268,287.58,24.0,10.3,0,0.0,0.0,0.0,1.38
葡萄,5,5,1,0,0.612,271.72,26.0,8.0,0,0.0,0.0,0.0,1.14
西瓜,5,5,1,0,0.902,121.54,4.2,13.1,1,0.0,0.0,0.06,2.21
西红柿,5,5,1,0,0.804,181.66,9.0,11.1,0,0.0,0.0,0.0,13.5
香蕉,5,5,1,0,0.714,189.35,9.2,14.2,0,0.01,0.0,0.0,3.54
黄瓜,5,5,1,0,0.842,149.87,8.05,13.9,0,0.0,0.09,0.0,6.69
土豆,6,5,1,0,1.0,288.25,2.8,13.0,1,0.0,7.36,6.22,28.47
芒果,6,5,1,0,1.0,296.79,15.0,13.7,0,0.0,1.92,3.16,15.96
苹果,6,5,1,0,1.0,293.38,10.2,9.1,0,0.0,1.56,4.12,12.78
草莓,6,5,1,0,1.0,298.62,34.0,16.4,0,0.0,0.5,1.46,2.6
葡萄,6,5,1,0,1.0,298.86,14.0,12.2,1,0.12,0.53,0.79,3.2
西瓜,6,5,1,0,1.0,297.79,6.0,14.9,0,0.0,2.32,2.58,1.8
西红柿,6,5,1,0,1.0,286.5,6.3,13.0,0,0.0,2.41,4.98,4.61
香蕉,6,5,1,0,1.0,296.46,9.2,13.1,0,0.0,4.18,4.64,23.92
黄瓜,6,5,1,0,1.0,293.31,7.0,9.7,0,0.0,6.94,3.02,6.8
土豆,7,5,1,0,0.999,259.78,4.0,15.3,0,11.75,28.65,12.38,29.12
芒果,7,5,1,0,0.988,280.83,10.5,16.6,0,3.21,2.47,13.04,9.25
苹果,7,5,1,0,0.996,280.6,12.0,18.3,0,6.62,14.97,12.04,3.86
草莓,7,5,1,0,0.986,296.02,40.0,17.4,0,1.38,2.36,5.09,2.06
葡萄,7,5,1,0,0.996,295.66,23.0,12.9,0,1.14,4.2,5.14,4.8
西瓜,7,5,1,0,0.997,295.99,6.0,14.0,1,2.21,7.64,1.8,28.39
西红柿,7,5,1,0,0.991,281.89,11.7,19.2,0,13.5,9.78,16.58,6.13
香蕉,7,5,1,0,0.995,272.54,6.8,14.8,0,3.54,14.69,10.19,18.18
黄瓜,7,5,1,0,0.996,286.51,9.1,13.0,0,6.69,5.22,29.79,10.28
土豆,8,5,1,0,0.998,230.66,4.0,18.0,0,28.47,15.61,15.29,9.42
芒果,8,5,1,0,0.979,271.58,12.75,15.6,0,15.96,6.17,6.3,3.82
苹果,8,5,1,0,0.991,276.74,15.6,17.8,0,12.78,6.73,1.97,7.41
草莓,8,5,1,0,0.96,293.96,40.0,19.2,0,2.6,0.92,3.68,2.25
葡萄,8,5,1,0,0.98,290.86,20.0,18.5,0,3.2,1.66,6.75,1.68
西瓜,8,5,1,0,0.993,267.6,6.0,19.0,0,1.8,18.05,10.67,18.82
西红柿,8,5,1,0,0.984,275.76,11.7,15.8,0,4.61,7.1,17.68,2.24
香蕉,8,5,1,0,0.985,254.36,8.0,17.2,0,23.92,6.55,14.0,0.97
黄瓜,8,5,1,0,0.988,276.23,7.0,19.0,1,6.8,11.45,16.05,10.04
土豆,9,5,1,0,0.997,221.24,5.2,21.5,0,29.12,24.0,24.93,5.6
芒果,9,5,1,0,0.964,267.76,17.25,17.3,0,9.25,5.47,2.19,1.25
苹果,9,5,1,0,0.987,269.33,12.0,16.9,0,3.86,5.8,12.31,6.77
草莓,9,5,1,0,0.916,291.71,28.0,22.4,0,2.06,1.71,1.71,1.09
葡萄,9,5,1,0,0.962,289.18,14.0,19.0,1,4.8,1.87,1.54,2.16
西瓜,9,5,1,0,0.988,248.78,5.1,18.7,0,28.39,2.77,12.06,9.86
西红柿,9,5,1,0,0.971,273.52,10.35,24.3,1,6.13,4.41,5.58,7.69
香蕉,9,5,1,0,0.974,253.39,10.4,17.8,1,18.18,3.28,8.08,5.67
黄瓜,9,5,1,0,0.98,266.19,7.0,19.4,0,10.28,3.1,11.91,6.31
土豆,10,5,1,0,0.996,215.64,5.2,17.4,0,9.42,6.26,20.74,40.33
芒果,10,5,1,0,0.943,266.51,19.5,19.0,0,3.82,3.27,4.15,4.99
苹果,10,5,1,0,0.981,262.56,10.2,22.7,0,7.41,5.67,3.73,6.23
草莓,10,5,1,0,0.852,290.62,28.0,25.7,0,2.25,0.53,0.47,1.0
葡萄,10,5,1,0,0.934,287.02,17.0,23.1,0,1.68,0.38,1.86,3.36
西瓜,10,5,1,0,0.984,238.92,6.0,18.6,0,18.82,3.33,6.81,5.19
西红柿,10,5,1,0,0.961,265.83,9.0,19.4,0,2.24,6.8,6.79,16.41
香蕉,10,5,1,0,0.956,247.72,8.0,21.9,0,0.97,3.1,6.85,13.89
黄瓜,10,5,1,0,0.972,259.88,4.9,20.8,1,10.04,4.4,7.38,10.9
土豆,11,5,1,0,0.995,175.31,3.4,21.4,0,5.6,4.83,16.59,16.41
芒果,11,5,1,0,0.894,261.52,15.0,26.4,0,1.25,2.3,3.67,4.4
苹果,11,5,1,0,0.975,256.33,13.8,24.9,0,6.77,6.48,2.38,8.08
草莓,11,5,1,0,0.808,289.62,46.0,22.3,0,1.09,1.49,1.38,0.97
葡萄,11,5,1,0,0.906,283.66,20.0,23.4,0,2.16,2.27,3.97,3.37
西瓜,11,5,1,0,0.976,233.73,7.8,26.3,1,9.86,5.47,10.51,21.54
西红柿,11,5,1,0,0.948,249.42,7.65,23.3,0,7.69,7.72,3.97,5.78
香蕉,11,5,1,0,0.934,233.83,5.6,23.7,0,5.67,12.52,5.54,5.96
黄瓜,11,5,1,0,0.962,248.98,8.05,24.5,0,6.31,15.1,9.55,4.65
土豆,12,5,1,0,0.994,158.9,4.6,25.7,0,40.33,16.66,29.25,8.24
芒果,12,5,1,0,0.848,257.12,15.0,25.6,0,4.99,5.71,5.92,0.7
苹果,12,5,1,0,0.967,248.25,12.0,27.9,0,6.23,10.06,12.85,7.34
草莓,12,5,1,0,0.755,288.65,40.0,23.9,0,1.0,0.52,1.75,0.46
葡萄,12,5,1,0,0.874,280.29,20.0,24.7,0,3.36,2.24,1.48,4.47
西瓜,12,5,1,0,0.971,212.19,5.1,22.0,0,5.19,4.88,39.02,30.84
西红柿,12,5,1,0,0.935,243.64,9.0,24.9,1,16.41,4.53,12.83,7.14
香蕉,12,5,1,0,0.911,227.87,9.2,24.2,0,13.89,3.74,11.19,3.75
黄瓜,12,5,1,0,0.952,244.33,9.1,23.4,0,10.9,9.99,5.75,4.22
土豆,13,5,1,0,0.993,150.66,5.2,24.9,0,16.41,15.04,17.26,10.02
芒果,13,5,1,0,0.807,256.42,15.0,24.2,1,4.4,2.41,3.14,0.96
苹果,13,5,1,0,0.96,240.91,12.0,29.2,0,8.08,3.95,2.74,2.7
草莓,13,5,1,0,0.685,288.19,46.0,26.6,0,0.97,0.38,0.84,0.28
葡萄,13,5,1,0,0.841,275.82,14.0,25.2,0,3.37,1.66,0.71,1.28
西瓜,13,5,1,0,0.963,181.35,6.0,27.6,0,21.54,15.36,15.79,3.74
西红柿,13,5,1,0,0.92,236.5,7.65,26.2,0,5.78,4.85,11.11,1.96
香蕉,13,5,1,0,0.887,224.12,9.2,24.7,0,5.96,1.63,3.17,4.69
黄瓜,13,5,1,0,0.941,240.11,9.1,26.1,0,4.65,6.32,10.74,3.83
土豆,14,5,1,0,0.992,140.64,3.4,25.5,1,8.24,13.56,13.3,13.85
芒果,14,5,1,0,0.756,255.46,19.5,27.0,0,0.7,0.99,1.9,1.65
苹果,14,5,1,0,0.953,238.21,13.8,24.4,0,7.34,2.68,4.43,2.61
草莓,14,5,1,0,0.633,287.91,40.0,23.7,0,0.46,0.18,0.65,0.18
葡萄,14,5,1,0,0.813,274.54,20.0,23.1,0,4.47,0.53,0.56,1.49
西瓜,14,5,1,0,0.955,177.61,6.0,27.0,1,30.84,2.5,6.98,3.66
西红柿,14,5,1,0,0.905,234.54,11.7,26.4,0,7.14,3.72,7.62,5.04
香蕉,14,5,1,0,0.857,219.43,8.0,27.9,0,3.75,3.69,1.99,3.22
黄瓜,14,5,1,0,0.93,236.28,7.0,24.6,1,4.22,4.75,4.55,6.61
土豆,15,5,1,0,0.99,126.79,4.0,27.3,0,10.02,10.2,2.65,66.61
芒果,15,5,1,0,0.718,253.81,12.75,23.5,0,0.96,0.66,1.96,3.26
苹果,15,5,1,0,0.946,235.6,13.8,27.9,0,2.7,2.81,0.86,10.91
草莓,15,5,1,0,0.573,287.73,24.0,25.0,1,0.28,0.41,0.32,1.43
葡萄,15,5,1,0,0.79,273.05,20.0,21.2,0,1.28,0.66,3.02,3.36
西瓜,15,5,1,0,0.949,173.95,7.8,22.6,0,3.74,11.71,6.73,55.09
西红柿,15,5,1,0,0.889,229.5,6.3,29.1,1,1.96,2.92,4.97,24.98
香蕉,15,5,1,0,0.832,216.21,9.2,25.6,0,4.69,3.3,2.85,3.72
黄瓜,15,5,1,0,0.921,229.67,4.9,22.9,1,3.83,2.89,4.85,31.91
土豆,16,5,1,0,0.989,60.18,2.8,24.9,0,13.85,20.27,41.03,45.46
芒果,16,5,1,0,0.678,250.55,15.0,24.1,0,1.65,0.53,5.52,2.23
苹果,16,5,1,0,0.94,224.69,12.0,23.1,0,2.61,12.06,11.01,15.34
草莓,16,5,1,0,0.496,286.3,24.0,27.8,0,0.18,1.0,1.56,2.06
葡萄,16,5,1,0,0.762,269.69,20.0,23.2,0,1.49,1.04,2.95,1.6
西瓜,16,5,1,0,0.943,118.86,4.2,22.3,0,3.66,10.69,22.3,34.9
西红柿,16,5,1,0,0.874,204.52,6.3,26.4,0,5.04,11.06,13.25,6.44
香蕉,16,5,1,0,0.813,212.49,6.8,21.9,1,3.22,7.59,3.65,5.74
黄瓜,16,5,1,0,0.91,197.76,5.95,25.8,0,6.61,9.5,13.52,44.69
土豆,17,5,1,0,0.988,14.72,4.0,24.5,0,66.61,23.4,45.65,14.72
芒果,17,5,1,0,0.649,248.32,19.5,20.9,0,3.26,1.09,5.69,2.1
苹果,17,5,1,0,0.936,209.35,12.0,18.3,0,10.91,10.08,6.48,19.41
草莓,17,5,1,0,0.454,284.24,24.0,22.0,0,1.43,0.47,0.84,1.32
葡萄,17,5,1,0,0.735,268.09,17.0,23.0,1,3.36,1.93,4.78,4.13
西瓜,17,5,1,0,0.939,83.96,6.0,18.3,0,55.09,34.21,71.69,34.79
西红柿,17,5,1,0,0.863,198.08,11.7,20.6,0,24.98,3.95,21.27,22.3
香蕉,17,5,1,0,0.791,206.75,10.4,23.9,0,3.72,7.37,15.28,11.8
黄瓜,17,5,1,0,0.9,153.07,4.9,24.0,0,31.91,22.61,22.3,20.54
土豆,18,5,1,0,0.987,0.0,4.6,17.9,0,45.46,28.02,19.94,0.0
芒果,18,5,1,0,0.628,246.22,19.5,19.1,0,2.23,7.0,6.85,6.68
苹果,18,5,1,0,0.93,189.94,12.0,23.2,0,15.34,5.62,21.31,33.23
草莓,18,5,1,0,0.42,282.92,24.0,20.7,0,2.06,0.78,3.02,1.51
葡萄,18,5,1,0,0.707,263.96,20.0,23.1,0,1.6,2.76,4.84,8.14
西瓜,18,5,1,0,0.933,49.17,6.0,21.5,0,34.9,8.66,38.72,8.64
西红柿,18,5,1,0,0.852,175.78,9.0,22.2,0,6.44,15.82,11.46,17.85
香蕉,18,5,1,0,0.765,194.95,8.0,25.9,0,5.74,18.77,14.21,11.17
黄瓜,18,5,1,0,0.89,132.53,7.0,23.6,0,44.69,6.81,39.26,31.44
土豆,19,5,1,0,0.986,0.0,4.0,21.3,0,14.72,27.02,34.77,0.0
芒果,19,5,1,0,0.605,239.54,10.5,19.4,0,2.1,4.83,2.3,6.58
苹果,19,5,1,0,0.923,156.71,8.4,23.8,0,19.41,15.31,4.38,18.0
草莓,19,5,1,0,0.389,281.41,24.0,20.1,0,1.32,0.81,0.48,0.82
葡萄,19,5,1,0,0.682,255.82,14.0,22.1,0,4.13,1.77,3.57,6.03
西瓜,19,5,1,0,0.929,40.53,6.0,17.1,0,34.79,31.43,3.78,10.89
西红柿,19,5,1,0,0.843,157.93,7.65,18.2,0,22.3,13.86,21.64,16.34
香蕉,19,5,1,0,0.75,183.78,8.0,19.8,0,11.8,6.92,4.82,17.89
黄瓜,19,5,1,0,0.882,101.09,7.0,19.8,0,20.54,16.74,21.16,38.22
土豆,20,5,1,0,0.985,0.0,2.4,18.3,0,0.0,47.1,0.0,0.0
芒果,20,5,1,0,0.578,232.96,9.0,20.6,0,6.68,4.23,8.7,2.05
苹果,20,5,1,0,0.919,138.71,7.2,17.6,0,33.23,15.03,23.46,8.65
草莓,20,5,1,0,0.353,280.59,24.0,21.0,0,1.51,0.18,1.66,0.19
葡萄,20,5,1,0,0.673,249.79,12.0,15.5,0,8.14,3.58,6.8,1.96
西瓜,20,5,1,0,0.927,29.64,3.6,12.2,0,8.64,7.73,14.46,3.87
西红柿,20,5,1,0,0.834,141.59,5.4,18.5,1,17.85,14.75,27.47,8.46
香蕉,20,5,1,0,0.741,165.89,4.8,16.9,0,11.17,11.74,13.5,5.67
黄瓜,20,5,1,0,0.877,62.87,4.2,14.9,0,31.44,16.53,37.9,7.1
土豆,21,5,1,0,0.984,0.0,2.4,18.0,0,0.0,12.02,0.0,0.0
芒果,21,5,1,0,0.562,230.91,9.0,17.4,0,6.58,1.07,0.87,0.0
苹果,21,5,1,0,0.916,130.06,7.2,13.8,0,18.0,5.47,5.03,0.0
草莓,21,5,1,0,0.346,280.4,24.0,16.2,1,0.82,0.18,0.66,0.0
葡萄,21,5,1,0,0.669,247.83,12.0,13.7,0,6.03,1.08,2.32,0.0
西瓜,21,5,1,0,0.923,25.77,3.6,17.1,0,10.89,11.71,2.84,0.0
西红柿,21,5,1,0,0.828,133.13,5.4,14.8,0,16.34,4.66,10.1,0.0
香蕉,21,5,1,0,0.732,160.22,4.8,16.6,0,17.89,1.41,5.62,0.0
黄瓜,21,5,1,0,0.871,55.77,4.2,15.8,1,38.22,7.62,5.4,0.0
土豆,22,5,1,0,0.983,0.0,2.4,14.8,0,0.0,0.0,0.0,0.0
芒果,22,5,1,0,0.557,230.91,9.0,14.2,1,2.05,0.0,0.0,0.0
苹果,22,5,1,0,0.914,130.06,7.2,10.5,0,8.65,0.0,0.0,0.0
草莓,22,5,1,0,0.34,280.4,24.0,15.4,0,0.19,0.0,0.0,0.0
葡萄,22,5,1,0,0.66,247.83,12.0,15.5,0,1.96,0.0,0.0,0.0
西瓜,22,5,1,0,0.922,25.77,3.6,10.6,0,3.87,0.0,0.19,0.0
西红柿,22,5,1,0,0.824,133.13,5.4,12.1,0,8.46,0.0,0.0,0.0
香蕉,22,5,1,0,0.724,160.22,4.8,16.3,1,5.67,0.16,0.0,0.0
黄瓜,22,5,1,0,0.867,55.77,4.2,11.9,0,7.1,0.0,0.0,0.0
土豆,23,5,1,0,0.983,0.0,2.4,9.0,0,0.0,0.0,0.0,0.0
芒果,23,5,1,0,0.552,230.91,9.0,12.7,0,0.0,0.0,0.0,0.0
苹果,23,5,1,0,0.912,130.06,7.2,11.2,0,0.0,0.0,0.0,0.0
草莓,23,5,1,0,0.334,280.4,24.0,11.0,0,0.0,0.0,0.0,0.0
葡萄,23,5,1,0,0.656,247.83,12.0,13.3,0,0.0,0.0,0.0,0.0
西瓜,23,5,1,0,0.919,25.77,3.6,14.7,0,0.0,0.0,0.0,0.0
西红柿,23,5,1,0,0.82,133.13,5.4,11.6,0,0.0,0.0,0.16,0.0
香蕉,23,5,1,0,0.721,160.22,4.8,10.7,1,0.0,0.0,0.0,0.0
黄瓜,23,5,1,0,0.863,55.77,4.2,13.0,0,0.0,0.16,0.26,0.0
土豆,0,6,1,0,0.982,0.0,4.0,8.3,0,0.0,0.0,0.0,0.0
芒果,0,6,1,0,0.547,230.91,9.0,12.4,0,0.0,0.0,0.0,0.0
苹果,0,6,1,0,0.908,130.06,13.8,13.7,1,0.0,0.06,0.0,0.0
草莓,0,6,1,0,0.328,280.4,24.0,6.2,0,0.0,0.0,0.0,0.0
葡萄,0,6,1,0,0.652,247.83,14.0,10.4,0,0.0,0.0,0.03,0.0
西瓜,0,6,1,0,0.918,25.77,6.9,7.9,0,0.0,0.0,0.0,0.0
西红柿,0,6,1,0,0.817,133.13,7.65,10.9,0,0.0,0.0,0.0,0.0
香蕉,0,6,1,0,0.717,160.22,8.0,14.0,1,0.0,0.0,0.2,0.0
黄瓜,0,6,1,0,0.859,55.77,4.9,11.8,0,0.0,0.0,0.0,0.0
土豆,1,6,1,0,0.982,0.0,4.6,12.2,0,0.0,0.0,0.0,0.0
芒果,1,6,1,0,0.542,230.91,9.0,11.7,0,0.0,0.0,0.0,0.0
苹果,1,6,1,0,0.907,130.06,12.0,9.0,0,0.0,0.0,0.0,0.0
草莓,1,6,1,0,0.322,280.4,24.0,9.3,0,0.0,0.0,0.0,0.0
葡萄,1,6,1,0,0.648,247.83,20.0,13.5,1,0.0,0.0,0.0,0.0
西瓜,1,6,1,0,0.915,25.77,7.8,14.4,0,0.0,0.0,0.0,0.0
西红柿,1,6,1,0,0.815,133.13,11.7,9.5,0,0.0,0.0,0.0,0.0
香蕉,1,6,1,0,0.714,160.22,8.0,13.9,1,0.0,0.0,0.0,0.0
黄瓜,1,6,1,0,0.857,55.77,7.0,8.7,0,0.0,0.0,0.0,0.0
土豆,2,6,1,0,0.981,0.0,4.6,13.1,0,0.0,0.0,0.0,0.0
芒果,2,6,1,0,0.537,230.91,9.0,8.9,0,0.0,0.0,0.0,0.0
苹果,2,6,1,0,0.905,130.06,12.0,8.6,0,0.0,0.0,0.0,0.0
草莓,2,6,1,0,0.316,280.4,24.0,10.6,0,0.0,0.0,0.0,0.0
葡萄,2,6,1,0,0.644,247.83,14.0,11.3,0,0.0,0.0,0.0,0.07
西瓜,2,6,1,0,0.914,25.77,6.0,8.3,0,0.0,0.0,0.0,0.0
西红柿,2,6,1,0,0.813,133.13,10.35,9.6,1,0.0,0.0,0.0,0.0
香蕉,2,6,1,0,0.711,160.22,6.8,10.2,0,0.0,0.0,0.07,0.0
黄瓜,2,6,1,0,0.854,55.77,5.95,9.3,0,0.0,0.0,0.0,0.0
土豆,3,6,1,0,0.98,0.0,4.0,11.3,0,0.0,0.0,0.0,0.0
芒果,3,6,1,0,0.532,230.91,9.0,8.8,0,0.0,0.0,0.0,0.0
苹果,3,6,1,0,0.904,130.06,12.0,7.9,0,0.0,0.0,0.0,0.0
草莓,3,6,1,0,0.31,280.4,24.0,10.8,0,0.0,0.0,0.0,0.0
葡萄,3,6,1,0,0.64,247.76,17.0,9.9,0,0.0,0.0,0.0,0.0
西瓜,3,6,1,0,0.913,25.77,6.0,10.1,0,0.0,0.0,0.0,0.0
西红柿,3,6,1,0,0.809,133.13,9.0,11.3,0,0.0,0.0,0.0,0.0
香蕉,3,6,1,0,0.708,160.22,6.8,10.9,0,0.0,0.0,0.0,0.0
黄瓜,3,6,1,0,0.852,55.77,9.1,9.6,0,0.0,0.0,0.0,0.0
土豆,4,6,1,0,0.98,0.0,4.0,8.6,0,0.0,0.0,0.0,0.0
芒果,4,6,1,0,0.527,230.91,9.0,12.0,0,0.0,0.0,0.0,0.0
苹果,4,6,1,0,0.902,130.06,8.4,10.9,0,0.0,0.0,0.0,0.0
草莓,4,6,1,0,0.304,280.4,24.0,9.8,0,0.0,0.0,0.0,0.0
葡萄,4,6,1,0,0.636,247.76,14.0,9.4,0,0.07,0.0,0.0,0.0
西瓜,4,6,1,0,0.91,25.77,6.0,12.8,0,0.0,0.0,0.0,0.0
西红柿,4,6,1,0,0.806,133.13,9.0,10.4,0,0.0,0.0,0.0,0.0
香蕉,4,6,1,0,0.705,160.22,10.4,9.8,0,0.0,0.01,0.0,0.0
黄瓜,4,6,1,0,0.847,55.77,7.0,13.4,0,0.0,0.0,0.0,0.0
土豆,5,6,1,0,0.98,0.0,4.6,7.3,0,0.0,0.0,0.0,14.07
芒果,5,6,1,0,0.518,230.91,9.0,15.7,1,0.0,0.0,0.0,2.58
苹果,5,6,1,0,0.899,130.06,12.0,11.3,1,0.0,0.0,0.0,1.95
草莓,5,6,1,0,0.298,280.4,24.0,12.2,0,0.0,0.0,0.0,1.33
葡萄,5,6,1,0,0.632,247.76,20.0,9.0,0,0.0,0.12,0.0,4.12
西瓜,5,6,1,0,0.908,25.77,7.8,12.5,0,0.0,0.0,0.0,3.76
西红柿,5,6,1,0,0.8,133.13,9.0,14.9,0,0.0,0.0,0.0,5.47
香蕉,5,6,1,0,0.702,160.22,8.0,11.3,1,0.0,0.0,0.0,5.9
黄瓜,5,6,1,0,0.844,55.77,5.95,11.2,0,0.0,0.0,0.0,7.26
土豆,6,6,1,0,1.0,285.93,4.0,15.3,0,0.0,11.75,7.16,31.27
芒果,6,6,1,0,1.0,297.42,15.0,13.9,0,0.0,3.21,1.4,5.73
苹果,6,6,1,0,1.0,298.05,8.4,11.4,1,0.0,6.62,5.96,10.48
草莓,6,6,1,0,1.0,298.67,34.0,15.3,0,0.0,1.38,1.56,4.42
葡萄,6,6,1,0,1.0,295.88,14.0,14.6,0,0.0,1.14,1.45,8.12
西瓜,6,6,1,0,1.0,296.24,4.2,12.6,0,0.0,2.21,2.05,2.48
西红柿,6,6,1,0,1.0,294.53,9.0,10.9,0,0.0,13.5,1.16,20.84
香蕉,6,6,1,0,1.0,294.1,8.0,13.5,0,0.0,3.54,1.84,2.95
黄瓜,6,6,1,0,1.0,292.74,7.0,15.0,0,0.0,6.69,5.65,19.04
土豆,7,6,1,0,0.999,254.66,4.0,13.3,0,14.07,28.47,28.76,28.85
芒果,7,6,1,0,0.987,291.69,17.25,16.9,0,2.58,15.96,0.74,9.22
苹果,7,6,1,0,0.995,287.57,12.0,18.7,0,1.95,12.78,9.37,15.54
草莓,7,6,1,0,0.994,294.25,28.0,13.9,0,1.33,2.6,2.23,2.86
葡萄,7,6,1,0,0.992,287.76,17.0,15.0,0,4.12,3.2,1.41,3.58
西瓜,7,6,1,0,0.996,293.76,7.8,16.9,0,3.76,1.8,3.87,5.89
西红柿,7,6,1,0,0.996,273.69,7.65,11.9,0,5.47,4.61,24.9,9.81
香蕉,7,6,1,0,0.993,291.15,9.2,15.7,1,5.9,23.92,28.52,19.36
黄瓜,7,6,1,0,0.995,273.7,7.0,13.6,0,7.26,6.8,19.08,6.09
土豆,8,6,1,0,0.998,225.81,4.0,17.7,0,31.27,29.12,31.72,31.73
芒果,8,6,1,0,0.959,282.47,15.0,20.8,0,5.73,9.25,5.9,0.53
苹果,8,6,1,0,0.991,272.03,10.2,18.0,0,10.48,3.86,18.76,14.38
草莓,8,6,1,0,0.974,291.39,34.0,18.4,0,4.42,2.06,2.93,1.29
葡萄,8,6,1,0,0.969,284.18,23.0,21.4,0,8.12,4.8,4.21,4.02
西瓜,8,6,1,0,0.991,287.87,6.0,19.4,1,2.48,28.39,7.57,7.32
西红柿,8,6,1,0,0.987,263.88,10.35,19.3,0,20.84,6.13,9.26,11.56
香蕉,8,6,1,0,0.981,271.79,5.6,18.4,0,2.95,18.18,12.51,11.21
黄瓜,8,6,1,0,0.99,267.61,8.05,15.4,1,19.04,10.28,11.74,15.51
土豆,9,6,1,0,0.997,194.08,3.4,20.9,0,28.85,9.42,25.78,14.95
芒果,9,6,1,0,0.932,281.94,19.5,20.4,1,9.22,3.82,7.68,4.35
苹果,9,6,1,0,0.986,257.65,8.4,18.4,0,15.54,7.41,6.55,3.31
草莓,9,6,1,0,0.92,290.1,40.0,24.0,0,2.86,2.25,0.32,0.18
葡萄,9,6,1,0,0.953,280.16,20.0,18.5,0,3.58,1.68,5.98,1.84
西瓜,9,6,1,0,0.987,280.55,7.8,18.3,0,5.89,18.82,19.53,11.19
西红柿,9,6,1,0,0.977,252.32,9.0,20.1,0,9.81,2.24,9.57,3.41
香蕉,9,6,1,0,0.958,260.58,6.8,24.1,0,19.36,0.97,12.62,3.47
黄瓜,9,6,1,0,0.982,252.1,5.95,18.8,0,6.09,10.04,8.46,4.57
土豆,10,6,1,0,0.996,179.13,4.0,24.8,0,31.73,5.6,9.89,17.07
芒果,10,6,1,0,0.887,277.59,10.5,25.4,0,0.53,1.25,0.54,6.17
苹果,10,6,1,0,0.981,254.34,12.0,21.6,0,14.38,6.77,0.75,4.16
草莓,10,6,1,0,0.866,289.92,52.0,23.9,1,1.29,1.09,1.32,1.48
葡萄,10,6,1,0,0.932,278.32,20.0,20.4,0,4.02,2.16,2.53,4.15
西瓜,10,6,1,0,0.982,269.36,6.0,20.6,0,7.32,9.86,11.8,5.05
西红柿,10,6,1,0,0.963,248.91,10.35,24.2,0,11.56,7.69,3.43,13.9
香蕉,10,6,1,0,0.942,257.11,9.2,20.8,0,11.21,5.67,7.66,14.72
黄瓜,10,6,1,0,0.973,247.53,8.05,23.0,0,15.51,6.31,8.74,8.33
土豆,11,6,1,0,0.995,162.06,4.0,23.6,1,14.95,40.33,20.93,37.32
芒果,11,6,1,0,0.845,271.42,15.0,24.4,0,4.35,4.99,0.6,1.7
苹果,11,6,1,0,0.975,250.18,15.6,22.5,0,3.31,6.23,17.3,4.21
草莓,11,6,1,0,0.84,288.44,40.0,19.3,0,0.18,1.0,1.61,0.67
葡萄,11,6,1,0,0.902,274.17,20.0,23.8,0,1.84,3.36,1.41,6.01
西瓜,11,6,1,0,0.976,264.31,6.0,23.3,1,11.19,5.19,21.47,9.47
西红柿,11,6,1,0,0.949,235.01,7.65,25.9,0,3.41,16.41,4.65,5.38
香蕉,11,6,1,0,0.922,242.39,6.8,22.7,0,3.47,13.89,11.49,17.8
黄瓜,11,6,1,0,0.962,239.2,7.0,24.9,1,4.57,10.9,6.37,20.67
土豆,12,6,1,0,0.994,124.74,2.8,24.9,0,17.07,16.41,38.83,21.27
芒果,12,6,1,0,0.794,269.72,19.5,26.9,0,6.17,4.4,1.25,3.23
苹果,12,6,1,0,0.967,245.97,13.8,29.8,0,4.16,8.08,4.08,8.66
草莓,12,6,1,0,0.769,287.77,28.0,26.9,1,1.48,0.97,1.85,0.77
葡萄,12,6,1,0,0.874,268.16,14.0,23.3,0,4.15,3.37,3.67,1.35
西瓜,12,6,1,0,0.97,254.84,7.8,21.1,0,5.05,21.54,2.36,59.02
西红柿,12,6,1,0,0.934,229.63,11.7,27.1,0,13.9,5.78,5.91,15.33
香蕉,12,6,1,0,0.905,224.59,5.6,21.2,0,14.72,5.96,7.28,1.43
黄瓜,12,6,1,0,0.952,218.53,5.95,24.1,0,8.33,4.65,12.69,10.02
土豆,13,6,1,0,0.993,103.47,4.0,22.3,0,37.32,8.24,17.16,4.66
芒果,13,6,1,0,0.747,266.49,15.0,26.0,0,1.7,0.7,3.71,0.65
苹果,13,6,1,0,0.96,237.31,8.4,26.4,0,4.21,7.34,5.58,1.05
草莓,13,6,1,0,0.696,287.0,40.0,27.1,0,0.67,0.46,0.4,0.51
葡萄,13,6,1,0,0.843,266.81,23.0,24.5,0,6.01,4.47,4.02,1.3
西瓜,13,6,1,0,0.962,195.82,4.2,29.4,0,9.47,30.84,13.74,6.55
西红柿,13,6,1,0,0.92,214.3,6.3,24.4,0,5.38,7.14,18.98,5.41
香蕉,13,6,1,0,0.88,223.16,8.0,25.3,1,17.8,3.75,8.38,2.26
黄瓜,13,6,1,0,0.942,208.51,7.0,24.8,0,20.67,4.22,3.03,2.92
土豆,14,6,1,0,0.991,98.81,4.0,26.8,1,21.27,10.02,5.78,24.48
芒果,14,6,1,0,0.703,265.84,19.5,25.1,0,3.23,0.96,1.51,1.51
苹果,14,6,1,0,0.953,236.26,12.0,27.5,1,8.66,2.7,5.66,0.75
草莓,14,6,1,0,0.629,286.49,40.0,26.2,0,0.77,0.28,0.58,0.69
葡萄,14,6,1,0,0.806,265.51,20.0,26.9,0,1.35,1.28,1.25,1.23
西瓜,14,6,1,0,0.955,189.27,6.9,23.8,0,59.02,3.74,11.94,22.63
西红柿,14,6,1,0,0.906,208.89,9.0,26.0,0,15.33,1.96,7.49,5.65
香蕉,14,6,1,0,0.852,220.9,9.2,26.5,0,1.43,4.69,3.66,6.65
黄瓜,14,6,1,0,0.93,205.59,7.0,26.0,1,10.02,3.83,2.94,3.48
土豆,15,6,1,0,0.99,74.33,2.8,27.9,0,4.66,13.85,7.68,74.33
芒果,15,6,1,0,0.659,264.33,15.0,25.1,0,0.65,1.65,1.31,3.84
苹果,15,6,1,0,0.946,235.51,15.6,26.9,1,1.05,2.61,2.14,19.51
草莓,15,6,1,0,0.536,285.8,24.0,30.6,0,0.51,0.18,0.7,1.52
葡萄,15,6,1,0,0.765,264.28,20.0,28.4,0,1.3,1.49,1.25,3.03
西瓜,15,6,1,0,0.948,166.64,6.0,26.8,0,6.55,3.66,9.98,6.91
西红柿,15,6,1,0,0.891,203.24,6.3,26.1,0,5.41,5.04,7.28,15.77
香蕉,15,6,1,0,0.825,214.25,5.6,26.6,0,2.26,3.22,4.17,7.12
黄瓜,15,6,1,0,0.919,202.11,7.0,26.0,1,2.92,6.61,6.38,23.09
土豆,16,6,1,0,0.989,0.0,2.8,25.9,0,24.48,66.61,36.84,0.0
芒果,16,6,1,0,0.61,260.49,15.0,26.2,0,1.51,3.26,3.71,1.56
苹果,16,6,1,0,0.939,216.0,8.4,25.6,0,0.75,10.91,5.73,11.57
草莓,16,6,1,0,0.48,284.28,24.0,24.2,0,0.69,1.43,1.22,1.77
葡萄,16,6,1,0,0.736,261.25,20.0,23.3,0,1.23,3.36,3.25,5.66
西瓜,16,6,1,0,0.941,159.73,6.0,25.0,1,22.63,55.09,8.88,34.69
西红柿,16,6,1,0,0.878,187.47,9.0,24.3,0,5.65,24.98,31.37,19.38
香蕉,16,6,1,0,0.803,207.13,9.2,24.0,0,6.65,3.72,13.93,14.24
黄瓜,16,6,1,0,0.908,179.02,5.95,26.4,0,3.48,31.91,7.77,31.44
土豆,17,6,1,0,0.988,0.0,3.4,21.0,0,74.33,45.46,63.94,0.0
芒果,17,6,1,0,0.567,258.93,9.0,24.9,1,3.84,2.23,5.93,8.71
苹果,17,6,1,0,0.933,204.43,13.8,24.7,0,19.51,15.34,10.45,9.35
草莓,17,6,1,0,0.434,282.51,24.0,22.7,0,1.52,2.06,0.27,1.44
葡萄,17,6,1,0,0.705,255.59,17.0,24.6,0,3.03,1.6,3.11,4.53
西瓜,17,6,1,0,0.934,125.04,6.0,25.1,0,6.91,34.9,38.02,48.04
西红柿,17,6,1,0,0.865,168.09,9.0,24.5,0,15.77,6.44,8.62,32.99
香蕉,17,6,1,0,0.78,192.89,8.0,23.8,0,7.12,5.74,22.54,12.11
黄瓜,17,6,1,0,0.898,147.58,5.95,23.8,0,23.09,44.69,29.65,10.17
土豆,18,6,1,0,0.986,0.0,2.8,23.2,0,0.0,14.72,5.53,0.0
芒果,18,6,1,0,0.536,250.22,9.0,21.6,0,1.56,2.1,2.73,6.9
苹果,18,6,1,0,0.928,195.08,13.8,21.0,0,11.57,19.41,7.28,20.57
草莓,18,6,1,0,0.398,281.07,24.0,21.0,0,1.77,1.32,0.63,1.33
葡萄,18,6,1,0,0.686,251.06,17.0,19.4,0,5.66,4.13,2.71,2.19
西瓜,18,6,1,0,0.928,77.0,6.0,23.6,0,34.69,34.79,62.78,7.74
西红柿,18,6,1,0,0.852,135.1,6.3,23.8,0,19.38,22.3,20.84,7.55
香蕉,18,6,1,0,0.757,180.78,8.0,24.3,0,14.24,11.8,2.6,7.65
黄瓜,18,6,1,0,0.889,137.41,9.1,22.1,0,31.44,20.54,20.24,39.71
土豆,19,6,1,0,0.985,0.0,3.4,20.3,0,0.0,0.0,0.0,0.0
芒果,19,6,1,0,0.508,243.32,9.0,20.8,0,8.71,6.68,2.03,4.71
苹果,19,6,1,0,0.922,174.51,12.0,20.9,0,9.35,33.23,7.0,27.11
草莓,19,6,1,0,0.376,279.74,24.0,18.7,0,1.44,1.51,1.76,0.69
葡萄,19,6,1,0,0.664,248.87,20.0,21.1,0,4.53,8.14,6.13,5.36
西瓜,19,6,1,0,0.923,69.26,6.0,17.5,0,48.04,8.64,46.22,64.76
西红柿,19,6,1,0,0.839,127.55,11.7,24.1,0,32.99,17.85,16.35,25.38
香蕉,19,6,1,0,0.744,173.13,9.2,19.0,0,12.11,11.17,14.23,14.49
黄瓜,19,6,1,0,0.881,97.7,4.9,19.7,0,10.17,31.44,20.32,37.22
土豆,20,6,1,0,0.985,0.0,2.4,16.9,0,0.0,0.0,0.0,0.0
芒果,20,6,1,0,0.492,238.61,9.0,17.7,0,6.9,6.58,2.3,0.99
苹果,20,6,1,0,0.918,147.4,7.2,19.2,0,20.57,18.0,18.65,6.23
草莓,20,6,1,0,0.355,279.05,24.0,18.5,0,1.33,0.82,2.0,0.41
葡萄,20,6,1,0,0.65,243.51,12.0,17.4,0,2.19,6.03,7.02,1.66
西瓜,20,6,1,0,0.919,4.5,3.6,18.7,0,7.74,10.89,8.68,2.83
西红柿,20,6,1,0,0.832,102.17,5.4,15.8,0,7.55,16.34,12.61,9.12
香蕉,20,6,1,0,0.73,158.64,4.8,19.7,0,7.65,17.89,17.27,5.36
黄瓜,20,6,1,0,0.875,60.48,4.2,17.2,0,39.71,38.22,32.33,10.09
土豆,21,6,1,0,0.984,0.0,2.4,15.4,1,0.0,0.0,0.0,0.0
芒果,21,6,1,0,0.484,237.62,9.0,15.4,0,4.71,2.05,1.83,0.0
苹果,21,6,1,0,0.914,141.17,7.2,15.3,0,27.11,8.65,6.39,0.0
草莓,21,6,1,0,0.349,278.64,24.0,14.9,0,0.69,0.19,0.67,0.0
葡萄,21,6,1,0,0.635,241.85,12.0,18.0,0,5.36,1.96,1.89,0.0
西瓜,21,6,1,0,0.916,1.67,3.6,15.1,0,64.76,3.87,3.25,0.0
西红柿,21,6,1,0,0.825,93.05,5.4,15.4,0,25.38,8.46,8.25,0.0
香蕉,21,6,1,0,0.727,153.28,4.8,11.8,0,14.49,5.67,6.57,0.0
黄瓜,21,6,1,0,0.868,50.39,4.2,17.5,0,37.22,7.1,9.7,0.0
土豆,22,6,1,0,0.983,0.0,2.4,12.4,0,0.0,0.0,0.0,0.0
芒果,22,6,1,0,0.479,237.62,9.0,13.1,0,0.99,0.0,0.04,0.0
苹果,22,6,1,0,0.911,141.17,7.2,12.7,0,6.23,0.0,0.11,0.0
草莓,22,6,1,0,0.343,278.64,24.0,12.7,0,0.41,0.0,0.0,0.0
葡萄,22,6,1,0,0.631,241.85,12.0,12.4,0,1.66,0.0,0.0,0.0
西瓜,22,6,1,0,0.913,1.67,3.6,12.8,0,2.83,0.0,0.0,0.0
西红柿,22,6,1,0,0.818,93.05,5.4,15.8,0,9.12,0.0,0.0,0.0
香蕉,22,6,1,0,0.721,153.28,4.8,14.9,0,5.36,0.0,0.0,0.0
黄瓜,22,6,1,0,0.864,50.39,4.2,12.7,0,10.09,0.0,0.0,0.0
土豆,23,6,1,0,0.983,0.0,2.4,12.0,0,0.0,0.0,0.0,0.0
芒果,23,6,1,0,0.474,237.62,9.0,11.0,1,0.0,0.0,0.0,0.15
苹果,23,6,1,0,0.909,141.17,7.2,11.8,0,0.0,0.0,0.0,0.0
草莓,23,6,1,0,0.337,278.64,24.0,11.9,0,0.0,0.0,0.0,0.0
葡萄,23,6,1,0,0.627,241.85,12.0,12.1,0,0.0,0.0,0.0,0.0
西瓜,23,6,1,0,0.912,1.67,3.6,10.6,0,0.0,0.0,0.0,0.0
西红柿,23,6,1,0,0.814,93.05,5.4,12.9,1,0.0,0.0,0.0,0.0
香蕉,23,6,1,0,0.718,153.28,4.8,11.2,0,0.0,0.0,0.0,0.0
黄瓜,23,6,1,0,0.861,50.39,4.2,10.2,0,0.0,0.0,0.0,0.0
土豆,0,0,0,0,0.982,0.0,2.8,9.8,0,0.0,0.0,0.0,0.0
芒果,0,0,0,0,0.469,237.47,9.0,9.3,1,0.0,0.0,0.0,0.0
苹果,0,0,0,0,0.907,141.17,10.2,9.7,0,0.0,0.0,0.1,0.0
草莓,0,0,0,0,0.331,278.64,24.0,10.6,0,0.0,0.0,0.07,0.0
葡萄,0,0,0,0,0.623,241.85,26.0,11.7,0,0.0,0.0,0.0,0.0
西瓜,0,0,0,0,0.911,1.67,5.1,8.3,0,0.0,0.0,0.0,0.0
西红柿,0,0,0,0,0.81,93.05,9.0,11.2,0,0.0,0.0,0.0,0.04
香蕉,0,0,0,0,0.715,153.28,8.0,11.5,0,0.0,0.0,0.0,0.0
黄瓜,0,0,0,0,0.859,50.39,7.0,7.7,0,0.0,0.0,0.0,0.0
土豆,1,0,0,0,0.981,0.0,5.2,10.9,0,0.0,0.0,0.0,0.0
芒果,1,0,0,0,0.464,237.47,9.0,8.6,0,0.15,0.0,0.0,0.04
苹果,1,0,0,0,0.904,141.17,12.0,11.4,1,0.0,0.0,0.0,0.0
草莓,1,0,0,0,0.325,278.64,24.0,9.1,0,0.0,0.0,0.02,0.0
葡萄,1,0,0,0,0.619,241.85,20.0,13.7,0,0.0,0.0,0.0,0.0
西瓜,1,0,0,0,0.909,1.67,5.1,12.2,1,0.0,0.0,0.05,0.0
西红柿,1,0,0,0,0.808,93.01,11.7,9.7,0,0.0,0.0,0.0,0.0
香蕉,1,0,0,0,0.712,153.28,8.0,9.9,0,0.0,0.0,0.0,0.0
黄瓜,1,0,0,0,0.857,50.39,4.9,8.0,0,0.0,0.0,0.0,0.0
土豆,2,0,0,0,0.981,0.0,2.8,11.6,0,0.0,0.0,0.0,0.0
芒果,2,0,0,0,0.459,237.43,9.0,10.6,0,0.0,0.0,0.13,0.0
苹果,2,0,0,0,0.903,141.17,12.0,8.4,0,0.0,0.0,0.0,0.0
草莓,2,0,0,0,0.319,278.64,24.0,12.0,0,0.0,0.0,0.0,0.0
葡萄,2,0,0,0,0.615,241.85,17.0,9.1,0,0.0,0.0,0.0,0.0
西瓜,2,0,0,0,0.908,1.67,5.1,8.7,0,0.0,0.0,0.0,0.0
西红柿,2,0,0,0,0.806,93.01,10.35,8.3,1,0.04,0.0,0.0,0.0
香蕉,2,0,0,0,0.709,153.28,8.0,11.7,0,0.0,0.0,0.01,0.0
黄瓜,2,0,0,0,0.856,50.39,8.05,7.1,0,0.0,0.0,0.0,0.0
土豆,3,0,0,0,0.98,0.0,2.8,9.0,1,0.0,0.0,0.0,0.0
芒果,3,0,0,0,0.454,237.43,9.0,10.1,1,0.04,0.0,0.0,0.0
苹果,3,0,0,0,0.901,141.17,10.2,8.3,1,0.0,0.0,0.0,0.0
草莓,3,0,0,0,0.313,278.64,24.0,12.4,0,0.0,0.0,0.0,0.0
葡萄,3,0,0,0,0.611,241.85,20.0,8.0,0,0.0,0.07,0.0,0.0
西瓜,3,0,0,0,0.905,1.67,6.9,14.4,0,0.0,0.0,0.0,0.0
西红柿,3,0,0,0,0.804,93.01,6.3,8.3,1,0.0,0.0,0.0,0.0
香蕉,3,0,0,0,0.706,153.28,8.0,8.9,0,0.0,0.0,0.0,0.0
黄瓜,3,0,0,0,0.852,50.39,9.1,12.2,0,0.0,0.0,0.0,0.0
土豆,4,0,0,0,0.98,0.0,4.6,10.0,0,0.0,0.0,0.0,0.0
芒果,4,0,0,0,0.449,237.43,9.0,10.7,1,0.0,0.0,0.0,0.0
苹果,4,0,0,0,0.899,141.17,15.6,11.6,0,0.0,0.0,0.0,0.0
草莓,4,0,0,0,0.307,278.64,24.0,11.1,0,0.0,0.0,0.0,0.0
葡萄,4,0,0,0,0.607,241.85,20.0,12.0,0,0.0,0.0,0.0,0.0
西瓜,4,0,0,0,0.903,1.67,6.0,13.0,0,0.0,0.0,0.0,0.0
西红柿,4,0,0,0,0.799,93.01,7.65,13.3,0,0.0,0.0,0.0,0.0
香蕉,4,0,0,0,0.703,153.28,6.8,14.0,0,0.0,0.0,0.0,0.0
黄瓜,4,0,0,0,0.848,50.39,8.05,11.8,0,0.0,0.0,0.0,0.11
土豆,5,0,0,0,0.979,0.0,4.6,10.2,0,0.0,0.0,0.0,6.7
芒果,5,0,0,0,0.444,237.43,9.0,11.6,0,0.0,0.0,0.0,2.85
苹果,5,0,0,0,0.897,141.17,12.0,8.1,0,0.0,0.0,0.0,3.84
草莓,5,0,0,0,0.301,278.64,24.0,13.4,0,0.0,0.0,0.0,1.15
葡萄,5,0,0,0,0.602,241.85,26.0,14.0,1,0.0,0.0,0.0,1.98
西瓜,5,0,0,0,0.9,1.67,6.0,14.8,0,0.0,0.0,0.0,1.8
西红柿,5,0,0,0,0.795,93.01,11.7,12.2,0,0.0,0.0,0.13,2.68
香蕉,5,0,0,0,0.7,153.28,8.0,10.4,0,0.0,0.0,0.0,3.88
黄瓜,5,0,0,0,0.843,50.28,4.9,14.0,0,0.0,0.0,0.0,1.49
土豆,6,0,0,0,1.0,293.3,4.6,17.3,0,0.0,14.07,3.43,9.09
芒果,6,0,0,0,1.0,297.15,12.75,14.2,0,0.0,2.58,0.53,2.44
苹果,6,0,0,0,1.0,296.16,8.4,15.3,0,0.0,1.95,2.64,6.29
草莓,6,0,0,0,1.0,298.85,28.0,18.3,0,0.0,1.33,1.04,0.35
葡萄,6,0,0,0,1.0,298.02,17.0,13.1,0,0.0,4.12,0.98,1.29
西瓜,6,0,0,0,1.0,298.2,6.0,12.4,1,0.0,3.76,1.8,24.94
西红柿,6,0,0,0,1.0,297.32,10.35,13.5,1,0.0,5.47,4.62,11.17
香蕉,6,0,0,0,1.0,296.12,8.0,12.5,0,0.0,5.9,3.37,10.05
黄瓜,6,0,0,0,1.0,298.51,9.1,12.8,0,0.11,7.26,5.29,16.59
土豆,7,0,0,0,0.999,284.21,5.2,17.0,0,6.7,31.27,14.26,16.93
芒果,7,0,0,0,0.984,294.71,15.0,17.7,1,2.85,5.73,3.71,1.8
苹果,7,0,0,0,0.996,289.87,13.8,17.0,0,3.84,10.48,7.24,6.8
草莓,7,0,0,0,0.994,298.5,52.0,15.3,1,1.15,4.42,1.49,1.64
葡萄,7,0,0,0,0.991,296.73,20.0,15.6,1,1.98,8.12,2.29,2.94
西瓜,7,0,0,0,0.995,273.26,5.1,18.7,0,1.8,2.48,2.82,16.29
西红柿,7,0,0,0,0.992,286.15,7.65,17.6,0,2.68,20.84,12.2,10.15
香蕉,7,0,0,0,0.99,286.07,8.0,17.6,0,3.88,2.95,8.39,2.31
黄瓜,7,0,0,0,0.994,281.92,5.95,15.3,0,1.49,19.04,10.48,19.51
土豆,8,0,0,0,0.998,267.28,4.6,16.6,0,9.09,28.85,16.1,14.23
芒果,8,0,0,0,0.966,292.91,19.5,17.9,0,2.44,9.22,2.51,1.21
苹果,8,0,0,0,0.992,283.07,12.0,18.0,0,6.29,15.54,6.03,1.75
草莓,8,0,0,0,0.956,296.86,40.0,21.4,0,0.35,2.86,1.78,1.47
葡萄,8,0,0,0,0.975,293.79,20.0,18.5,0,1.29,3.58,1.61,2.9
西瓜,8,0,0,0,0.99,256.97,6.0,20.5,0,24.94,5.89,1.8,14.84
西红柿,8,0,0,0,0.981,276.0,9.0,20.6,0,11.17,9.81,6.94,4.63
香蕉,8,0,0,0,0.982,283.76,9.2,15.9,1,10.05,19.36,9.14,5.4
黄瓜,8,0,0,0,0.987,262.41,5.95,19.1,0,16.59,6.09,11.4,11.13
土豆,9,0,0,0,0.997,253.05,4.0,23.2,0,16.93,31.73,10.09,3.78
芒果,9,0,0,0,0.933,291.7,19.5,22.2,0,1.8,0.53,6.97,0.72
苹果,9,0,0,0,0.986,281.32,15.6,21.1,0,6.8,14.38,4.59,3.14
草莓,9,0,0,0,0.93,295.39,28.0,19.3,0,1.64,1.29,1.51,0.32
葡萄,9,0,0,0,0.953,290.89,17.0,20.6,0,2.94,4.02,1.49,2.75
西瓜,9,0,0,0,0.985,242.13,5.1,19.5,0,16.29,7.32,8.98,9.58
西红柿,9,0,0,0,0.971,271.37,10.35,20.4,0,10.15,11.56,7.65,3.09
香蕉,9,0,0,0,0.966,278.36,8.0,20.5,0,2.31,11.21,4.28,2.46
黄瓜,9,0,0,0,0.978,251.28,4.9,22.7,0,19.51,15.51,2.6,4.28
土豆,10,0,0,0,0.996,249.27,5.2,22.0,0,14.23,14.95,9.5,16.97
芒果,10,0,0,0,0.906,290.98,15.0,20.6,1,1.21,4.35,1.33,3.42
苹果,10,0,0,0,0.98,278.18,12.0,22.7,0,1.75,3.31,5.5,1.11
草莓,10,0,0,0,0.865,295.07,52.0,25.8,0,1.47,0.18,0.64,0.97
葡萄,10,0,0,0,0.939,288.14,14.0,17.6,0,2.9,1.84,0.84,1.09
西瓜,10,0,0,0,0.98,232.55,5.1,20.7,0,14.84,11.19,4.67,13.44
西红柿,10,0,0,0,0.961,268.28,10.35,20.2,0,4.63,3.41,3.97,10.73
香蕉,10,0,0,0,0.947,275.9,9.2,22.3,0,5.4,3.47,4.16,2.74
黄瓜,10,0,0,0,0.97,247.0,7.0,19.5,0,11.13,4.57,5.44,4.23
土豆,11,0,0,0,0.995,232.3,4.0,21.5,0,3.78,17.07,26.79,8.23
芒果,11,0,0,0,0.869,287.56,15.0,23.2,0,0.72,6.17,4.07,5.69
苹果,11,0,0,0,0.974,277.07,15.6,23.6,1,3.14,4.16,7.76,7.34
草莓,11,0,0,0,0.814,294.1,40.0,23.5,0,0.32,1.48,0.87,0.58
葡萄,11,0,0,0,0.91,287.05,26.0,23.5,0,2.75,4.15,2.51,4.57
西瓜,11,0,0,0,0.975,219.11,6.0,21.8,0,9.58,5.05,11.18,25.9
西红柿,11,0,0,0,0.948,257.55,7.65,23.6,0,3.09,13.9,4.98,17.23
香蕉,11,0,0,0,0.922,273.16,10.4,25.3,0,2.46,14.72,4.87,2.08
黄瓜,11,0,0,0,0.961,242.77,9.1,21.6,0,4.28,8.33,6.69,10.02
土豆,12,0,0,0,0.994,224.07,4.6,26.5,1,16.97,37.32,19.87,10.14
芒果,12,0,0,0,0.817,281.87,10.5,27.2,0,3.42,1.7,2.29,2.91
苹果,12,0,0,0,0.968,269.73,10.2,24.0,0,1.11,4.21,2.9,9.18
草莓,12,0,0,0,0.755,293.52,46.0,24.8,0,0.97,0.67,1.34,0.18
葡萄,12,0,0,0,0.875,282.48,14.0,26.3,0,1.09,6.01,1.59,1.57
西瓜,12,0,0,0,0.966,193.21,6.0,28.6,0,13.44,9.47,8.68,15.19
西红柿,12,0,0,0,0.934,240.32,6.3,25.6,0,10.73,5.38,8.2,1.44
香蕉,12,0,0,0,0.898,271.08,10.4,24.6,0,2.74,17.8,10.48,7.56
黄瓜,12,0,0,0,0.95,232.75,5.95,25.0,1,4.23,20.67,12.98,1.87
土豆,13,0,0,0,0.992,213.93,4.0,26.1,1,8.23,21.27,5.92,14.15
芒果,13,0,0,0,0.771,278.96,12.75,25.6,0,5.69,3.23,2.3,1.58
苹果,13,0,0,0,0.961,260.55,8.4,27.1,0,7.34,8.66,3.38,1.13
草莓,13,0,0,0,0.675,293.34,46.0,28.4,1,0.58,0.77,0.77,0.35
葡萄,13,0,0,0,0.839,280.91,20.0,26.4,0,4.57,1.35,1.89,1.2
西瓜,13,0,0,0,0.958,178.02,6.9,27.7,0,25.9,59.02,9.19,4.35
西红柿,13,0,0,0,0.92,238.88,11.7,25.1,1,17.23,15.33,6.28,1.39
香蕉,13,0,0,0,0.872,263.52,5.6,26.0,0,2.08,1.43,4.55,3.36
黄瓜,13,0,0,0,0.94,230.88,9.1,24.7,1,10.02,10.02,4.94,2.71
土豆,14,0,0,0,0.991,199.78,2.8,27.4,1,10.14,4.66,6.52,9.99
芒果,14,0,0,0,0.738,277.38,12.75,22.2,0,2.91,0.65,2.5,0.53
苹果,14,0,0,0,0.954,259.42,12.0,26.3,1,9.18,1.05,2.73,1.09
草莓,14,0,0,0,0.621,292.99,40.0,23.9,0,0.18,0.51,0.27,0.49
葡萄,14,0,0,0,0.797,279.71,17.0,28.7,0,1.57,1.3,1.49,0.95
西瓜,14,0,0,0,0.951,173.67,7.8,27.0,0,15.19,6.55,10.98,7.13
西红柿,14,0,0,0,0.906,237.49,11.7,25.8,0,1.44,5.41,3.19,2.64
香蕉,14,0,0,0,0.845,260.16,6.8,26.3,0,7.56,2.26,4.24,1.19
黄瓜,14,0,0,0,0.927,228.17,8.05,28.8,0,1.87,2.92,3.22,2.63
土豆,15,0,0,0,0.99,189.79,3.4,24.4,0,14.15,24.48,7.94,29.19
芒果,15,0,0,0,0.691,276.85,19.5,25.7,0,1.58,1.51,0.62,4.67
苹果,15,0,0,0,0.948,258.33,12.0,25.2,1,1.13,0.75,1.18,6.52
草莓,15,0,0,0,0.569,292.5,24.0,23.8,0,0.35,0.69,0.41,1.02
葡萄,15,0,0,0,0.766,278.76,20.0,24.4,0,1.2,1.23,0.83,2.44
西瓜,15,0,0,0,0.945,166.54,6.0,23.0,0,4.35,22.63,23.09,20.62
西红柿,15,0,0,0,0.892,234.85,10.35,25.5,0,1.39,5.65,1.05,9.7
香蕉,15,0,0,0,0.819,258.97,6.8,26.1,1,3.36,6.65,3.59,2.11
黄瓜,15,0,0,0,0.916,225.54,7.0,26.4,1,2.71,3.48,3.35,12.05
土豆,16,0,0,0,0.989,160.6,4.0,25.1,0,9.99,74.33,45.55,25.22
芒果,16,0,0,0,0.654,272.18,12.75,23.2,0,0.53,3.84,4.45,2.35
苹果,16,0,0,0,0.942,251.81,12.0,23.0,0,1.09,19.51,12.52,5.12
草莓,16,0,0,0,0.525,291.48,24.0,22.2,0,0.49,1.52,1.27,1.45
葡萄,16,0,0,0,0.743,276.32,20.0,21.0,0,0.95,3.03,0.74,2.02
西瓜,16,0,0,0,0.938,145.92,6.0,23.9,0,7.13,6.91,13.86,18.99
西红柿,16,0,0,0,0.877,225.15,9.0,26.0,0,2.64,15.77,7.77,12.65
香蕉,16,0,0,0,0.798,256.86,8.0,23.1,1,1.19,7.12,3.1,9.5
黄瓜,16,0,0,0,0.905,213.49,7.0,26.3,0,2.63,23.09,8.2,15.83
土豆,17,0,0,0,0.987,135.38,4.6,24.0,0,29.19,0.0,74.65,41.06
芒果,17,0,0,0,0.618,269.83,17.25,23.1,0,4.67,1.56,2.83,5.75
苹果,17,0,0,0,0.936,246.69,12.0,20.4,1,6.52,11.57,11.83,10.66
草莓,17,0,0,0,0.472,290.03,24.0,23.9,0,1.02,1.77,1.98,1.49
葡萄,17,0,0,0,0.708,274.3,23.0,26.2,0,2.44,5.66,0.53,3.56
西瓜,17,0,0,0,0.931,126.93,7.8,26.8,0,20.62,34.69,33.35,26.08
西红柿,17,0,0,0,0.866,212.5,9.0,21.5,0,9.7,19.38,17.03,11.13
香蕉,17,0,0,0,0.775,247.36,8.0,24.1,0,2.11,14.24,10.98,6.77
黄瓜,17,0,0,0,0.893,197.66,7.0,26.2,0,12.05,31.44,13.19,20.84
土豆,18,0,0,0,0.986,94.32,4.0,22.0,0,25.22,0.0,29.23,16.04
芒果,18,0,0,0,0.582,264.08,9.0,22.8,0,2.35,8.71,3.69,4.93
苹果,18,0,0,0,0.931,236.03,10.2,21.2,0,5.12,9.35,7.57,3.68
草莓,18,0,0,0,0.449,288.54,24.0,18.8,0,1.45,1.44,0.57,1.36
葡萄,18,0,0,0,0.68,270.74,17.0,23.4,0,2.02,4.53,3.89,0.95
西瓜,18,0,0,0,0.925,100.85,5.1,22.9,0,18.99,48.04,8.85,29.08
西红柿,18,0,0,0,0.856,201.37,9.0,20.0,0,12.65,32.99,26.63,5.84
香蕉,18,0,0,0,0.747,240.59,9.2,27.2,0,9.5,12.11,3.53,7.48
黄瓜,18,0,0,0,0.886,176.82,4.9,19.5,1,15.83,10.17,12.18,14.93
土豆,19,0,0,0,0.985,78.28,4.6,20.1,0,41.06,0.0,30.15,61.48
芒果,19,0,0,0,0.553,259.15,9.0,21.1,0,5.75,6.9,5.69,3.95
苹果,19,0,0,0,0.926,232.35,15.6,21.0,0,10.66,20.57,11.82,15.62
草莓,19,0,0,0,0.432,287.18,24.0,17.8,0,1.49,1.33,1.73,0.79
葡萄,19,0,0,0,0.656,269.79,20.0,21.5,1,3.56,2.19,4.11,3.56
西瓜,19,0,0,0,0.92,71.77,4.2,19.6,0,26.08,7.74,4.79,40.75
西红柿,19,0,0,0,0.848,195.53,10.35,17.8,1,11.13,7.55,11.68,19.08
香蕉,19,0,0,0,0.728,233.11,8.0,22.2,0,6.77,7.65,6.63,11.3
黄瓜,19,0,0,0,0.878,161.89,7.0,19.4,0,20.84,39.71,30.77,12.95
土豆,20,0,0,0,0.984,16.8,2.4,17.1,0,16.04,0.0,0.0,16.8
芒果,20,0,0,0,0.53,255.2,9.0,19.6,0,4.93,4.71,1.87,0.67
苹果,20,0,0,0,0.921,216.73,7.2,20.7,0,3.68,27.11,9.18,4.31
草莓,20,0,0,0,0.426,286.39,24.0,13.4,0,1.36,0.69,0.97,0.47
葡萄,20,0,0,0,0.634,266.23,12.0,20.9,0,0.95,5.36,4.53,0.95
西瓜,20,0,0,0,0.915,31.02,3.6,19.5,0,29.08,64.76,7.17,2.44
西红柿,20,0,0,0,0.836,176.45,5.4,21.9,0,5.84,25.38,17.19,7.65
香蕉,20,0,0,0,0.719,221.81,4.8,16.9,0,7.48,14.49,20.48,4.46
黄瓜,20,0,0,0,0.871,148.94,4.2,18.8,0,14.93,37.22,22.64,7.28
土豆,21,0,0,0,0.984,0.0,2.4,14.5,0,61.48,0.0,0.0,0.0
芒果,21,0,0,0,0.516,254.53,9.0,17.0,0,3.95,0.99,1.67,0.02
苹果,21,0,0,0,0.917,212.42,7.2,14.2,0,15.62,6.23,6.0,0.0
草莓,21,0,0,0,0.42,285.92,24.0,13.4,0,0.79,0.41,0.33,0.0
葡萄,21,0,0,0,0.615,265.28,12.0,19.5,0,3.56,1.66,1.31,0.0
西瓜,21,0,0,0,0.911,28.58,3.6,16.7,0,40.75,2.83,2.64,0.0
西红柿,21,0,0,0,0.829,168.8,5.4,16.6,0,19.08,9.12,5.43,0.0
香蕉,21,0,0,0,0.711,217.35,4.8,16.2,0,11.3,5.36,4.36,0.0
黄瓜,21,0,0,0,0.863,141.66,4.2,19.7,0,12.95,10.09,7.27,0.11
土豆,22,0,0,0,0.983,0.0,2.4,13.7,0,16.8,0.0,0.0,0.0
芒果,22,0,0,0,0.508,254.51,9.0,15.4,0,0.67,0.0,0.0,0.0
苹果,22,0,0,0,0.914,212.42,7.2,13.2,0,4.31,0.0,0.0,0.0
草莓,22,0,0,0,0.409,285.92,24.0,16.9,0,0.47,0.0,0.0,0.0
葡萄,22,0,0,0,0.611,265.28,12.0,9.6,0,0.95,0.0,0.0,0.0
西瓜,22,0,0,0,0.909,28.58,3.6,12.5,0,2.44,0.0,0.0,0.0
西红柿,22,0,0,0,0.825,168.8,5.4,11.6,0,7.65,0.0,0.17,0.0
香蕉,22,0,0,0,0.704,217.35,4.8,15.4,0,4.46,0.0,0.0,0.0
黄瓜,22,0,0,0,0.857,141.55,4.2,16.5,0,7.28,0.0,0.31,0.0
土豆,23,0,0,0,0.982,0.0,2.4,12.5,0,0.0,0.0,0.0,0.0
芒果,23,0,0,0,0.503,254.51,9.0,14.7,0,0.02,0.0,0.0,0.0
苹果,23,0,0,0,0.912,212.42,7.2,11.5,0,0.0,0.0,0.0,0.0
草莓,23,0,0,0,0.403,285.92,24.0,12.2,0,0.0,0.0,0.0,0.0
葡萄,23,0,0,0,0.599,265.28,12.0,16.7,0,0.0,0.0,0.13,0.0
西瓜,23,0,0,0,0.907,28.58,3.6,12.4,0,0.0,0.0,0.0,0.06
西红柿,23,0,0,0,0.821,168.8,5.4,11.6,0,0.0,0.0,0.0,0.0
香蕉,23,0,0,0,0.701,217.35,4.8,10.6,0,0.0,0.0,0.06,0.0
黄瓜,23,0,0,0,0.853,141.55,4.2,11.0,0,0.11,0.0,0.0,0.0
土豆,0,1,0,0,0.982,0.0,4.0,16.2,0,0.0,0.0,0.0,0.0
芒果,0,1,0,0,0.498,254.51,9.0,6.7,0,0.0,0.15,0.0,0.0
苹果,0,1,0,0,0.91,212.42,12.0,10.0,0,0.0,0.0,0.06,0.0
草莓,0,1,0,0,0.397,285.92,24.0,12.7,0,0.0,0.0,0.0,0.0
葡萄,0,1,0,0,0.595,265.28,12.0,10.2,0,0.0,0.0,0.0,0.0
西瓜,0,1,0,0,0.905,28.52,5.1,10.3,0,0.0,0.0,0.0,0.0
西红柿,0,1,0,0,0.816,168.8,7.65,13.4,0,0.0,0.0,0.0,0.0
香蕉,0,1,0,0,0.698,217.35,6.8,10.4,0,0.0,0.0,0.0,0.0
黄瓜,0,1,0,0,0.848,141.55,7.0,14.7,1,0.0,0.0,0.0,0.0
土豆,1,1,0,0,0.981,0.0,4.0,8.9,0,0.0,0.0,0.0,0.0
芒果,1,1,0,0,0.493,254.51,9.0,7.2,0,0.0,0.0,0.0,0.0
苹果,1,1,0,0,0.908,212.42,12.0,10.7,0,0.0,0.0,0.0,0.0
草莓,1,1,0,0,0.391,285.92,24.0,10.2,1,0.0,0.0,0.0,0.06
葡萄,1,1,0,0,0.591,265.28,12.0,11.4,0,0.0,0.0,0.11,0.0
西瓜,1,1,0,0,0.904,28.52,7.8,9.4,0,0.06,0.0,0.0,0.0
西红柿,1,1,0,0,0.814,168.8,10.35,9.2,0,0.0,0.04,0.0,0.0
香蕉,1,1,0,0,0.695,217.35,5.6,9.6,0,0.0,0.0,0.14,0.0
黄瓜,1,1,0,0,0.846,141.55,7.0,6.3,0,0.0,0.0,0.0,0.0
土豆,2,1,0,0,0.981,0.0,4.0,10.3,0,0.0,0.0,0.0,0.0
芒果,2,1,0,0,0.488,254.51,9.0,10.1,1,0.0,0.04,0.0,0.0
苹果,2,1,0,0,0.904,212.42,12.0,14.2,0,0.0,0.0,0.0,0.0
草莓,2,1,0,0,0.385,285.86,24.0,7.9,0,0.0,0.0,0.0,0.0
葡萄,2,1,0,0,0.587,265.28,12.0,12.1,0,0.0,0.0,0.0,0.0
西瓜,2,1,0,0,0.903,28.52,5.1,7.5,0,0.0,0.0,0.0,0.0
西红柿,2,1,0,0,0.811,168.8,10.35,10.6,0,0.0,0.0,0.13,0.0
香蕉,2,1,0,0,0.692,217.35,8.0,9.0,0,0.0,0.0,0.0,0.21
黄瓜,2,1,0,0,0.843,141.55,7.0,10.8,0,0.0,0.0,0.0,0.0
土豆,3,1,0,0,0.98,0.0,4.6,4.7,1,0.0,0.0,0.0,0.0
芒果,3,1,0,0,0.483,254.51,9.0,8.5,0,0.0,0.0,0.0,0.0
苹果,3,1,0,0,0.902,212.42,12.0,10.8,1,0.0,0.0,0.19,0.0
草莓,3,1,0,0,0.379,285.86,24.0,11.4,1,0.06,0.0,0.0,0.0
葡萄,3,1,0,0,0.583,265.28,12.0,8.5,0,0.0,0.0,0.0,0.0
西瓜,3,1,0,0,0.902,28.52,7.8,8.5,0,0.0,0.0,0.0,0.0
西红柿,3,1,0,0,0.808,168.8,9.0,11.6,0,0.0,0.0,0.0,0.0
香蕉,3,1,0,0,0.689,217.14,6.8,7.4,0,0.0,0.0,0.0,0.0
黄瓜,3,1,0,0,0.842,141.55,8.05,7.2,0,0.0,0.0,0.0,0.0
土豆,4,1,0,0,0.98,0.0,5.2,11.4,0,0.0,0.0,0.0,0.0
芒果,4,1,0,0,0.478,254.51,9.0,11.8,0,0.0,0.0,0.0,0.04
苹果,4,1,0,0,0.9,212.42,10.2,11.8,0,0.0,0.0,0.0,0.0
草莓,4,1,0,0,0.37,285.86,24.0,16.5,0,0.0,0.0,0.0,0.0
葡萄,4,1,0,0,0.579,265.28,12.0,9.9,0,0.0,0.0,0.0,0.0
西瓜,4,1,0,0,0.9,28.52,7.8,12.0,0,0.0,0.0,0.0,0.0
西红柿,4,1,0,0,0.803,168.8,11.7,13.1,0,0.0,0.0,0.0,0.0
香蕉,4,1,0,0,0.686,217.14,8.0,11.6,0,0.21,0.0,0.0,0.0
黄瓜,4,1,0,0,0.838,141.55,5.95,12.3,0,0.0,0.0,0.0,0.0
土豆,5,1,0,0,0.979,0.0,4.0,12.1,1,0.0,0.0,0.0,17.83
芒果,5,1,0,0,0.473,254.47,9.0,8.6,0,0.0,0.0,0.08,2.58
苹果,5,1,0,0,0.897,212.42,8.4,12.5,1,0.0,0.0,0.0,2.72
草莓,5,1,0,0,0.364,285.86,24.0,8.8,0,0.0,0.0,0.0,1.05
葡萄,5,1,0,0,0.575,265.28,12.0,13.1,0,0.0,0.0,0.0,1.18
西瓜,5,1,0,0,0.898,28.52,6.9,13.2,0,0.0,0.0,0.0,1.8
西红柿,5,1,0,0,0.8,168.8,9.0,10.9,0,0.0,0.0,0.0,4.0
香蕉,5,1,0,0,0.683,217.14,5.6,12.6,0,0.0,0.0,0.0,4.34
黄瓜,5,1,0,0,0.834,141.55,8.05,12.4,0,0.0,0.11,0.09,1.49
土豆,6,1,0,0,1.0,282.17,2.8,11.2,0,0.0,6.7,9.07,21.45
芒果,6,1,0,0,1.0,297.42,12.75,10.5,0,0.04,2.85,2.51,7.82
苹果,6,1,0,0,1.0,297.28,12.0,13.6,0,0.0,3.84,3.01,6.16
草莓,6,1,0,0,1.0,298.95,34.0,13.2,0,0.0,1.15,0.54,1.32
葡萄,6,1,0,0,1.0,298.82,23.0,16.5,0,0.0,1.98,1.35,6.9
西瓜,6,1,0,0,1.0,298.2,6.0,15.7,0,0.0,1.8,2.21,7.0
西红柿,6,1,0,0,1.0,296.0,9.0,18.7,0,0.0,2.68,5.22,4.46
香蕉,6,1,0,0,1.0,295.66,6.8,14.1,0,0.0,3.88,7.63,10.49
黄瓜,6,1,0,0,1.0,298.51,9.1,14.6,0,0.0,1.49,7.11,10.22
土豆,7,1,0,0,0.999,260.72,4.0,14.9,0,17.83,9.09,17.77,26.95
芒果,7,1,0,0,0.989,289.6,12.75,16.2,0,2.58,2.44,4.93,7.33
苹果,7,1,0,0,0.996,291.12,12.0,15.1,0,2.72,6.29,14.88,3.4
草莓,7,1,0,0,0.994,297.63,46.0,15.5,0,1.05,0.35,2.55,0.32
葡萄,7,1,0,0,0.992,291.92,14.0,15.2,0,1.18,1.29,0.93,2.58
西瓜,7,1,0,0,0.995,291.2,6.0,19.1,1,1.8,24.94,5.17,23.93
西红柿,7,1,0,0,0.992,291.54,11.7,16.9,0,4.0,11.17,11.52,8.75
香蕉,7,1,0,0,0.989,285.17,8.0,18.0,0,4.34,10.05,5.63,10.61
黄瓜,7,1,0,0,0.994,288.29,7.0,16.7,1,1.49,16.59,23.64,17.75
土豆,8,1,0,0,0.998,233.77,4.0,21.2,0,21.45,16.93,25.57,16.96
芒果,8,1,0,0,0.964,282.27,10.5,20.0,0,7.82,1.8,1.63,4.24
苹果,8,1,0,0,0.991,287.72,12.0,20.8,0,6.16,6.8,3.22,8.74
草莓,8,1,0,0,0.972,297.31,52.0,18.7,1,1.32,1.64,1.67,0.52
葡萄,8,1,0,0,0.967,289.34,23.0,22.1,0,6.9,2.94,3.33,2.53
西瓜,8,1,0,0,0.991,267.27,5.1,19.1,0,7.0,16.29,3.66,18.43
西红柿,8,1,0,0,0.983,282.79,9.0,18.8,0,4.46,10.15,9.17,6.68
香蕉,8,1,0,0,0.973,274.56,8.0,20.5,0,10.49,2.31,9.77,0.9
黄瓜,8,1,0,0,0.988,270.54,5.95,16.1,0,10.22,19.51,14.92,5.64
土豆,9,1,0,0,0.997,216.81,4.0,17.2,0,26.95,14.23,23.79,3.96
芒果,9,1,0,0,0.937,278.03,12.75,20.6,0,7.33,1.21,3.58,1.85
苹果,9,1,0,0,0.986,278.98,10.2,21.3,0,3.4,1.75,6.12,4.29
草莓,9,1,0,0,0.937,296.79,40.0,20.8,1,0.32,1.47,0.89,0.32
葡萄,9,1,0,0,0.952,286.81,17.0,17.8,0,2.58,2.9,0.93,0.48
西瓜,9,1,0,0,0.986,248.84,5.1,19.8,0,23.93,14.84,4.56,1.8
西红柿,9,1,0,0,0.972,276.11,9.0,21.4,0,8.75,4.63,2.54,2.71
香蕉,9,1,0,0,0.956,273.66,10.4,21.0,1,10.61,5.4,1.64,3.32
黄瓜,9,1,0,0,0.98,264.9,7.0,20.1,0,17.75,11.13,7.06,4.79
土豆,10,1,0,0,0.996,212.85,5.2,23.1,0,16.96,3.78,6.84,17.22
芒果,10,1,0,0,0.899,276.18,15.0,23.5,0,4.24,0.72,1.36,1.86
苹果,10,1,0,0,0.98,274.69,8.4,21.8,0,8.74,3.14,3.36,4.75
草莓,10,1,0,0,0.914,296.47,52.0,18.8,0,0.52,0.32,0.54,1.12
葡萄,10,1,0,0,0.929,286.33,20.0,21.3,1,2.53,2.75,0.79,4.56
西瓜,10,1,0,0,0.98,247.04,7.8,23.2,1,18.43,9.58,9.13,12.18
西红柿,10,1,0,0,0.962,273.4,9.0,20.7,1,6.68,3.09,8.18,5.92
香蕉,10,1,0,0,0.944,270.34,8.0,18.5,0,0.9,2.46,1.4,4.1
黄瓜,10,1,0,0,0.971,260.11,7.0,21.5,0,5.64,4.28,5.24,8.53
土豆,11,1,0,0,0.995,195.63,4.0,21.1,0,3.96,16.97,13.77,17.58
芒果,11,1,0,0,0.861,274.32,17.25,23.3,0,1.85,3.42,4.95,0.53
苹果,11,1,0,0,0.974,269.94,8.4,24.1,1,4.29,1.11,6.58,1.57
草莓,11,1,0,0,0.876,295.35,40.0,21.3,0,0.32,0.97,1.35,1.2
葡萄,11,1,0,0,0.897,281.77,14.0,24.8,0,0.48,1.09,1.68,0.92
西瓜,11,1,0,0,0.972,234.86,6.0,25.9,0,1.8,13.44,52.78,10.94
西红柿,11,1,0,0,0.95,267.48,9.0,22.3,0,2.71,10.73,6.71,7.25
香蕉,11,1,0,0,0.922,266.24,9.2,23.6,0,3.32,2.74,7.67,4.58
黄瓜,11,1,0,0,0.961,251.58,7.0,24.2,0,4.79,4.23,6.72,3.11
土豆,12,1,0,0,0.994,178.05,4.0,22.5,0,17.22,8.23,22.58,9.07
芒果,12,1,0,0,0.824,273.79,19.5,23.4,1,1.86,5.69,2.81,1.71
苹果,12,1,0,0,0.967,268.37,13.8,25.4,1,4.75,7.34,4.33,3.4
草莓,12,1,0,0,0.823,294.15,40.0,23.9,0,1.12,0.58,0.53,0.78
葡萄,12,1,0,0,0.866,280.85,26.0,24.6,0,4.56,4.57,4.31,1.45
西瓜,12,1,0,0,0.964,223.92,6.0,27.7,1,12.18,25.9,6.61,17.22
西红柿,12,1,0,0,0.935,260.23,9.0,26.0,0,5.92,17.23,7.43,5.6
香蕉,12,1,0,0,0.894,261.66,8.0,27.0,0,4.1,2.08,9.1,4.35
黄瓜,12,1,0,0,0.949,248.47,9.1,26.3,0,8.53,10.02,12.98,6.25
土豆,13,1,0,0,0.993,168.98,4.6,25.9,0,17.58,10.14,10.86,4.26
芒果,13,1,0,0,0.774,272.08,15.0,26.5,0,0.53,2.91,3.68,0.53
苹果,13,1,0,0,0.96,264.97,13.8,28.7,0,1.57,9.18,5.43,2.37
草莓,13,1,0,0,0.729,293.37,34.0,30.6,0,1.2,0.18,0.18,0.18
葡萄,13,1,0,0,0.83,279.4,20.0,26.0,0,0.92,1.57,2.2,0.91
西瓜,13,1,0,0,0.957,206.7,6.0,27.1,0,10.94,15.19,26.33,28.86
西红柿,13,1,0,0,0.922,254.63,9.0,24.0,0,7.25,1.44,8.25,4.78
香蕉,13,1,0,0,0.859,257.31,8.0,30.6,0,4.58,7.56,2.16,1.29
黄瓜,13,1,0,0,0.939,242.22,7.0,24.9,0,3.11,1.87,4.57,3.96
土豆,14,1,0,0,0.991,164.72,5.2,27.0,0,9.07,14.15,7.73,10.19
芒果,14,1,0,0,0.728,271.55,12.75,25.8,1,1.71,1.58,1.73,0.53
苹果,14,1,0,0,0.953,262.6,8.4,25.1,1,3.4,1.13,4.92,2.83
草莓,14,1,0,0,0.662,293.19,52.0,26.3,0,0.78,0.35,0.3,0.73
葡萄,14,1,0,0,0.796,278.49,20.0,25.6,0,1.45,1.2,1.13,0.38
西瓜,14,1,0,0,0.949,177.84,4.2,27.7,0,17.22,4.35,7.69,1.8
西红柿,14,1,0,0,0.908,249.85,6.3,26.1,1,5.6,1.39,4.7,3.45
香蕉,14,1,0,0,0.834,256.02,8.0,25.2,1,4.35,3.36,3.26,3.85
黄瓜,14,1,0,0,0.927,238.26,7.0,26.6,0,6.25,2.71,1.38,1.53
土豆,15,1,0,0,0.99,154.53,4.0,22.9,0,4.26,9.99,3.89,22.96
芒果,15,1,0,0,0.668,271.02,10.5,29.3,1,0.53,0.53,1.04,4.51
苹果,15,1,0,0,0.947,259.77,12.0,25.0,0,2.37,1.09,3.39,2.62
草莓,15,1,0,0,0.6,292.46,24.0,25.3,0,0.18,0.49,0.2,0.98
葡萄,15,1,0,0,0.759,278.11,26.0,26.9,1,0.91,0.95,0.82,1.01
西瓜,15,1,0,0,0.942,176.04,7.8,24.7,0,28.86,7.13,7.97,44.55
西红柿,15,1,0,0,0.894,246.4,9.0,24.9,0,4.78,2.64,2.9,10.75
香蕉,15,1,0,0,0.809,252.17,6.8,25.2,0,1.29,1.19,0.9,8.76
黄瓜,15,1,0,0,0.916,236.73,9.1,26.2,0,3.96,2.63,1.91,12.64
土豆,16,1,0,0,0.989,131.57,4.0,25.1,1,10.19,29.19,10.96,48.76
芒果,16,1,0,0,0.608,266.51,10.5,29.4,0,0.53,4.67,2.68,2.3
苹果,16,1,0,0,0.942,257.15,15.6,19.8,0,2.83,6.52,8.29,9.53
草莓,16,1,0,0,0.54,291.48,24.0,24.9,0,0.73,1.02,1.2,1.6
葡萄,16,1,0,0,0.726,277.1,26.0,25.5,0,0.38,2.44,6.16,2.36
西瓜,16,1,0,0,0.934,131.49,6.0,28.2,0,1.8,20.62,52.36,35.66
西红柿,16,1,0,0,0.883,235.65,9.0,22.2,0,3.45,9.7,3.75,16.94
香蕉,16,1,0,0,0.786,243.41,6.8,24.5,0,3.85,2.11,10.49,3.9
黄瓜,16,1,0,0,0.906,224.09,7.0,24.3,0,1.53,12.05,14.02,18.9
土豆,17,1,0,0,0.988,82.81,4.0,23.8,0,22.96,25.22,43.29,36.3
芒果,17,1,0,0,0.57,264.21,9.0,23.4,1,4.51,2.35,3.87,4.5
苹果,17,1,0,0,0.936,247.62,12.0,24.2,0,2.62,5.12,17.79,15.89
草莓,17,1,0,0,0.489,289.88,24.0,23.5,0,0.98,1.45,0.57,0.98
葡萄,17,1,0,0,0.702,274.74,20.0,21.5,0,1.01,2.02,2.35,1.03
西瓜,17,1,0,0,0.927,95.83,4.2,25.8,0,44.55,18.99,34.19,31.89
西红柿,17,1,0,0,0.867,218.71,7.65,27.9,0,10.75,12.65,12.75,12.03
香蕉,17,1,0,0,0.765,239.51,8.0,23.2,1,8.76,9.5,11.94,17.53
黄瓜,17,1,0,0,0.896,205.19,7.0,24.8,0,12.64,15.83,18.43,20.07
土豆,18,1,0,0,0.987,46.51,4.0,19.8,0,48.76,41.06,16.83,39.34
芒果,18,1,0,0,0.52,259.71,9.0,26.5,0,2.3,5.75,3.64,4.27
苹果,18,1,0,0,0.929,231.73,10.2,24.2,0,9.53,10.66,9.51,15.89
草莓,18,1,0,0,0.455,288.9,24.0,20.8,0,1.6,1.49,1.34,0.87
葡萄,18,1,0,0,0.679,273.71,20.0,21.0,1,2.36,3.56,1.28,1.07
西瓜,18,1,0,0,0.921,63.94,5.1,21.3,0,35.66,26.08,5.43,12.25
西红柿,18,1,0,0,0.854,206.68,9.0,22.8,0,16.94,11.13,12.74,11.18
香蕉,18,1,0,0,0.74,221.98,5.6,25.1,0,3.9,6.77,4.48,3.71
黄瓜,18,1,0,0,0.888,185.12,5.95,19.7,0,18.9,20.84,11.47,13.37
土豆,19,1,0,0,0.986,7.17,4.0,22.5,0,36.3,16.04,34.05,7.17
芒果,19,1,0,0,0.498,255.44,9.0,19.3,0,4.5,4.93,5.34,2.74
苹果,19,1,0,0,0.924,215.84,8.4,19.6,0,15.89,3.68,12.13,18.98
草莓,19,1,0,0,0.432,288.03,24.0,18.7,0,0.98,1.36,1.83,0.5
葡萄,19,1,0,0,0.661,272.64,20.0,19.4,1,1.03,0.95,3.71,1.59
西瓜,19,1,0,0,0.916,51.69,5.1,21.1,1,31.89,29.08,2.65,6.11
西红柿,19,1,0,0,0.844,195.5,9.0,20.2,0,12.03,5.84,6.19,17.61
香蕉,19,1,0,0,0.727,218.27,10.4,19.4,0,17.53,7.48,8.25,12.31
黄瓜,19,1,0,0,0.878,171.75,8.05,24.0,0,20.07,14.93,5.66,24.66
土豆,20,1,0,0,0.985,0.0,2.4,21.1,0,39.34,61.48,53.0,0.0
芒果,20,1,0,0,0.482,252.7,9.0,17.5,0,4.27,3.95,4.54,0.92
苹果,20,1,0,0,0.92,196.86,7.2,19.8,0,15.89,15.62,14.24,5.25
草莓,20,1,0,0,0.414,287.53,24.0,18.0,0,0.87,0.79,1.03,0.18
葡萄,20,1,0,0,0.642,271.05,12.0,19.4,1,1.07,3.56,4.9,1.19
西瓜,20,1,0,0,0.913,45.58,3.6,15.2,0,12.25,40.75,9.88,3.02
西红柿,20,1,0,0,0.834,177.89,5.4,20.1,0,11.18,19.08,19.44,7.54
香蕉,20,1,0,0,0.717,205.96,4.8,17.1,0,3.71,11.3,12.46,1.38
黄瓜,20,1,0,0,0.871,147.09,4.2,18.2,0,13.37,12.95,14.06,6.71
土豆,21,1,0,0,0.984,0.0,2.4,16.7,0,7.17,16.8,0.0,0.0
芒果,21,1,0,0,0.475,251.78,9.0,15.2,0,2.74,0.67,0.98,0.0
苹果,21,1,0,0,0.916,191.61,7.2,16.1,0,18.98,4.31,4.39,0.0
草莓,21,1,0,0,0.399,287.35,24.0,17.5,1,0.5,0.47,0.49,0.0
葡萄,21,1,0,0,0.63,269.86,12.0,16.9,0,1.59,0.95,1.56,0.0
西瓜,21,1,0,0,0.909,42.56,3.6,17.4,0,6.11,2.44,1.8,0.0
西红柿,21,1,0,0,0.827,170.35,5.4,16.7,0,17.61,7.65,6.98,0.0
香蕉,21,1,0,0,0.707,204.58,4.8,17.1,1,12.31,4.46,5.68,0.0
黄瓜,21,1,0,0,0.863,140.38,4.2,18.6,0,24.66,7.28,6.13,0.05
土豆,22,1,0,0,0.983,0.0,2.4,11.0,0,0.0,0.0,0.0,0.0
芒果,22,1,0,0,0.466,251.78,9.0,15.9,0,0.92,0.02,0.0,0.0
苹果,22,1,0,0,0.913,191.61,7.2,11.9,1,5.25,0.0,0.0,0.0
草莓,22,1,0,0,0.384,287.35,24.0,17.6,0,0.18,0.0,0.0,0.0
葡萄,22,1,0,0,0.613,269.86,12.0,18.8,0,1.19,0.0,0.0,0.0
西瓜,22,1,0,0,0.905,42.56,3.6,15.5,0,3.02,0.0,0.0,0.0
西红柿,22,1,0,0,0.82,170.35,5.4,16.0,0,7.54,0.0,0.0,0.0
香蕉,22,1,0,0,0.699,204.58,4.8,16.7,0,1.38,0.0,0.0,0.0
黄瓜,22,1,0,0,0.858,140.33,4.2,14.3,0,6.71,0.11,0.0,0.0
土豆,23,1,0,0,0.983,0.0,2.4,13.7,0,0.0,0.0,0.0,0.0
芒果,23,1,0,0,0.461,251.78,9.0,11.1,1,0.0,0.0,0.0,0.0
苹果,23,1,0,0,0.911,191.61,7.2,10.1,0,0.0,0.0,0.0,0.0
草莓,23,1,0,0,0.378,287.35,24.0,14.1,0,0.0,0.0,0.0,0.0
葡萄,23,1,0,0,0.607,269.86,12.0,14.3,0,0.0,0.0,0.0,0.0
西瓜,23,1,0,0,0.903,42.56,3.6,13.8,0,0.0,0.0,0.0,0.0
西红柿,23,1,0,0,0.813,170.35,5.4,15.2,0,0.0,0.0,0.0,0.0
香蕉,23,1,0,0,0.691,204.58,4.8,16.0,0,0.0,0.0,0.0,0.0
黄瓜,23,1,0,0,0.855,140.33,4.2,11.1,0,0.05,0.0,0.0,0.0
土豆,0,2,0,0,0.982,0.0,4.0,12.2,0,0.0,0.0,0.0,0.0
芒果,0,2,0,0,0.452,251.78,9.0,15.6,0,0.0,0.0,0.19,0.0
苹果,0,2,0,0,0.908,191.61,12.0,12.2,1,0.0,0.0,0.0,0.0
草莓,0,2,0,0,0.372,287.35,24.0,12.1,0,0.0,0.0,0.0,0.0
葡萄,0,2,0,0,0.603,269.86,20.0,9.9,0,0.0,0.0,0.0,0.0
西瓜,0,2,0,0,0.901,42.56,6.0,12.5,1,0.0,0.06,0.0,0.0
西红柿,0,2,0,0,0.81,170.35,9.0,11.6,0,0.0,0.0,0.0,0.0
香蕉,0,2,0,0,0.688,204.58,9.2,10.0,1,0.0,0.0,0.0,0.0
黄瓜,0,2,0,0,0.85,140.33,7.0,14.2,0,0.0,0.0,0.0,0.0
土豆,1,2,0,0,0.981,0.0,4.0,10.8,0,0.0,0.0,0.0,0.0
芒果,1,2,0,0,0.447,251.78,9.0,14.0,0,0.0,0.0,0.0,0.0
苹果,1,2,0,0,0.907,191.61,12.0,9.1,0,0.0,0.0,0.21,0.0
草莓,1,2,0,0,0.366,287.35,24.0,14.4,0,0.0,0.0,0.0,0.0
葡萄,1,2,0,0,0.599,269.86,12.0,9.3,1,0.0,0.0,0.0,0.0
西瓜,1,2,0,0,0.9,42.56,7.8,9.0,0,0.0,0.0,0.0,0.0
西红柿,1,2,0,0,0.808,170.35,9.0,9.3,0,0.0,0.0,0.0,0.0
香蕉,1,2,0,0,0.685,204.58,10.4,12.1,0,0.0,0.0,0.0,0.0
黄瓜,1,2,0,0,0.846,140.33,7.0,12.2,0,0.0,0.0,0.0,0.0
土豆,2,2,0,0,0.981,0.0,4.0,12.0,0,0.0,0.0,0.0,0.0
芒果,2,2,0,0,0.442,251.78,9.0,12.7,0,0.0,0.0,0.0,0.0
苹果,2,2,0,0,0.906,191.61,10.2,7.0,0,0.0,0.0,0.0,0.0
草莓,2,2,0,0,0.36,287.35,24.0,9.0,0,0.0,0.06,0.0,0.03
葡萄,2,2,0,0,0.595,269.86,12.0,6.3,0,0.0,0.0,0.0,0.0
西瓜,2,2,0,0,0.898,42.56,7.8,11.6,0,0.0,0.0,0.0,0.0
西红柿,2,2,0,0,0.802,170.35,9.0,14.4,0,0.0,0.0,0.0,0.0
香蕉,2,2,0,0,0.679,204.58,5.6,15.4,1,0.0,0.0,0.0,0.0
黄瓜,2,2,0,0,0.843,140.33,9.1,10.6,0,0.0,0.0,0.0,0.0
土豆,3,2,0,0,0.98,0.0,5.2,8.0,0,0.0,0.0,0.0,0.0
芒果,3,2,0,0,0.437,251.78,9.0,8.9,0,0.0,0.0,0.0,0.0
苹果,3,2,0,0,0.903,191.61,12.0,12.9,0,0.0,0.0,0.02,0.0
草莓,3,2,0,0,0.354,287.32,24.0,11.6,0,0.0,0.0,0.0,0.0
葡萄,3,2,0,0,0.591,269.86,12.0,10.1,0,0.0,0.0,0.0,0.0
西瓜,3,2,0,0,0.897,42.56,6.0,8.7,0,0.0,0.0,0.0,0.0
西红柿,3,2,0,0,0.797,170.35,7.65,13.2,1,0.0,0.0,0.0,0.0
香蕉,3,2,0,0,0.673,204.58,9.2,15.0,0,0.0,0.21,0.0,0.0
黄瓜,3,2,0,0,0.84,140.33,7.0,10.0,0,0.0,0.0,0.0,0.0
土豆,4,2,0,0,0.98,0.0,4.0,10.3,0,0.0,0.0,0.0,0.0
芒果,4,2,0,0,0.432,251.78,9.0,11.7,1,0.0,0.0,0.0,0.0
苹果,4,2,0,0,0.899,191.61,15.6,15.3,0,0.0,0.0,0.0,0.0
草莓,4,2,0,0,0.348,287.32,24.0,10.7,0,0.03,0.0,0.0,0.0
葡萄,4,2,0,0,0.587,269.86,12.0,11.2,0,0.0,0.0,0.0,0.08
西瓜,4,2,0,0,0.894,42.56,6.0,12.9,0,0.0,0.0,0.0,0.0
西红柿,4,2,0,0,0.79,170.35,6.3,15.3,0,0.0,0.0,0.0,0.0
香蕉,4,2,0,0,0.67,204.58,5.6,13.0,1,0.0,0.0,0.0,0.0
黄瓜,4,2,0,0,0.837,140.33,9.1,11.3,0,0.0,0.0,0.0,0.0
土豆,5,2,0,0,0.979,0.0,4.0,11.2,1,0.0,0.0,0.0,3.98
芒果,5,2,0,0,0.427,251.78,9.0,14.7,0,0.0,0.04,0.0,3.28
苹果,5,2,0,0,0.897,191.61,15.6,12.1,1,0.0,0.0,0.0,4.73
草莓,5,2,0,0,0.342,287.32,24.0,11.5,0,0.0,0.0,0.0,0.86
葡萄,5,2,0,0,0.583,269.78,12.0,9.1,0,0.0,0.0,0.0,1.72
西瓜,5,2,0,0,0.893,42.56,6.0,11.3,0,0.0,0.0,0.0,2.98
西红柿,5,2,0,0,0.786,170.35,11.7,12.7,0,0.0,0.0,0.0,4.93
香蕉,5,2,0,0,0.663,204.58,9.2,15.7,0,0.0,0.0,0.0,3.79
黄瓜,5,2,0,0,0.833,140.33,7.0,10.8,0,0.0,0.0,0.0,4.78
土豆,6,2,0,0,1.0,296.02,5.2,13.0,0,0.0,17.83,5.68,15.13
芒果,6,2,0,0,1.0,296.72,10.5,12.5,0,0.0,2.58,3.88,6.26
苹果,6,2,0,0,1.0,295.27,10.2,15.4,0,0.0,2.72,1.22,11.05
草莓,6,2,0,0,1.0,299.14,40.0,16.5,0,0.0,1.05,0.18,0.83
葡萄,6,2,0,0,1.0,298.28,20.0,12.9,0,0.08,1.18,0.64,3.26
西瓜,6,2,0,0,1.0,297.02,4.2,15.5,0,0.0,1.8,1.8,10.11
西红柿,6,2,0,0,1.0,295.07,9.0,16.7,0,0.0,4.0,2.28,9.39
香蕉,6,2,0,0,1.0,296.21,8.0,16.5,0,0.0,4.34,1.15,6.84
黄瓜,6,2,0,0,1.0,295.22,7.0,16.6,0,0.0,1.49,4.45,25.58
土豆,7,2,0,0,0.999,280.89,4.6,15.7,0,3.98,21.45,42.27,22.24
芒果,7,2,0,0,0.992,290.46,12.75,15.5,0,3.28,7.82,2.41,7.9
苹果,7,2,0,0,0.996,284.22,10.2,16.5,0,4.73,6.16,6.08,7.52
草莓,7,2,0,0,0.99,298.31,52.0,16.6,0,0.86,1.32,2.8,2.42
葡萄,7,2,0,0,0.986,295.02,20.0,17.5,0,1.72,6.9,4.58,2.61
西瓜,7,2,0,0,0.995,286.91,6.9,18.7,0,2.98,7.0,5.17,14.44
西红柿,7,2,0,0,0.994,285.68,9.0,15.3,0,4.93,4.46,10.99,3.12
香蕉,7,2,0,0,0.994,289.37,8.0,15.0,0,3.79,10.49,6.0,13.95
黄瓜,7,2,0,0,0.994,269.64,4.9,16.5,0,4.78,10.22,13.0,8.19
土豆,8,2,0,0,0.998,258.65,4.0,20.3,0,15.13,26.95,15.46,18.94
芒果,8,2,0,0,0.966,282.56,12.75,20.2,0,6.26,7.33,8.53,1.47
苹果,8,2,0,0,0.991,276.7,12.0,19.0,0,11.05,3.4,9.04,3.1
草莓,8,2,0,0,0.982,295.89,34.0,16.4,0,0.83,0.32,1.04,1.18
葡萄,8,2,0,0,0.968,292.41,23.0,19.1,0,3.26,2.58,0.84,4.64
西瓜,8,2,0,0,0.99,272.47,6.0,20.9,0,10.11,23.93,1.8,10.83
西红柿,8,2,0,0,0.984,282.56,11.7,18.7,1,9.39,8.75,3.05,11.08
香蕉,8,2,0,0,0.975,275.42,5.6,22.1,0,6.84,10.61,8.89,2.72
黄瓜,8,2,0,0,0.989,261.45,8.05,14.8,0,25.58,17.75,16.94,2.96
土豆,9,2,0,0,0.997,239.71,4.0,23.4,0,22.24,16.96,30.79,6.17
芒果,9,2,0,0,0.953,281.09,19.5,16.8,0,7.9,4.24,1.32,1.71
苹果,9,2,0,0,0.986,273.6,12.0,22.7,0,7.52,8.74,3.29,3.39
草莓,9,2,0,0,0.942,294.71,40.0,21.7,0,2.42,0.52,0.49,0.84
葡萄,9,2,0,0,0.945,287.77,14.0,21.2,0,2.61,2.53,1.82,0.42
西瓜,9,2,0,0,0.985,261.64,6.0,20.2,0,14.44,18.43,1.8,15.35
西红柿,9,2,0,0,0.976,271.48,6.3,18.4,0,3.12,6.68,6.34,6.2
香蕉,9,2,0,0,0.958,272.7,5.6,21.2,1,13.95,0.9,5.96,2.51
黄瓜,9,2,0,0,0.98,258.49,9.1,20.4,0,8.19,5.64,2.65,6.58
土豆,10,2,0,0,0.996,233.54,4.0,22.9,1,18.94,3.96,5.15,20.42
芒果,10,2,0,0,0.924,279.38,15.0,21.2,0,1.47,1.85,0.53,5.37
苹果,10,2,0,0,0.979,270.21,12.0,24.4,0,3.1,4.29,5.79,2.45
草莓,10,2,0,0,0.89,293.87,40.0,23.7,0,1.18,0.32,0.67,0.67
葡萄,10,2,0,0,0.925,287.35,20.0,20.1,1,4.64,0.48,0.48,4.49
西瓜,10,2,0,0,0.98,246.29,4.2,19.9,0,10.83,1.8,7.88,9.85
西红柿,10,2,0,0,0.964,265.28,7.65,22.9,0,11.08,2.71,3.0,6.5
香蕉,10,2,0,0,0.941,270.19,8.0,21.1,0,2.72,3.32,3.73,6.73
黄瓜,10,2,0,0,0.968,251.91,5.95,28.3,0,2.96,4.79,5.09,7.18
土豆,11,2,0,0,0.995,213.12,4.0,19.7,0,6.17,17.22,28.07,11.82
芒果,11,2,0,0,0.871,274.01,10.5,27.4,0,1.71,1.86,1.78,1.39
苹果,11,2,0,0,0.972,267.76,12.0,26.7,1,3.39,4.75,10.16,10.35
草莓,11,2,0,0,0.825,293.2,46.0,25.8,0,0.84,1.12,0.35,1.02
葡萄,11,2,0,0,0.899,282.86,14.0,22.5,0,0.42,4.56,2.77,0.73
西瓜,11,2,0,0,0.974,236.44,6.9,24.2,0,15.35,12.18,14.94,9.63
西红柿,11,2,0,0,0.951,258.78,9.0,23.2,0,6.2,5.92,10.2,16.15
香蕉,11,2,0,0,0.916,263.46,8.0,25.2,0,2.51,4.1,10.47,6.74
黄瓜,11,2,0,0,0.958,244.73,8.05,23.9,0,6.58,8.53,9.16,9.67
土豆,12,2,0,0,0.994,201.3,4.6,24.4,0,20.42,17.58,31.59,15.56
芒果,12,2,0,0,0.824,272.62,15.0,25.9,1,5.37,0.53,2.46,3.74
苹果,12,2,0,0,0.965,257.41,8.4,26.8,0,2.45,1.57,9.78,7.61
草莓,12,2,0,0,0.764,292.18,40.0,25.2,0,0.67,1.2,0.78,0.33
葡萄,12,2,0,0,0.86,282.13,26.0,27.4,0,4.49,0.92,1.34,0.99
西瓜,12,2,0,0,0.966,226.81,6.0,26.5,1,9.85,10.94,15.68,14.87
西红柿,12,2,0,0,0.938,242.63,6.3,23.9,0,6.5,7.25,6.93,9.44
香蕉,12,2,0,0,0.888,256.72,8.0,27.4,0,6.73,4.58,5.03,4.43
黄瓜,12,2,0,0,0.946,235.06,7.0,27.8,0,7.18,3.11,10.41,12.63
土豆,13,2,0,0,0.992,185.74,4.0,23.7,0,11.82,9.07,11.87,9.22
芒果,13,2,0,0,0.787,268.88,10.5,23.1,0,1.39,1.71,2.17,0.91
苹果,13,2,0,0,0.958,249.8,8.4,25.8,0,10.35,3.4,3.9,2.22
草莓,13,2,0,0,0.687,291.85,46.0,27.7,0,1.02,0.78,0.18,0.18
葡萄,13,2,0,0,0.829,281.14,23.0,24.7,0,0.73,1.45,0.53,0.38
西瓜,13,2,0,0,0.958,211.94,6.0,27.9,0,9.63,17.22,4.46,10.29
西红柿,13,2,0,0,0.923,233.19,7.65,26.5,0,16.15,5.6,4.56,3.85
香蕉,13,2,0,0,0.856,252.29,8.0,28.8,0,6.74,4.35,3.3,2.25
黄瓜,13,2,0,0,0.935,222.43,4.9,26.5,0,9.67,6.25,9.52,8.91
土豆,14,2,0,0,0.991,176.52,4.0,26.1,0,15.56,4.26,10.28,5.11
芒果,14,2,0,0,0.726,267.97,17.25,29.6,0,3.74,0.53,0.53,1.66
苹果,14,2,0,0,0.951,247.58,13.8,29.0,0,7.61,2.37,0.75,1.17
草莓,14,2,0,0,0.603,291.67,40.0,29.1,0,0.33,0.18,0.41,0.36
葡萄,14,2,0,0,0.794,280.76,26.0,25.9,0,0.99,0.91,1.17,1.22
西瓜,14,2,0,0,0.95,201.65,6.9,29.5,0,14.87,28.86,10.06,6.39
西红柿,14,2,0,0,0.908,229.34,9.0,26.9,0,9.44,4.78,3.25,3.26
香蕉,14,2,0,0,0.831,250.04,8.0,25.4,0,4.43,1.29,2.1,1.37
黄瓜,14,2,0,0,0.92,213.52,4.9,31.7,0,12.63,3.96,3.17,3.11
土豆,15,2,0,0,0.99,171.41,4.6,23.5,1,9.22,10.19,6.16,30.0
芒果,15,2,0,0,0.677,266.31,10.5,26.3,0,0.91,0.53,1.89,4.12
苹果,15,2,0,0,0.943,246.41,15.6,28.3,0,2.22,2.83,2.19,4.85
草莓,15,2,0,0,0.533,291.31,24.0,26.7,0,0.18,0.73,0.18,0.93
葡萄,15,2,0,0,0.756,279.54,14.0,27.1,0,0.38,0.38,0.38,1.77
西瓜,15,2,0,0,0.943,195.26,6.0,23.9,0,10.29,1.8,6.91,41.57
西红柿,15,2,0,0,0.893,226.08,9.0,26.9,0,3.85,3.45,4.39,3.21
香蕉,15,2,0,0,0.801,248.67,9.2,27.7,0,2.25,3.85,2.56,6.27
黄瓜,15,2,0,0,0.908,210.41,7.0,28.8,0,8.91,1.53,2.19,4.81
土豆,16,2,0,0,0.989,141.41,4.0,23.7,0,5.11,22.96,26.81,36.11
芒果,16,2,0,0,0.625,262.19,10.5,27.2,0,1.66,4.51,1.18,2.08
苹果,16,2,0,0,0.936,241.56,12.0,28.2,0,1.17,2.62,8.23,20.88
草莓,16,2,0,0,0.48,290.38,24.0,23.8,0,0.36,0.98,1.1,1.0
葡萄,16,2,0,0,0.717,277.77,23.0,27.5,0,1.22,1.01,1.8,5.87
西瓜,16,2,0,0,0.936,153.69,4.2,25.5,0,6.39,44.55,40.98,11.01
西红柿,16,2,0,0,0.875,222.87,11.7,30.5,0,3.26,10.75,21.22,12.73
香蕉,16,2,0,0,0.779,242.4,8.0,24.1,0,1.37,8.76,5.34,12.55
黄瓜,16,2,0,0,0.899,205.6,9.1,22.3,0,3.11,12.64,4.67,16.26
土豆,17,2,0,0,0.988,105.3,4.0,23.9,0,30.0,48.76,42.25,39.43
芒果,17,2,0,0,0.577,260.11,9.0,26.3,1,4.12,2.3,4.64,1.96
苹果,17,2,0,0,0.931,220.68,8.4,20.4,0,4.85,9.53,7.36,18.14
草莓,17,2,0,0,0.428,289.38,24.0,23.6,0,0.93,1.6,0.68,1.12
葡萄,17,2,0,0,0.698,271.9,14.0,19.9,0,1.77,2.36,1.1,2.62
西瓜,17,2,0,0,0.93,142.68,7.8,21.7,0,41.57,35.66,40.2,28.76
西红柿,17,2,0,0,0.862,210.14,9.0,23.7,0,3.21,16.94,14.9,13.12
香蕉,17,2,0,0,0.75,229.85,6.8,27.4,0,6.27,3.9,5.38,8.22
黄瓜,17,2,0,0,0.889,189.34,7.0,23.8,0,4.81,18.9,19.22,13.72
土豆,18,2,0,0,0.987,65.87,4.0,22.4,0,36.11,36.3,30.31,45.72
芒果,18,2,0,0,0.548,258.15,9.0,20.9,1,2.08,4.5,5.81,3.59
苹果,18,2,0,0,0.924,202.54,8.4,23.9,0,20.88,15.89,3.85,9.8
草莓,18,2,0,0,0.387,288.26,24.0,21.9,0,1.0,0.98,0.5,0.57
葡萄,18,2,0,0,0.675,269.28,17.0,21.1,0,5.87,1.03,1.11,1.56
西瓜,18,2,0,0,0.925,113.92,6.0,21.7,0,11.01,31.89,37.98,26.48
西红柿,18,2,0,0,0.849,197.02,9.0,24.5,0,12.73,12.03,18.3,4.54
香蕉,18,2,0,0,0.73,221.63,8.0,22.7,0,12.55,17.53,7.27,3.52
黄瓜,18,2,0,0,0.879,175.62,7.0,22.6,0,16.26,20.07,9.34,9.25
土豆,19,2,0,0,0.985,20.15,4.0,21.1,0,39.43,39.34,13.31,20.15
芒果,19,2,0,0,0.517,254.56,9.0,21.8,0,1.96,4.27,5.42,2.47
苹果,19,2,0,0,0.919,192.74,12.0,21.4,0,18.14,15.89,7.78,13.96
草莓,19,2,0,0,0.343,287.69,24.0,22.3,0,1.12,0.87,1.21,0.41
葡萄,19,2,0,0,0.653,267.72,23.0,20.6,0,2.62,1.07,2.41,3.43
西瓜,19,2,0,0,0.919,87.44,6.0,21.9,0,28.76,12.25,51.06,7.45
西红柿,19,2,0,0,0.836,192.48,11.7,23.4,0,13.12,11.18,11.27,17.83
香蕉,19,2,0,0,0.716,218.11,6.8,19.5,1,8.22,3.71,3.24,10.31
黄瓜,19,2,0,0,0.872,166.37,8.05,19.7,0,13.72,13.37,21.63,9.38
土豆,20,2,0,0,0.984,0.0,2.4,19.5,0,45.72,7.17,0.0,0.0
芒果,20,2,0,0,0.491,252.09,9.0,20.1,0,3.59,2.74,4.16,0.82
苹果,20,2,0,0,0.916,178.78,7.2,15.2,0,9.8,18.98,16.62,6.18
草莓,20,2,0,0,0.322,287.28,24.0,18.5,0,0.57,0.5,0.71,0.18
葡萄,20,2,0,0,0.637,264.29,12.0,18.4,0,1.56,1.59,4.85,1.33
西瓜,20,2,0,0,0.915,79.99,3.6,17.5,0,26.48,6.11,3.29,2.52
西红柿,20,2,0,0,0.83,174.65,5.4,15.0,0,4.54,17.61,19.89,5.92
香蕉,20,2,0,0,0.696,207.8,4.8,22.8,0,3.52,12.31,12.53,2.52
黄瓜,20,2,0,0,0.864,156.99,4.2,19.1,0,9.25,24.66,23.07,4.98
土豆,21,2,0,0,0.984,0.0,2.4,18.3,0,20.15,0.0,0.0,0.0
芒果,21,2,0,0,0.476,251.27,9.0,17.4,0,2.47,0.92,1.85,0.0
苹果,21,2,0,0,0.912,172.6,7.2,14.6,0,13.96,5.25,5.16,0.0
草莓,21,2,0,0,0.316,287.1,24.0,14.5,0,0.41,0.18,0.18,0.0
葡萄,21,2,0,0,0.621,262.96,12.0,18.6,0,3.43,1.19,1.55,0.0
西瓜,21,2,0,0,0.911,77.47,3.6,17.0,0,7.45,3.02,2.53,0.0
西红柿,21,2,0,0,0.824,168.73,5.4,14.6,0,17.83,7.54,4.91,0.0
香蕉,21,2,0,0,0.685,205.28,4.8,17.4,0,10.31,1.38,1.76,0.0
黄瓜,21,2,0,0,0.86,152.01,4.2,12.6,0,9.38,6.71,7.18,0.0
土豆,22,2,0,0,0.983,0.0,2.4,17.1,0,0.0,0.0,0.0,0.0
芒果,22,2,0,0,0.464,251.27,9.0,16.5,0,0.82,0.0,0.0,0.0
苹果,22,2,0,0,0.909,172.6,7.2,13.0,0,6.18,0.0,0.0,0.0
草莓,22,2,0,0,0.31,287.1,24.0,14.4,0,0.18,0.0,0.0,0.0
葡萄,22,2,0,0,0.613,262.96,12.0,15.1,0,1.33,0.0,0.14,0.0
西瓜,22,2,0,0,0.909,77.47,3.6,13.0,0,2.52,0.0,0.0,0.0
西红柿,22,2,0,0,0.818,168.73,5.4,14.3,0,5.92,0.0,0.12,0.0
香蕉,22,2,0,0,0.681,205.28,4.8,14.1,0,2.52,0.0,0.0,0.0
黄瓜,22,2,0,0,0.855,152.01,4.2,14.4,0,4.98,0.05,0.0,0.0
土豆,23,2,0,0,0.982,0.0,2.4,12.3,0,0.0,0.0,0.0,0.0
芒果,23,2,0,0,0.459,251.27,9.0,9.2,0,0.0,0.0,0.0,0.05
苹果,23,2,0,0,0.907,172.6,7.2,11.6,0,0.0,0.0,0.0,0.0
草莓,23,2,0,0,0.304,287.1,24.0,12.5,0,0.0,0.0,0.0,0.0
葡萄,23,2,0,0,0.609,262.96,12.0,12.8,0,0.0,0.0,0.0,0.0
西瓜,23,2,0,0,0.905,77.47,3.6,15.7,0,0.0,0.0,0.0,0.0
西红柿,23,2,0,0,0.813,168.73,5.4,13.6,0,0.0,0.0,0.0,0.0
香蕉,23,2,0,0,0.678,205.28,4.8,13.7,0,0.0,0.0,0.0,0.0
黄瓜,23,2,0,0,0.851,152.01,4.2,11.3,1,0.0,0.0,0.0,0.0
土豆,0,3,0,0,0.981,0.0,3.4,13.2,0,0.0,0.0,0.0,0.0
芒果,0,3,0,0,0.454,251.22,9.0,14.5,0,0.0,0.0,0.0,0.0
苹果,0,3,0,0,0.904,172.6,12.0,12.6,0,0.0,0.0,0.0,0.0
草莓,0,3,0,0,0.298,287.1,24.0,10.2,0,0.0,0.0,0.0,0.0
葡萄,0,3,0,0,0.605,262.96,14.0,10.4,1,0.0,0.0,0.0,0.0
西瓜,0,3,0,0,0.903,77.47,5.1,11.8,0,0.0,0.0,0.0,0.0
西红柿,0,3,0,0,0.811,168.73,11.7,10.0,1,0.0,0.0,0.06,0.0
香蕉,0,3,0,0,0.675,205.28,6.8,11.4,0,0.0,0.0,0.0,0.0
黄瓜,0,3,0,0,0.847,152.01,7.0,12.5,0,0.0,0.0,0.0,0.0
土豆,1,3,0,0,0.981,0.0,3.4,11.4,1,0.0,0.0,0.0,0.0
芒果,1,3,0,0,0.449,251.22,9.0,11.6,0,0.05,0.0,0.0,0.0
苹果,1,3,0,0,0.902,172.6,12.0,10.6,0,0.0,0.0,0.0,0.0
草莓,1,3,0,0,0.292,287.1,24.0,7.9,1,0.0,0.0,0.0,0.0
葡萄,1,3,0,0,0.601,262.96,14.0,12.3,0,0.0,0.0,0.0,0.0
西瓜,1,3,0,0,0.902,77.47,6.0,7.7,0,0.0,0.0,0.0,0.0
西红柿,1,3,0,0,0.808,168.73,9.0,11.0,0,0.0,0.0,0.0,0.0
香蕉,1,3,0,0,0.672,205.28,5.6,9.3,1,0.0,0.0,0.0,0.0
黄瓜,1,3,0,0,0.842,152.01,7.0,14.3,0,0.0,0.0,0.0,0.0
土豆,2,3,0,0,0.98,0.0,4.0,12.3,0,0.0,0.0,0.0,0.0
芒果,2,3,0,0,0.444,251.22,9.0,9.8,0,0.0,0.0,0.0,0.0
苹果,2,3,0,0,0.9,172.6,12.0,10.1,1,0.0,0.0,0.1,0.0
草莓,2,3,0,0,0.286,287.1,24.0,9.8,0,0.0,0.0,0.0,0.0
葡萄,2,3,0,0,0.597,262.96,12.0,8.8,0,0.0,0.0,0.0,0.0
西瓜,2,3,0,0,0.901,77.47,6.0,9.5,0,0.0,0.0,0.0,0.03
西红柿,2,3,0,0,0.806,168.73,11.7,8.9,0,0.0,0.0,0.0,0.03
香蕉,2,3,0,0,0.669,205.28,8.0,10.7,0,0.0,0.0,0.02,0.0
黄瓜,2,3,0,0,0.839,152.01,9.1,11.5,0,0.0,0.0,0.0,0.0
土豆,3,3,0,0,0.98,0.0,5.2,11.3,1,0.0,0.0,0.0,0.0
芒果,3,3,0,0,0.439,251.22,9.0,11.4,0,0.0,0.0,0.0,0.0
苹果,3,3,0,0,0.897,172.6,12.0,11.4,1,0.0,0.0,0.14,0.0
草莓,3,3,0,0,0.28,287.1,24.0,10.2,0,0.0,0.03,0.0,0.0
葡萄,3,3,0,0,0.593,262.96,12.0,12.3,1,0.0,0.0,0.0,0.0
西瓜,3,3,0,0,0.9,77.44,6.0,10.6,0,0.0,0.0,0.0,0.0
西红柿,3,3,0,0,0.801,168.7,9.0,13.1,0,0.0,0.0,0.0,0.0
香蕉,3,3,0,0,0.666,205.28,8.0,10.7,0,0.0,0.0,0.0,0.0
黄瓜,3,3,0,0,0.835,152.01,8.05,11.7,0,0.0,0.0,0.0,0.0
土豆,4,3,0,0,0.979,0.0,4.0,12.8,0,0.0,0.0,0.0,0.0
芒果,4,3,0,0,0.434,251.22,9.0,7.9,0,0.0,0.0,0.0,0.0
苹果,4,3,0,0,0.895,172.6,12.0,11.6,1,0.0,0.0,0.04,0.0
草莓,4,3,0,0,0.274,287.1,24.0,11.0,0,0.0,0.0,0.0,0.0
葡萄,4,3,0,0,0.589,262.96,12.0,13.0,0,0.0,0.0,0.0,0.0
西瓜,4,3,0,0,0.899,77.44,6.0,9.6,0,0.03,0.0,0.0,0.0
西红柿,4,3,0,0,0.798,168.7,10.35,10.7,0,0.03,0.0,0.0,0.0
香蕉,4,3,0,0,0.663,205.28,8.0,10.7,0,0.0,0.0,0.0,0.0
黄瓜,4,3,0,0,0.832,152.01,7.0,9.6,0,0.0,0.0,0.0,0.19
土豆,5,3,0,0,0.978,0.0,5.2,12.1,0,0.0,0.0,0.0,3.7
芒果,5,3,0,0,0.429,251.22,9.0,12.4,0,0.0,0.0,0.0,2.24
苹果,5,3,0,0,0.892,172.6,15.6,11.3,0,0.0,0.0,0.0,1.6
草莓,5,3,0,0,0.266,287.1,24.0,16.4,0,0.0,0.0,0.03,0.37
葡萄,5,3,0,0,0.585,262.96,12.0,11.6,0,0.0,0.08,0.0,1.29
西瓜,5,3,0,0,0.896,77.44,4.2,12.9,0,0.0,0.0,0.0,1.8
西红柿,5,3,0,0,0.79,168.7,7.65,16.7,0,0.0,0.0,0.0,3.67
香蕉,5,3,0,0,0.66,205.28,8.0,10.8,0,0.0,0.0,0.0,6.44
黄瓜,5,3,0,0,0.829,151.82,7.0,11.0,0,0.0,0.0,0.0,1.93
土豆,6,3,0,0,1.0,296.3,5.2,13.5,0,0.0,3.98,12.25,15.99
芒果,6,3,0,0,1.0,297.76,15.0,9.8,0,0.0,3.28,2.66,3.08
苹果,6,3,0,0,1.0,298.4,10.2,15.0,1,0.0,4.73,3.05,4.75
草莓,6,3,0,0,1.0,299.63,52.0,12.3,0,0.0,0.86,0.33,1.47
葡萄,6,3,0,0,1.0,298.71,20.0,16.5,0,0.0,1.72,0.74,6.42
西瓜,6,3,0,0,1.0,298.2,6.0,15.8,1,0.0,2.98,1.8,2.93
西红柿,6,3,0,0,1.0,296.33,9.0,11.9,0,0.0,4.93,3.25,17.38
香蕉,6,3,0,0,1.0,293.56,5.6,13.7,0,0.0,3.79,1.16,11.9
黄瓜,6,3,0,0,1.0,298.07,9.1,18.6,0,0.19,4.78,2.39,9.54
土豆,7,3,0,0,0.999,280.31,4.6,16.0,0,3.7,15.13,18.34,44.12
芒果,7,3,0,0,0.995,294.68,17.25,12.6,0,2.24,6.26,2.41,4.38
苹果,7,3,0,0,0.995,293.65,13.8,18.7,0,1.6,11.05,7.22,5.34
草莓,7,3,0,0,0.992,298.16,40.0,16.3,0,0.37,0.83,0.69,0.72
葡萄,7,3,0,0,0.987,292.29,17.0,17.1,0,1.29,3.26,3.96,3.13
西瓜,7,3,0,0,0.996,295.27,6.9,16.8,0,1.8,10.11,4.21,16.88
西红柿,7,3,0,0,0.989,278.95,6.3,21.2,0,3.67,9.39,11.36,10.5
香蕉,7,3,0,0,0.99,281.66,5.6,17.4,0,6.44,6.84,20.13,10.36
黄瓜,7,3,0,0,0.994,288.53,7.0,15.5,0,1.93,25.58,8.42,14.58
土豆,8,3,0,0,0.998,236.19,2.8,17.4,0,15.99,22.24,21.84,15.79
芒果,8,3,0,0,0.96,290.3,15.0,22.7,0,3.08,7.9,6.53,2.83
苹果,8,3,0,0,0.991,288.31,13.8,16.6,0,4.75,7.52,8.65,10.1
草莓,8,3,0,0,0.985,297.44,52.0,16.2,0,1.47,2.42,1.83,1.52
葡萄,8,3,0,0,0.973,289.16,20.0,17.8,0,6.42,2.61,1.64,2.04
西瓜,8,3,0,0,0.991,278.39,6.0,20.2,0,2.93,14.44,4.49,4.38
西红柿,8,3,0,0,0.981,268.45,9.0,17.5,0,17.38,3.12,13.22,4.14
香蕉,8,3,0,0,0.982,271.3,8.0,16.4,0,11.9,13.95,10.85,4.61
黄瓜,8,3,0,0,0.986,273.95,5.95,20.8,1,9.54,8.19,11.41,3.58
土豆,9,3,0,0,0.997,220.4,4.0,18.7,0,44.12,18.94,13.82,10.21
芒果,9,3,0,0,0.942,287.47,15.0,18.0,0,4.38,1.47,2.17,1.54
苹果,9,3,0,0,0.986,278.21,8.4,22.6,0,5.34,3.1,6.32,1.15
草莓,9,3,0,0,0.962,295.92,34.0,18.9,0,0.72,1.18,1.55,0.82
葡萄,9,3,0,0,0.956,287.12,20.0,18.7,0,3.13,4.64,2.69,2.35
西瓜,9,3,0,0,0.986,274.01,6.0,21.4,1,16.88,10.83,3.09,14.47
西红柿,9,3,0,0,0.97,264.31,10.35,21.4,0,10.5,11.08,3.1,2.76
香蕉,9,3,0,0,0.966,266.69,8.0,20.1,0,10.36,2.72,6.01,1.95
黄瓜,9,3,0,0,0.978,270.37,9.1,19.0,0,14.58,2.96,3.11,3.63
土豆,10,3,0,0,0.996,210.19,4.0,24.0,0,15.79,6.17,10.11,6.92
芒果,10,3,0,0,0.909,285.93,15.0,22.2,0,2.83,1.71,0.68,5.49
苹果,10,3,0,0,0.979,277.06,15.6,24.9,0,10.1,3.39,1.32,4.25
草莓,10,3,0,0,0.917,295.1,40.0,22.4,0,1.52,0.84,0.24,1.23
葡萄,10,3,0,0,0.927,284.77,14.0,23.5,0,2.04,0.42,1.47,1.02
西瓜,10,3,0,0,0.979,259.54,4.2,24.6,0,4.38,15.35,2.91,14.18
西红柿,10,3,0,0,0.958,261.55,9.0,22.1,1,4.14,6.2,3.19,8.72
香蕉,10,3,0,0,0.951,264.74,9.2,20.1,0,4.61,2.51,1.38,2.74
黄瓜,10,3,0,0,0.969,266.74,7.0,21.9,0,3.58,6.58,4.79,9.17
土豆,11,3,0,0,0.995,203.27,5.2,22.0,0,10.21,20.42,11.43,11.43
芒果,11,3,0,0,0.872,280.44,12.75,23.2,0,1.54,5.37,3.42,2.35
苹果,11,3,0,0,0.973,272.81,13.8,25.4,0,1.15,2.45,6.57,1.51
草莓,11,3,0,0,0.854,293.87,40.0,25.5,0,0.82,0.67,0.51,0.95
葡萄,11,3,0,0,0.9,283.75,26.0,22.9,0,2.35,4.49,1.04,2.0
西瓜,11,3,0,0,0.973,245.36,6.0,22.5,0,14.47,9.85,22.24,45.66
西红柿,11,3,0,0,0.942,252.83,9.0,28.7,0,2.76,6.5,6.96,7.95
香蕉,11,3,0,0,0.929,262.0,8.0,23.9,1,1.95,6.73,3.86,0.93
黄瓜,11,3,0,0,0.959,257.57,7.0,23.9,0,3.63,7.18,19.43,12.92
土豆,12,3,0,0,0.994,191.84,4.0,24.3,1,6.92,11.82,22.42,14.45
芒果,12,3,0,0,0.833,278.09,17.25,23.7,0,5.49,1.39,3.71,3.58
苹果,12,3,0,0,0.966,271.3,13.8,26.4,1,4.25,10.35,5.68,4.05
草莓,12,3,0,0,0.819,292.92,40.0,20.8,0,1.23,1.02,0.58,0.73
葡萄,12,3,0,0,0.866,281.75,20.0,25.4,0,1.02,0.73,1.11,2.56
西瓜,12,3,0,0,0.965,199.7,5.1,27.3,0,14.18,9.63,11.06,9.35
西红柿,12,3,0,0,0.927,244.88,9.0,26.8,0,8.72,16.15,12.6,7.46
香蕉,12,3,0,0,0.904,261.07,10.4,25.1,1,2.74,6.74,2.24,4.48
黄瓜,12,3,0,0,0.948,244.65,4.9,25.9,1,9.17,9.67,5.82,6.94
土豆,13,3,0,0,0.993,177.39,4.0,26.7,0,11.43,15.56,16.75,3.53
芒果,13,3,0,0,0.787,274.51,10.5,25.6,0,2.35,3.74,0.94,0.53
苹果,13,3,0,0,0.959,267.25,12.0,26.6,0,1.51,7.61,1.64,3.97
草莓,13,3,0,0,0.723,292.19,28.0,31.1,0,0.95,0.33,0.57,0.55
葡萄,13,3,0,0,0.825,279.19,17.0,28.6,0,2.0,0.99,1.04,1.76
西瓜,13,3,0,0,0.959,190.35,6.0,24.0,0,45.66,14.87,3.85,5.57
西红柿,13,3,0,0,0.914,237.42,6.3,24.1,0,7.95,9.44,4.66,2.18
香蕉,13,3,0,0,0.874,256.59,8.0,28.0,0,0.93,4.43,9.01,1.85
黄瓜,13,3,0,0,0.937,237.71,5.95,27.0,0,12.92,12.63,4.2,3.76
土豆,14,3,0,0,0.991,173.86,5.2,23.9,0,14.45,9.22,6.62,10.26
芒果,14,3,0,0,0.721,273.98,15.0,30.9,1,3.58,0.91,1.16,1.46
苹果,14,3,0,0,0.952,263.28,10.2,25.5,0,4.05,2.22,2.63,2.59
草莓,14,3,0,0,0.674,291.64,28.0,23.2,0,0.73,0.18,0.18,0.29
葡萄,14,3,0,0,0.802,277.43,14.0,21.4,0,2.56,0.38,1.23,0.44
西瓜,14,3,0,0,0.952,184.78,6.0,25.7,0,9.35,10.29,4.34,14.12
西红柿,14,3,0,0,0.898,235.24,10.35,27.6,0,7.46,3.85,1.05,3.75
香蕉,14,3,0,0,0.848,254.74,9.2,25.9,0,4.48,2.25,0.9,0.98
黄瓜,14,3,0,0,0.925,233.95,7.0,26.3,1,6.94,8.91,9.08,3.48
土豆,15,3,0,0,0.99,163.6,4.0,25.6,0,3.53,5.11,8.86,21.97
芒果,15,3,0,0,0.671,272.52,10.5,26.7,0,0.53,1.66,1.93,0.83
苹果,15,3,0,0,0.946,260.69,12.0,24.8,0,3.97,1.17,0.75,12.33
草莓,15,3,0,0,0.604,291.35,34.0,26.6,0,0.55,0.36,0.53,1.1
葡萄,15,3,0,0,0.776,276.99,20.0,22.4,1,1.76,1.22,1.26,2.35
西瓜,15,3,0,0,0.943,170.66,6.0,30.1,0,5.57,6.39,5.09,13.63
西红柿,15,3,0,0,0.882,231.49,9.0,28.0,0,2.18,3.26,1.38,9.47
香蕉,15,3,0,0,0.822,253.76,10.4,25.9,0,1.85,1.37,1.1,10.12
黄瓜,15,3,0,0,0.915,230.47,7.0,25.0,0,3.76,3.11,4.15,11.66
土豆,16,3,0,0,0.989,141.63,4.0,24.6,0,10.26,30.0,19.86,32.03
芒果,16,3,0,0,0.613,271.69,15.0,28.8,1,1.46,4.12,2.15,4.41
苹果,16,3,0,0,0.939,248.36,8.4,26.7,0,2.59,4.85,5.58,12.93
草莓,16,3,0,0,0.535,290.25,24.0,26.5,0,0.29,0.93,1.4,1.12
葡萄,16,3,0,0,0.751,274.64,20.0,21.8,0,0.44,1.77,3.03,3.46
西瓜,16,3,0,0,0.936,157.03,6.9,23.9,0,14.12,41.57,19.14,11.99
西红柿,16,3,0,0,0.866,222.02,9.0,28.3,0,3.75,3.21,13.45,6.77
香蕉,16,3,0,0,0.8,243.64,6.8,23.7,0,0.98,6.27,2.69,4.61
黄瓜,16,3,0,0,0.903,218.81,7.0,27.5,0,3.48,4.81,12.67,9.13
土豆,17,3,0,0,0.988,109.6,4.6,25.7,0,21.97,36.11,78.49,51.47
芒果,17,3,0,0,0.562,267.28,9.0,27.0,0,0.83,2.08,0.85,4.86
苹果,17,3,0,0,0.932,235.43,12.0,24.1,0,12.33,20.88,7.49,13.5
草莓,17,3,0,0,0.496,289.13,24.0,21.5,0,1.1,1.0,1.38,1.37
葡萄,17,3,0,0,0.722,271.18,20.0,23.7,0,2.35,5.87,3.56,6.04
西瓜,17,3,0,0,0.931,145.04,7.8,20.5,0,13.63,11.01,44.77,21.69
西红柿,17,3,0,0,0.852,215.25,10.35,24.5,1,9.47,12.73,11.54,10.54
香蕉,17,3,0,0,0.778,239.03,10.4,24.0,0,10.12,12.55,5.82,6.3
黄瓜,17,3,0,0,0.894,209.68,8.05,21.8,1,11.66,16.26,18.54,26.76
土豆,18,3,0,0,0.987,58.13,3.4,18.8,0,32.03,39.43,16.07,39.32
芒果,18,3,0,0,0.523,262.42,9.0,23.8,0,4.41,1.96,1.19,4.66
苹果,18,3,0,0,0.927,221.93,12.0,21.8,0,12.93,18.14,3.7,18.37
草莓,18,3,0,0,0.449,287.76,24.0,22.9,0,1.12,1.12,1.32,0.81
葡萄,18,3,0,0,0.695,265.14,14.0,22.8,0,3.46,2.62,3.23,2.8
西瓜,18,3,0,0,0.926,123.35,6.0,19.7,0,11.99,28.76,31.08,2.62
西红柿,18,3,0,0,0.838,204.71,10.35,25.7,0,6.77,13.12,9.55,10.8
香蕉,18,3,0,0,0.759,232.73,9.2,22.0,0,4.61,8.22,5.83,3.53
黄瓜,18,3,0,0,0.885,182.92,4.9,21.3,0,9.13,13.72,20.15,23.23
土豆,19,3,0,0,0.986,18.81,4.0,19.8,0,51.47,45.72,27.06,18.81
芒果,19,3,0,0,0.493,257.76,9.0,21.3,0,4.86,3.59,1.18,2.58
苹果,19,3,0,0,0.921,203.56,10.2,21.7,0,13.5,9.8,10.74,16.18
草莓,19,3,0,0,0.415,286.95,24.0,20.6,0,1.37,0.57,1.29,0.59
葡萄,19,3,0,0,0.67,262.34,20.0,22.0,0,6.04,1.56,2.12,4.63
西瓜,19,3,0,0,0.923,120.73,7.8,16.2,0,21.69,26.48,8.66,2.86
西红柿,19,3,0,0,0.827,193.91,9.0,21.7,0,10.54,4.54,22.86,16.7
香蕉,19,3,0,0,0.746,229.2,10.4,18.7,0,6.3,3.52,7.1,12.4
黄瓜,19,3,0,0,0.876,159.69,4.9,22.0,0,26.76,9.25,15.94,17.44
土豆,20,3,0,0,0.985,0.0,2.4,13.2,0,39.32,20.15,16.08,0.0
芒果,20,3,0,0,0.487,255.18,9.0,14.8,0,4.66,2.47,3.95,0.53
苹果,20,3,0,0,0.917,187.38,7.2,17.3,0,18.37,13.96,13.59,5.15
草莓,20,3,0,0,0.397,286.36,24.0,18.0,0,0.81,0.41,1.0,0.18
葡萄,20,3,0,0,0.659,257.71,12.0,16.2,0,2.8,3.43,2.03,1.24
西瓜,20,3,0,0,0.919,117.87,3.6,17.2,1,2.62,7.45,35.18,2.4
西红柿,20,3,0,0,0.818,177.21,5.4,18.9,0,10.8,17.83,22.57,5.93
香蕉,20,3,0,0,0.731,216.8,4.8,20.3,0,3.53,10.31,10.59,3.97
黄瓜,20,3,0,0,0.87,142.25,4.2,17.6,1,23.23,9.38,16.7,7.44
土豆,21,3,0,0,0.984,0.0,2.4,16.5,0,18.81,0.0,0.0,0.0
芒果,21,3,0,0,0.48,254.65,9.0,15.3,1,2.58,0.82,1.33,0.0
苹果,21,3,0,0,0.913,182.23,7.2,17.3,0,16.18,6.18,6.37,0.0
草莓,21,3,0,0,0.388,286.18,24.0,16.5,1,0.59,0.18,0.18,0.0
葡萄,21,3,0,0,0.647,256.47,12.0,17.0,0,4.63,1.33,1.26,0.0
西瓜,21,3,0,0,0.915,115.47,3.6,17.3,0,2.86,2.52,2.04,0.0
西红柿,21,3,0,0,0.809,171.28,5.4,18.6,0,16.7,5.92,7.21,0.0
香蕉,21,3,0,0,0.714,212.83,4.8,21.1,0,12.4,2.52,4.36,0.0
黄瓜,21,3,0,0,0.863,134.81,4.2,16.3,0,17.44,4.98,8.11,0.0
土豆,22,3,0,0,0.983,0.0,2.4,13.7,0,0.0,0.0,0.0,0.0
芒果,22,3,0,0,0.467,254.65,9.0,16.9,0,0.53,0.0,0.0,0.0
苹果,22,3,0,0,0.909,182.23,7.2,15.9,0,5.15,0.0,0.0,0.0
草莓,22,3,0,0,0.382,286.18,24.0,15.5,0,0.18,0.0,0.0,0.0
葡萄,22,3,0,0,0.643,256.47,12.0,13.7,1,1.24,0.0,0.0,0.0
西瓜,22,3,0,0,0.912,115.47,3.6,13.9,0,2.4,0.0,0.0,0.0
西红柿,22,3,0,0,0.804,171.28,5.4,12.3,0,5.93,0.0,0.0,0.0
香蕉,22,3,0,0,0.711,212.83,4.8,13.4,0,3.97,0.0,0.0,0.0
黄瓜,22,3,0,0,0.859,134.81,4.2,12.7,0,7.44,0.0,0.0,0.0
土豆,23,3,0,0,0.983,0.0,2.4,12.7,0,0.0,0.0,0.0,0.0
芒果,23,3,0,0,0.462,254.65,9.0,8.7,0,0.0,0.0,0.0,0.0
苹果,23,3,0,0,0.906,182.23,7.2,14.4,1,0.0,0.0,0.0,0.0
草莓,23,3,0,0,0.376,286.18,24.0,14.9,0,0.0,0.0,0.0,0.0
葡萄,23,3,0,0,0.639,256.47,12.0,12.6,0,0.0,0.0,0.0,0.0
西瓜,23,3,0,0,0.911,115.47,3.6,9.8,0,0.0,0.0,0.0,0.0
西红柿,23,3,0,0,0.798,171.28,5.4,15.5,1,0.0,0.0,0.04,0.0
香蕉,23,3,0,0,0.708,212.83,4.8,11.7,0,0.0,0.0,0.0,0.18
黄瓜,23,3,0,0,0.853,134.81,4.2,16.4,0,0.0,0.0,0.09,0.0
土豆,0,4,0,0,0.982,0.0,4.6,9.7,0,0.0,0.0,0.0,0.0
芒果,0,4,0,0,0.457,254.65,9.0,14.0,0,0.0,0.05,0.0,0.0
苹果,0,4,0,0,0.905,182.23,12.0,7.6,0,0.0,0.0,0.0,0.0
草莓,0,4,0,0,0.37,286.18,24.0,8.6,0,0.0,0.0,0.0,0.0
葡萄,0,4,0,0,0.635,256.47,14.0,10.5,0,0.0,0.0,0.0,0.0
西瓜,0,4,0,0,0.909,115.47,6.0,10.5,0,0.0,0.0,0.0,0.0
西红柿,0,4,0,0,0.793,171.28,9.0,13.2,0,0.0,0.0,0.0,0.0
香蕉,0,4,0,0,0.705,212.65,8.0,12.2,0,0.0,0.0,0.0,0.0
黄瓜,0,4,0,0,0.849,134.81,5.95,12.8,1,0.0,0.0,0.0,0.0
土豆,1,4,0,0,0.982,0.0,3.4,10.0,1,0.0,0.0,0.0,0.0
芒果,1,4,0,0,0.452,254.65,9.0,8.2,0,0.0,0.0,0.0,0.0
苹果,1,4,0,0,0.902,182.23,12.0,11.8,0,0.0,0.0,0.0,0.0
草莓,1,4,0,0,0.364,286.18,24.0,15.8,0,0.0,0.0,0.0,0.0
葡萄,1,4,0,0,0.631,256.47,20.0,12.8,0,0.0,0.0,0.0,0.0
西瓜,1,4,0,0,0.908,115.47,4.2,10.5,0,0.0,0.0,0.0,0.0
西红柿,1,4,0,0,0.788,171.28,11.7,13.0,0,0.0,0.0,0.0,0.05
香蕉,1,4,0,0,0.702,212.65,8.0,10.2,0,0.18,0.0,0.0,0.03
黄瓜,1,4,0,0,0.846,134.81,4.9,10.7,1,0.0,0.0,0.0,0.0
土豆,2,4,0,0,0.981,0.0,4.6,8.2,0,0.0,0.0,0.0,0.0
芒果,2,4,0,0,0.447,254.65,9.0,12.5,0,0.0,0.0,0.0,0.0
苹果,2,4,0,0,0.9,182.23,12.0,10.6,0,0.0,0.0,0.0,0.0
草莓,2,4,0,0,0.358,286.18,24.0,10.5,0,0.0,0.0,0.0,0.16
葡萄,2,4,0,0,0.626,256.47,20.0,10.3,0,0.0,0.0,0.17,0.0
西瓜,2,4,0,0,0.907,115.47,7.8,10.0,0,0.0,0.0,0.0,0.0
西红柿,2,4,0,0,0.784,171.23,10.35,12.7,0,0.0,0.0,0.0,0.0
香蕉,2,4,0,0,0.699,212.62,8.0,7.9,0,0.0,0.0,0.0,0.0
黄瓜,2,4,0,0,0.842,134.81,5.95,12.2,0,0.0,0.0,0.0,0.0
土豆,3,4,0,0,0.981,0.0,3.4,11.2,0,0.0,0.0,0.0,0.0
芒果,3,4,0,0,0.442,254.65,9.0,11.4,0,0.0,0.0,0.0,0.0
苹果,3,4,0,0,0.897,182.23,13.8,11.4,1,0.0,0.0,0.0,0.0
草莓,3,4,0,0,0.352,286.02,24.0,14.5,0,0.0,0.0,0.0,0.0
葡萄,3,4,0,0,0.622,256.47,23.0,11.9,1,0.0,0.0,0.0,0.0
西瓜,3,4,0,0,0.906,115.47,4.2,7.7,0,0.0,0.03,0.0,0.0
西红柿,3,4,0,0,0.781,171.23,9.0,9.7,1,0.05,0.03,0.21,0.0
香蕉,3,4,0,0,0.696,212.62,9.2,10.9,0,0.03,0.0,0.0,0.0
黄瓜,3,4,0,0,0.839,134.81,7.0,10.2,0,0.0,0.0,0.0,0.0
土豆,4,4,0,0,0.98,0.0,4.0,13.0,0,0.0,0.0,0.0,0.0
芒果,4,4,0,0,0.437,254.65,9.0,9.7,0,0.0,0.0,0.0,0.0
苹果,4,4,0,0,0.895,182.23,15.6,12.2,0,0.0,0.0,0.0,0.0
草莓,4,4,0,0,0.346,286.02,24.0,9.0,0,0.16,0.0,0.0,0.0
葡萄,4,4,0,0,0.618,256.47,14.0,12.3,0,0.0,0.0,0.0,0.0
西瓜,4,4,0,0,0.903,115.47,7.8,13.2,1,0.0,0.0,0.0,0.08
西红柿,4,4,0,0,0.779,171.23,11.7,8.0,0,0.0,0.0,0.0,0.0
香蕉,4,4,0,0,0.693,212.62,9.2,9.4,0,0.0,0.0,0.0,0.0
黄瓜,4,4,0,0,0.834,134.81,7.0,13.1,0,0.0,0.0,0.0,0.0
土豆,5,4,0,0,0.98,0.0,4.0,10.9,0,0.0,0.0,0.0,6.27
芒果,5,4,0,0,0.432,254.65,9.0,13.1,0,0.0,0.0,0.0,1.09
苹果,5,4,0,0,0.892,182.23,15.6,12.5,0,0.0,0.0,0.0,3.55
草莓,5,4,0,0,0.34,286.02,24.0,13.2,0,0.0,0.0,0.0,0.9
葡萄,5,4,0,0,0.614,256.47,26.0,14.0,0,0.0,0.0,0.0,1.33
西瓜,5,4,0,0,0.901,115.39,6.0,11.5,0,0.0,0.0,0.0,1.8
西红柿,5,4,0,0,0.774,171.23,7.65,13.8,0,0.0,0.0,0.0,3.03
香蕉,5,4,0,0,0.69,212.62,10.4,11.2,0,0.0,0.0,0.0,4.17
黄瓜,5,4,0,0,0.832,134.81,4.9,9.5,0,0.0,0.19,0.09,2.44
土豆,6,4,0,0,1.0,293.73,4.6,13.6,1,0.0,3.7,7.36,34.57
芒果,6,4,0,0,1.0,298.91,12.75,12.7,1,0.0,2.24,1.92,2.61
苹果,6,4,0,0,1.0,296.45,12.0,14.9,0,0.0,1.6,1.56,11.23
草莓,6,4,0,0,1.0,299.1,34.0,17.2,0,0.0,0.37,0.5,1.43
葡萄,6,4,0,0,1.0,298.67,20.0,15.1,0,0.0,1.29,0.53,3.96
西瓜,6,4,0,0,1.0,298.2,6.0,14.2,0,0.08,1.8,2.32,5.47
西红柿,6,4,0,0,1.0,296.97,9.0,15.3,0,0.0,3.67,2.41,8.02
香蕉,6,4,0,0,1.0,295.83,8.0,22.0,0,0.0,6.44,4.18,10.56
黄瓜,6,4,0,0,1.0,297.56,9.1,13.2,0,0.0,1.93,6.94,5.83
土豆,7,4,0,0,0.999,259.16,3.4,18.8,1,6.27,15.99,28.65,25.78
芒果,7,4,0,0,0.991,296.3,19.5,15.7,0,1.09,3.08,2.47,3.92
苹果,7,4,0,0,0.996,285.22,10.2,17.0,0,3.55,4.75,14.97,4.78
草莓,7,4,0,0,0.992,297.67,40.0,16.4,0,0.9,1.47,2.36,1.05
葡萄,7,4,0,0,0.981,294.71,20.0,19.6,0,1.33,6.42,4.2,5.14
西瓜,7,4,0,0,0.996,292.73,7.8,18.5,0,1.8,2.93,7.64,3.05
西红柿,7,4,0,0,0.993,288.95,10.35,15.9,0,3.03,17.38,9.78,8.92
香蕉,7,4,0,0,0.991,285.27,8.0,16.8,0,4.17,11.9,14.69,15.55
黄瓜,7,4,0,0,0.995,291.73,9.1,13.6,0,2.44,9.54,5.22,8.96
土豆,8,4,0,0,0.998,233.38,2.8,20.8,0,34.57,44.12,15.61,26.43
芒果,8,4,0,0,0.953,292.38,15.0,23.4,0,2.61,4.38,6.17,0.91
苹果,8,4,0,0,0.992,280.44,13.8,15.9,0,11.23,5.34,6.73,4.31
草莓,8,4,0,0,0.976,296.62,46.0,17.6,0,1.43,0.72,0.92,0.9
葡萄,8,4,0,0,0.957,289.57,14.0,21.6,0,3.96,3.13,1.66,2.58
西瓜,8,4,0,0,0.992,289.68,6.0,17.4,0,5.47,16.88,18.05,8.76
西红柿,8,4,0,0,0.983,280.03,9.0,20.2,0,8.02,10.5,7.1,8.03
香蕉,8,4,0,0,0.974,269.72,5.6,20.9,0,10.56,10.36,6.55,2.84
黄瓜,8,4,0,0,0.988,282.77,8.05,19.1,0,5.83,14.58,11.45,6.83
土豆,9,4,0,0,0.997,206.95,2.8,19.2,0,25.78,15.79,24.0,15.11
芒果,9,4,0,0,0.928,291.47,15.0,20.2,1,3.92,2.83,5.47,2.3
苹果,9,4,0,0,0.987,276.13,12.0,21.3,0,4.78,10.1,5.8,1.04
草莓,9,4,0,0,0.951,295.72,46.0,19.2,0,1.05,1.52,1.71,1.03
葡萄,9,4,0,0,0.942,286.99,20.0,18.2,0,5.14,2.04,1.87,0.47
西瓜,9,4,0,0,0.986,280.92,6.9,21.4,0,3.05,4.38,2.77,5.76
西红柿,9,4,0,0,0.972,272.0,9.0,21.7,0,8.92,4.14,4.41,2.92
香蕉,9,4,0,0,0.961,266.88,10.4,19.0,0,15.55,4.61,3.28,3.09
黄瓜,9,4,0,0,0.981,275.94,7.0,17.1,0,8.96,3.58,3.1,3.02
土豆,10,4,0,0,0.996,191.84,2.8,20.6,0,26.43,10.21,6.26,23.19
芒果,10,4,0,0,0.893,289.17,12.75,22.7,0,0.91,1.54,3.27,3.25
苹果,10,4,0,0,0.981,275.09,15.6,20.9,0,4.31,1.15,5.67,6.62
草莓,10,4,0,0,0.901,294.69,28.0,23.3,0,0.9,0.82,0.53,0.65
葡萄,10,4,0,0,0.905,286.52,20.0,26.7,1,2.58,2.35,0.38,1.45
西瓜,10,4,0,0,0.979,275.16,6.9,25.4,0,8.76,14.47,3.33,13.58
西红柿,10,4,0,0,0.958,269.08,9.0,25.0,1,8.03,2.76,6.8,5.22
香蕉,10,4,0,0,0.946,263.79,8.0,20.2,0,2.84,1.95,3.1,8.78
黄瓜,10,4,0,0,0.971,272.92,8.05,23.8,0,6.83,3.63,4.4,8.12
土豆,11,4,0,0,0.995,168.65,4.0,23.6,0,15.11,6.92,4.83,14.31
芒果,11,4,0,0,0.842,285.92,15.0,26.7,0,2.3,5.49,2.3,0.88
苹果,11,4,0,0,0.976,268.47,12.0,22.2,0,1.04,4.25,6.48,4.99
草莓,11,4,0,0,0.841,294.04,46.0,25.0,0,1.03,1.23,1.49,0.24
葡萄,11,4,0,0,0.876,285.07,23.0,23.3,0,0.47,1.02,2.27,0.86
西瓜,11,4,0,0,0.973,261.58,6.0,22.5,0,5.76,14.18,5.47,11.98
西红柿,11,4,0,0,0.946,263.86,10.35,22.7,0,2.92,8.72,7.72,7.64
香蕉,11,4,0,0,0.917,255.01,6.8,27.6,0,3.09,2.74,12.52,9.98
黄瓜,11,4,0,0,0.961,264.8,7.0,24.6,0,3.02,9.17,15.1,5.73
土豆,12,4,0,0,0.994,154.34,4.6,24.0,0,23.19,11.43,16.66,5.13
芒果,12,4,0,0,0.798,285.04,19.5,25.1,0,3.25,2.35,5.71,2.13
苹果,12,4,0,0,0.969,263.48,12.0,27.2,0,6.62,1.51,10.06,2.94
草莓,12,4,0,0,0.761,293.8,52.0,28.4,0,0.65,0.95,0.52,0.69
葡萄,12,4,0,0,0.839,284.21,20.0,27.0,1,1.45,2.0,2.24,1.3
西瓜,12,4,0,0,0.965,249.6,6.0,27.6,1,13.58,45.66,4.88,10.96
西红柿,12,4,0,0,0.931,256.22,9.0,26.4,0,5.22,7.95,4.53,2.07
香蕉,12,4,0,0,0.894,245.03,5.6,24.3,0,8.78,0.93,3.74,4.35
黄瓜,12,4,0,0,0.951,259.07,8.05,23.8,0,8.12,12.92,9.99,5.73
土豆,13,4,0,0,0.992,149.21,5.2,26.2,1,14.31,14.45,15.04,12.09
芒果,13,4,0,0,0.731,282.91,15.0,31.4,0,0.88,3.58,2.41,0.53
苹果,13,4,0,0,0.962,260.54,12.0,24.0,0,4.99,4.05,3.95,2.72
草莓,13,4,0,0,0.698,293.11,40.0,25.4,0,0.24,0.73,0.38,0.18
葡萄,13,4,0,0,0.796,282.91,20.0,29.4,0,0.86,2.56,1.66,0.72
西瓜,13,4,0,0,0.958,238.64,6.0,25.7,0,11.98,9.35,15.36,20.76
西红柿,13,4,0,0,0.916,254.15,11.7,26.6,0,7.64,7.46,4.85,7.54
香蕉,13,4,0,0,0.863,240.68,8.0,28.4,0,9.98,4.48,1.63,0.9
黄瓜,13,4,0,0,0.938,253.34,7.0,29.2,0,5.73,6.94,6.32,8.44
土豆,14,4,0,0,0.991,137.12,3.4,22.5,0,5.13,3.53,13.56,7.8
芒果,14,4,0,0,0.679,282.38,19.5,27.2,0,2.13,0.53,0.99,0.84
苹果,14,4,0,0,0.955,257.82,12.0,27.5,0,2.94,3.97,2.68,3.32
草莓,14,4,0,0,0.637,292.93,52.0,25.2,0,0.69,0.55,0.18,0.64
葡萄,14,4,0,0,0.748,282.19,20.0,30.8,0,1.3,1.76,0.53,1.03
西瓜,14,4,0,0,0.95,217.88,5.1,27.1,0,10.96,5.57,2.5,25.99
西红柿,14,4,0,0,0.901,246.61,6.3,27.3,0,2.07,2.18,3.72,6.03
香蕉,14,4,0,0,0.833,239.78,10.4,27.8,1,4.35,1.85,3.69,1.04
黄瓜,14,4,0,0,0.926,244.9,4.9,28.2,0,5.73,3.76,4.75,5.7
土豆,15,4,0,0,0.99,129.32,4.0,28.9,0,12.09,10.26,10.2,28.21
芒果,15,4,0,0,0.634,281.54,15.0,25.3,0,0.53,1.46,0.66,1.78
苹果,15,4,0,0,0.949,254.5,8.4,25.2,0,2.72,2.59,2.81,2.82
草莓,15,4,0,0,0.58,292.29,24.0,24.5,0,0.18,0.29,0.41,1.31
葡萄,15,4,0,0,0.712,281.16,17.0,26.6,0,0.72,0.44,0.66,0.91
西瓜,15,4,0,0,0.942,191.89,4.2,29.0,0,20.76,14.12,11.71,38.72
西红柿,15,4,0,0,0.886,240.58,6.3,26.8,0,7.54,3.75,2.92,7.35
香蕉,15,4,0,0,0.805,238.74,9.2,26.9,0,0.9,0.98,3.3,3.17
黄瓜,15,4,0,0,0.912,239.2,4.9,32.0,0,8.44,3.48,2.89,13.83
土豆,16,4,0,0,0.989,101.11,4.0,23.8,0,7.8,21.97,20.27,14.55
芒果,16,4,0,0,0.578,279.76,9.0,28.2,1,0.84,0.83,0.53,1.33
苹果,16,4,0,0,0.941,251.68,15.6,27.3,0,3.32,12.33,12.06,8.04
草莓,16,4,0,0,0.519,290.98,24.0,25.1,0,0.64,1.1,1.0,0.52
葡萄,16,4,0,0,0.674,280.25,26.0,27.1,0,1.03,2.35,1.04,1.32
西瓜,16,4,0,0,0.934,153.17,6.0,27.3,0,25.99,13.63,10.69,11.88
西红柿,16,4,0,0,0.871,233.23,10.35,26.6,0,6.03,9.47,11.06,7.96
香蕉,16,4,0,0,0.781,235.57,6.8,24.7,1,1.04,10.12,7.59,9.62
黄瓜,16,4,0,0,0.9,225.37,7.0,27.2,0,5.7,11.66,9.5,13.23
土豆,17,4,0,0,0.987,86.56,5.2,25.1,0,28.21,32.03,23.4,37.11
芒果,17,4,0,0,0.526,278.43,9.0,27.1,1,1.78,4.41,1.09,4.22
苹果,17,4,0,0,0.935,243.64,13.8,24.3,0,2.82,12.93,10.08,4.76
草莓,17,4,0,0,0.47,290.46,24.0,23.3,1,1.31,1.12,0.47,1.04
葡萄,17,4,0,0,0.635,278.93,17.0,27.6,1,0.91,3.46,1.93,2.57
西瓜,17,4,0,0,0.928,141.29,7.8,24.2,0,38.72,11.99,34.21,30.77
西红柿,17,4,0,0,0.859,225.27,10.35,22.3,0,7.35,6.77,3.95,22.54
香蕉,17,4,0,0,0.76,225.95,8.0,23.3,0,3.17,4.61,7.37,7.38
黄瓜,17,4,0,0,0.89,212.14,8.05,23.6,0,13.83,9.13,22.61,15.36
土豆,18,4,0,0,0.986,49.45,4.0,21.0,0,14.55,51.47,28.02,43.07
芒果,18,4,0,0,0.486,274.21,9.0,24.1,0,1.33,4.86,7.0,4.16
苹果,18,4,0,0,0.929,238.88,10.2,23.9,1,8.04,13.5,5.62,17.91
草莓,18,4,0,0,0.418,289.42,24.0,23.6,0,0.52,1.37,0.78,1.03
葡萄,18,4,0,0,0.61,276.36,20.0,22.2,0,1.32,6.04,2.76,3.7
西瓜,18,4,0,0,0.923,110.52,5.1,20.5,0,11.88,21.69,8.66,20.28
西红柿,18,4,0,0,0.845,202.73,6.3,25.7,0,7.96,10.54,15.82,6.51
香蕉,18,4,0,0,0.734,218.57,8.0,26.0,0,9.62,6.3,18.77,8.8
黄瓜,18,4,0,0,0.88,196.78,7.0,23.6,1,13.23,26.76,6.81,13.26
土豆,19,4,0,0,0.985,6.38,4.0,20.5,1,37.11,39.32,27.02,6.38
芒果,19,4,0,0,0.466,270.05,9.0,18.7,0,4.22,4.66,4.83,2.48
苹果,19,4,0,0,0.922,220.97,8.4,26.0,0,4.76,18.37,15.31,15.23
草莓,19,4,0,0,0.365,288.39,24.0,23.8,0,1.04,0.81,0.81,0.54
葡萄,19,4,0,0,0.588,272.66,12.0,20.8,0,2.57,2.8,1.77,3.16
西瓜,19,4,0,0,0.918,90.24,6.0,19.3,0,30.77,2.62,31.43,6.94
西红柿,19,4,0,0,0.833,196.22,10.35,21.6,1,22.54,10.8,13.86,16.58
香蕉,19,4,0,0,0.719,209.77,8.0,20.0,0,7.38,3.53,6.92,11.49
黄瓜,19,4,0,0,0.871,183.52,8.05,21.5,0,15.36,23.23,16.74,17.31
土豆,20,4,0,0,0.985,0.0,2.4,14.4,1,43.07,18.81,47.1,0.0
芒果,20,4,0,0,0.456,267.57,9.0,15.9,0,4.16,2.58,4.23,0.53
苹果,20,4,0,0,0.918,205.74,7.2,18.7,0,17.91,16.18,15.03,2.57
草莓,20,4,0,0,0.35,287.85,24.0,17.6,0,1.03,0.59,0.18,0.18
葡萄,20,4,0,0,0.559,269.5,12.0,23.4,0,3.7,4.63,3.58,0.79
西瓜,20,4,0,0,0.914,83.3,3.6,16.5,0,20.28,2.86,7.73,11.68
西红柿,20,4,0,0,0.828,179.64,5.4,14.3,0,6.51,16.7,14.75,5.79
香蕉,20,4,0,0,0.71,198.28,4.8,16.6,0,8.8,12.4,11.74,3.71
黄瓜,20,4,0,0,0.866,166.21,4.2,15.9,1,13.26,17.44,16.53,7.64
土豆,21,4,0,0,0.984,0.0,2.4,13.1,0,6.38,0.0,12.02,0.0
芒果,21,4,0,0,0.418,267.04,9.0,23.5,1,2.48,0.53,1.07,0.0
苹果,21,4,0,0,0.913,203.17,7.2,19.7,1,15.23,5.15,5.47,0.0
草莓,21,4,0,0,0.338,287.67,24.0,17.0,0,0.54,0.18,0.18,0.0
葡萄,21,4,0,0,0.549,268.71,12.0,16.1,0,3.16,1.24,1.08,0.0
西瓜,21,4,0,0,0.909,71.62,3.6,20.6,0,6.94,2.4,11.71,0.0
西红柿,21,4,0,0,0.818,173.85,5.4,19.5,0,16.58,5.93,4.66,0.0
香蕉,21,4,0,0,0.701,194.57,4.8,17.1,0,11.49,3.97,1.41,0.0
黄瓜,21,4,0,0,0.858,158.57,4.2,18.4,0,17.31,7.44,7.62,0.21
土豆,22,4,0,0,0.983,0.0,2.4,12.9,0,0.0,0.0,0.0,0.0
芒果,22,4,0,0,0.413,267.04,9.0,13.7,0,0.53,0.0,0.0,0.03
苹果,22,4,0,0,0.91,203.17,7.2,12.7,0,2.57,0.0,0.0,0.0
草莓,22,4,0,0,0.327,287.67,24.0,16.8,0,0.18,0.0,0.0,0.0
葡萄,22,4,0,0,0.54,268.71,12.0,15.7,0,0.79,0.0,0.0,0.0
西瓜,22,4,0,0,0.905,71.62,3.6,16.9,0,11.68,0.0,0.0,0.0
西红柿,22,4,0,0,0.813,173.85,5.4,14.0,0,5.79,0.0,0.0,0.0
香蕉,22,4,0,0,0.696,194.57,4.8,14.4,0,3.71,0.0,0.16,0.0
黄瓜,22,4,0,0,0.854,158.36,4.2,12.6,0,7.64,0.0,0.0,0.0
土豆,23,4,0,0,0.983,0.0,2.4,10.7,0,0.0,0.0,0.0,0.0
芒果,23,4,0,0,0.408,267.01,9.0,14.8,0,0.0,0.0,0.0,0.0
苹果,23,4,0,0,0.907,203.17,7.2,12.8,0,0.0,0.0,0.0,0.0
草莓,23,4,0,0,0.321,287.67,24.0,13.0,1,0.0,0.0,0.0,0.0
葡萄,23,4,0,0,0.536,268.71,12.0,13.6,0,0.0,0.0,0.0,0.13
西瓜,23,4,0,0,0.901,71.62,3.6,16.2,0,0.0,0.0,0.0,0.0
西红柿,23,4,0,0,0.811,173.85,5.4,9.3,0,0.0,0.0,0.0,0.0
香蕉,23,4,0,0,0.693,194.57,4.8,13.4,1,0.0,0.0,0.0,0.0
黄瓜,23,4,0,0,0.85,158.36,4.2,13.3,0,0.21,0.0,0.16,0.0
土豆,0,5,1,0,0.982,0.0,4.0,8.9,0,0.0,0.0,0.0,0.0
芒果,0,5,1,0,0.403,267.01,9.0,14.0,0,0.03,0.0,0.0,0.1
苹果,0,5,1,0,0.904,203.17,12.0,13.3,0,0.0,0.0,0.06,0.0
草莓,0,5,1,0,0.315,287.67,24.0,11.0,0,0.0,0.0,0.0,0.0
葡萄,0,5,1,0,0.53,268.58,12.0,14.4,0,0.0,0.0,0.0,0.0
西瓜,0,5,1,0,0.9,71.62,6.0,11.9,0,0.0,0.0,0.0,0.0
西红柿,0,5,1,0,0.807,173.85,9.0,11.0,0,0.0,0.0,0.0,0.0
香蕉,0,5,1,0,0.69,194.57,9.2,12.6,0,0.0,0.18,0.0,0.0
黄瓜,0,5,1,0,0.848,158.36,7.0,7.5,0,0.0,0.0,0.0,0.0
土豆,1,5,1,0,0.982,0.0,4.0,10.6,0,0.0,0.0,0.0,0.0
芒果,1,5,1,0,0.398,266.91,9.0,11.4,0,0.0,0.0,0.0,0.0
苹果,1,5,1,0,0.902,203.17,15.6,10.0,0,0.0,0.0,0.0,0.0
草莓,1,5,1,0,0.309,287.67,24.0,14.1,0,0.0,0.0,0.0,0.0
葡萄,1,5,1,0,0.526,268.58,12.0,12.6,0,0.13,0.0,0.0,0.0
西瓜,1,5,1,0,0.897,71.62,6.9,12.4,0,0.0,0.0,0.0,0.04
西红柿,1,5,1,0,0.803,173.85,9.0,12.0,0,0.0,0.0,0.0,0.1
香蕉,1,5,1,0,0.687,194.57,6.8,13.1,1,0.0,0.0,0.0,0.0
黄瓜,1,5,1,0,0.844,158.36,8.05,13.1,0,0.0,0.0,0.0,0.0
土豆,2,5,1,0,0.981,0.0,4.6,9.9,0,0.0,0.0,0.0,0.0
芒果,2,5,1,0,0.393,266.91,9.0,13.4,0,0.1,0.0,0.0,0.0
苹果,2,5,1,0,0.9,203.17,12.0,10.1,0,0.0,0.0,0.0,0.0
草莓,2,5,1,0,0.303,287.67,24.0,15.3,0,0.0,0.0,0.0,0.0
葡萄,2,5,1,0,0.522,268.58,12.0,11.3,0,0.0,0.0,0.0,0.0
西瓜,2,5,1,0,0.895,71.58,7.8,11.9,1,0.0,0.0,0.0,0.0
西红柿,2,5,1,0,0.798,173.75,11.7,13.4,0,0.0,0.05,0.0,0.0
香蕉,2,5,1,0,0.684,194.57,8.0,10.3,0,0.0,0.03,0.0,0.0
黄瓜,2,5,1,0,0.839,158.36,5.95,13.2,0,0.0,0.0,0.0,0.0
土豆,3,5,1,0,0.981,0.0,2.8,11.7,0,0.0,0.0,0.0,0.0
芒果,3,5,1,0,0.388,266.91,9.0,10.7,0,0.0,0.0,0.0,0.0
苹果,3,5,1,0,0.897,203.17,15.6,12.2,0,0.0,0.0,0.0,0.0
草莓,3,5,1,0,0.297,287.67,24.0,10.3,0,0.0,0.16,0.0,0.0
葡萄,3,5,1,0,0.518,268.58,12.0,6.9,0,0.0,0.0,0.0,0.0
西瓜,3,5,1,0,0.894,71.58,5.1,10.1,0,0.04,0.0,0.0,0.0
西红柿,3,5,1,0,0.793,173.75,6.3,13.7,0,0.1,0.0,0.0,0.0
香蕉,3,5,1,0,0.681,194.57,8.0,8.1,0,0.0,0.0,0.0,0.0
黄瓜,3,5,1,0,0.835,158.36,5.95,12.4,1,0.0,0.0,0.0,0.0
土豆,4,5,1,0,0.98,0.0,5.2,9.9,0,0.0,0.0,0.0,0.0
芒果,4,5,1,0,0.383,266.91,9.0,11.9,0,0.0,0.0,0.0,0.0
苹果,4,5,1,0,0.896,203.17,10.2,9.1,0,0.0,0.0,0.0,0.0
草莓,4,5,1,0,0.282,287.67,24.0,17.4,0,0.0,0.0,0.0,0.0
葡萄,4,5,1,0,0.513,268.58,12.0,13.9,0,0.0,0.0,0.0,0.0
西瓜,4,5,1,0,0.892,71.58,6.0,12.4,0,0.0,0.0,0.0,0.0
西红柿,4,5,1,0,0.787,173.75,9.0,14.8,0,0.0,0.0,0.0,0.0
香蕉,4,5,1,0,0.678,194.57,9.2,13.0,0,0.0,0.0,0.01,0.0
黄瓜,4,5,1,0,0.831,158.36,7.0,11.9,0,0.0,0.0,0.0,0.0
土豆,5,5,1,0,0.979,0.0,4.0,14.1,1,0.0,0.0,0.0,14.71
芒果,5,5,1,0,0.378,266.91,9.0,11.9,0,0.0,0.0,0.0,1.19
苹果,5,5,1,0,0.893,203.17,12.0,12.6,0,0.0,0.0,0.0,4.08
草莓,5,5,1,0,0.276,287.67,24.0,13.4,0,0.0,0.0,0.0,1.79
葡萄,5,5,1,0,0.509,268.58,12.0,11.9,0,0.0,0.0,0.12,2.14
西瓜,5,5,1,0,0.889,71.58,6.0,14.3,0,0.0,0.08,0.0,2.19
西红柿,5,5,1,0,0.784,173.75,9.0,10.7,0,0.0,0.0,0.0,1.3
香蕉,5,5,1,0,0.675,194.57,10.4,13.1,0,0.0,0.0,0.0,8.65
黄瓜,5,5,1,0,0.826,158.36,5.95,15.5,0,0.0,0.0,0.0,6.95
土豆,6,5,1,0,1.0,285.29,4.0,13.4,0,0.0,6.27,11.75,51.41
芒果,6,5,1,0,1.0,298.81,19.5,17.6,0,0.0,1.09,3.21,13.75
苹果,6,5,1,0,1.0,295.92,12.0,16.4,0,0.0,3.55,6.62,3.4
草莓,6,5,1,0,1.0,298.21,28.0,14.3,0,0.0,0.9,1.38,2.81
葡萄,6,5,1,0,1.0,297.86,20.0,20.4,0,0.0,1.33,1.14,2.36
西瓜,6,5,1,0,1.0,297.81,6.0,16.6,0,0.0,1.8,2.21,3.63
西红柿,6,5,1,0,1.0,298.7,11.7,12.2,1,0.0,3.03,13.5,21.88
香蕉,6,5,1,0,1.0,291.35,6.8,14.6,0,0.0,4.17,3.54,22.93
黄瓜,6,5,1,0,1.0,293.05,7.0,14.3,0,0.0,2.44,6.69,9.17
土豆,7,5,1,0,0.999,233.88,3.4,17.5,0,14.71,34.57,28.47,34.19
芒果,7,5,1,0,0.995,285.06,12.75,13.2,0,1.19,2.61,15.96,9.2
苹果,7,5,1,0,0.996,292.52,12.0,15.1,1,4.08,11.23,12.78,10.01
草莓,7,5,1,0,0.994,295.4,40.0,14.9,0,1.79,1.43,2.6,0.78
葡萄,7,5,1,0,0.985,295.5,26.0,18.1,0,2.14,3.96,3.2,0.58
西瓜,7,5,1,0,0.997,294.18,6.9,14.4,0,2.19,5.47,1.8,5.74
西红柿,7,5,1,0,0.992,276.82,7.65,17.9,0,1.3,8.02,4.61,5.4
香蕉,7,5,1,0,0.994,268.42,6.8,15.3,0,8.65,10.56,23.92,4.81
黄瓜,7,5,1,0,0.994,283.88,9.1,16.7,0,6.95,5.83,6.8,12.41
土豆,8,5,1,0,0.998,199.69,4.0,19.3,0,51.41,25.78,29.12,27.88
芒果,8,5,1,0,0.97,275.86,15.0,19.9,0,13.75,3.92,9.25,1.47
苹果,8,5,1,0,0.992,282.51,12.0,17.6,0,3.4,4.78,3.86,8.32
草莓,8,5,1,0,0.977,294.62,34.0,17.9,1,2.81,1.05,2.06,3.22
葡萄,8,5,1,0,0.971,294.92,26.0,17.6,1,2.36,5.14,4.8,1.89
西瓜,8,5,1,0,0.993,288.44,6.0,17.1,0,3.63,3.05,28.39,16.42
西红柿,8,5,1,0,0.982,271.42,11.7,19.6,0,21.88,8.92,6.13,8.53
香蕉,8,5,1,0,0.983,263.61,10.4,18.0,0,22.93,15.55,18.18,14.46
黄瓜,8,5,1,0,0.987,271.47,8.05,18.3,0,9.17,8.96,10.28,18.4
土豆,9,5,1,0,0.997,171.81,4.0,19.9,0,34.19,26.43,9.42,8.92
芒果,9,5,1,0,0.944,274.39,15.0,20.4,1,9.2,0.91,3.82,0.53
苹果,9,5,1,0,0.986,274.19,12.0,22.9,0,10.01,4.31,7.41,3.97
草莓,9,5,1,0,0.932,291.4,28.0,22.4,0,0.78,0.9,2.25,1.82
葡萄,9,5,1,0,0.944,293.03,23.0,22.8,0,0.58,2.58,1.68,2.52
西瓜,9,5,1,0,0.988,272.02,6.0,20.0,0,5.74,8.76,18.82,3.23
西红柿,9,5,1,0,0.969,262.89,9.0,23.4,0,5.4,8.03,2.24,5.3
香蕉,9,5,1,0,0.959,249.15,5.6,24.8,0,4.81,2.84,0.97,2.86
黄瓜,9,5,1,0,0.979,253.07,4.9,19.4,0,12.41,6.83,10.04,5.71
土豆,10,5,1,0,0.996,162.89,4.6,26.2,0,27.88,15.11,5.6,29.18
芒果,10,5,1,0,0.908,273.86,19.5,22.9,1,1.47,2.3,1.25,4.12
苹果,10,5,1,0,0.98,270.22,12.0,23.1,0,8.32,1.04,6.77,7.98
草莓,10,5,1,0,0.884,289.58,28.0,23.0,0,3.22,1.03,1.09,1.63
葡萄,10,5,1,0,0.918,290.51,17.0,22.4,0,1.89,0.47,2.16,5.56
西瓜,10,5,1,0,0.982,268.79,7.8,22.6,0,16.42,5.76,9.86,22.45
西红柿,10,5,1,0,0.959,257.59,9.0,19.9,0,8.53,2.92,7.69,21.93
香蕉,10,5,1,0,0.942,246.29,9.2,20.8,0,14.46,3.09,5.67,12.26
黄瓜,10,5,1,0,0.968,247.36,7.0,26.2,0,18.4,3.02,6.31,6.53
土豆,11,5,1,0,0.995,133.71,4.0,26.2,0,8.92,23.19,40.33,38.41
芒果,11,5,1,0,0.875,269.74,15.0,22.1,0,0.53,3.25,4.99,1.13
苹果,11,5,1,0,0.974,262.24,12.0,25.4,0,3.97,6.62,6.23,5.89
草莓,11,5,1,0,0.813,287.95,28.0,26.8,0,1.82,0.65,1.0,2.17
葡萄,11,5,1,0,0.891,284.95,17.0,22.8,0,2.52,1.45,3.36,1.29
西瓜,11,5,1,0,0.975,246.34,6.0,26.0,0,3.23,13.58,5.19,39.22
西红柿,11,5,1,0,0.947,235.66,6.3,23.6,0,5.3,5.22,16.41,12.92
香蕉,11,5,1,0,0.921,234.03,6.8,23.4,0,2.86,8.78,13.89,2.17
黄瓜,11,5,1,0,0.958,240.83,7.0,24.0,1,5.71,8.12,10.9,4.36
土豆,12,5,1,0,0.993,95.3,3.4,24.1,0,29.18,14.31,16.41,37.52
芒果,12,5,1,0,0.829,268.61,15.0,25.6,1,4.12,0.88,4.4,2.85
苹果,12,5,1,0,0.967,256.35,13.8,25.0,0,7.98,4.99,8.08,7.68
草莓,12,5,1,0,0.741,285.78,28.0,27.1,0,1.63,0.24,0.97,0.95
葡萄,12,5,1,0,0.852,283.66,14.0,27.6,1,5.56,0.86,3.37,0.41
西瓜,12,5,1,0,0.967,207.12,6.0,27.6,0,22.45,11.98,21.54,2.97
西红柿,12,5,1,0,0.933,222.74,9.0,24.9,0,21.93,7.64,5.78,14.74
香蕉,12,5,1,0,0.896,231.86,8.0,25.2,1,12.26,9.98,5.96,7.16
黄瓜,12,5,1,0,0.946,236.47,9.1,26.5,0,6.53,5.73,4.65,12.46
土豆,13,5,1,0,0.992,57.78,2.8,24.9,0,38.41,5.13,8.24,14.8
芒果,13,5,1,0,0.779,265.76,15.0,26.8,0,1.13,2.13,0.7,2.29
苹果,13,5,1,0,0.96,248.67,12.0,27.7,0,5.89,2.94,7.34,0.75
草莓,13,5,1,0,0.663,284.83,34.0,27.9,0,2.17,0.69,0.46,0.51
葡萄,13,5,1,0,0.821,283.25,23.0,24.1,1,1.29,1.3,4.47,1.33
西瓜,13,5,1,0,0.961,204.15,6.0,24.2,1,39.22,10.96,30.84,20.84
西红柿,13,5,1,0,0.919,208.0,6.3,26.0,0,12.92,2.07,7.14,3.76
香蕉,13,5,1,0,0.868,224.7,6.8,27.1,0,2.17,4.35,3.75,3.3
黄瓜,13,5,1,0,0.935,224.01,7.0,25.4,0,4.36,5.73,4.22,5.74
土豆,14,5,1,0,0.991,42.98,4.0,26.0,0,37.52,12.09,10.02,14.08
芒果,14,5,1,0,0.732,263.47,10.5,25.9,0,2.85,0.53,0.96,2.02
苹果,14,5,1,0,0.954,247.92,15.6,24.0,1,7.68,2.72,2.7,4.33
草莓,14,5,1,0,0.607,284.32,40.0,24.4,0,0.95,0.18,0.28,0.46
葡萄,14,5,1,0,0.794,281.92,20.0,23.0,0,0.41,0.72,1.28,2.09
西瓜,14,5,1,0,0.952,183.31,6.0,28.4,0,2.97,20.76,3.74,8.68
西红柿,14,5,1,0,0.904,204.24,10.35,25.5,0,14.74,7.54,1.96,4.88
香蕉,14,5,1,0,0.838,221.4,9.2,27.9,0,7.16,0.9,4.69,1.48
黄瓜,14,5,1,0,0.923,218.27,7.0,27.8,0,12.46,8.44,3.83,3.74
土豆,15,5,1,0,0.989,28.9,4.0,26.1,0,14.8,7.8,13.85,16.24
芒果,15,5,1,0,0.663,261.45,10.5,31.5,0,2.29,0.84,1.65,5.83
苹果,15,5,1,0,0.948,243.59,10.2,23.6,0,0.75,3.32,2.61,10.04
草莓,15,5,1,0,0.548,283.86,24.0,24.8,0,0.51,0.64,0.18,1.41
葡萄,15,5,1,0,0.76,279.83,17.0,25.7,0,1.33,1.03,1.49,2.57
西瓜,15,5,1,0,0.943,174.63,4.2,31.3,1,20.84,25.99,3.66,24.01
西红柿,15,5,1,0,0.89,199.36,9.0,26.3,0,3.76,6.03,5.04,26.33
香蕉,15,5,1,0,0.805,219.92,10.4,29.4,0,3.3,1.04,3.22,5.69
黄瓜,15,5,1,0,0.912,214.53,8.05,26.5,0,5.74,5.7,6.61,17.31
土豆,16,5,1,0,0.988,12.66,5.2,27.0,0,14.08,28.21,66.61,12.66
芒果,16,5,1,0,0.622,255.62,10.5,24.4,0,2.02,1.78,3.26,2.58
苹果,16,5,1,0,0.941,233.55,12.0,25.6,0,4.33,2.82,10.91,15.46
草莓,16,5,1,0,0.473,282.45,24.0,27.6,0,0.46,1.31,1.43,1.44
葡萄,16,5,1,0,0.727,277.26,23.0,25.1,0,2.09,0.91,3.36,9.44
西瓜,16,5,1,0,0.936,150.62,6.0,25.1,0,8.68,38.72,55.09,28.49
西红柿,16,5,1,0,0.877,173.03,6.3,23.1,0,4.88,7.35,24.98,32.11
香蕉,16,5,1,0,0.786,214.23,9.2,22.3,0,1.48,3.17,3.72,10.11
黄瓜,16,5,1,0,0.902,197.22,7.0,24.4,0,3.74,13.83,31.91,27.29
土豆,17,5,1,0,0.987,0.0,4.0,25.2,0,16.24,14.55,45.46,0.0
芒果,17,5,1,0,0.591,253.04,9.0,21.5,1,5.83,1.33,2.23,6.05
苹果,17,5,1,0,0.934,218.09,12.0,27.0,0,10.04,8.04,15.34,24.52
草莓,17,5,1,0,0.41,281.01,24.0,25.5,0,1.41,0.52,2.06,1.11
葡萄,17,5,1,0,0.696,267.82,14.0,24.2,0,2.57,1.32,1.6,3.03
西瓜,17,5,1,0,0.929,122.13,5.1,27.1,1,24.01,11.88,34.9,44.74
西红柿,17,5,1,0,0.864,140.92,7.65,23.8,0,26.33,7.96,6.44,32.15
香蕉,17,5,1,0,0.76,204.12,8.0,25.7,0,5.69,9.62,5.74,19.02
黄瓜,17,5,1,0,0.891,169.93,7.0,25.7,0,17.31,13.23,44.69,21.48
土豆,18,5,1,0,0.986,0.0,4.6,21.1,0,12.66,37.11,14.72,0.0
芒果,18,5,1,0,0.555,246.99,9.0,23.1,0,2.58,4.22,2.1,7.07
苹果,18,5,1,0,0.928,193.57,10.2,21.9,0,15.46,4.76,19.41,20.55
草莓,18,5,1,0,0.36,279.9,24.0,23.3,0,1.44,1.04,1.32,1.12
葡萄,18,5,1,0,0.67,264.79,23.0,22.4,0,9.44,2.57,4.13,0.67
西瓜,18,5,1,0,0.923,77.39,6.0,21.8,0,28.49,30.77,34.79,5.16
西红柿,18,5,1,0,0.849,108.77,6.3,27.7,0,32.11,22.54,22.3,32.57
香蕉,18,5,1,0,0.741,185.1,6.8,22.1,0,10.11,7.38,11.8,8.69
黄瓜,18,5,1,0,0.882,148.45,7.0,21.1,0,27.29,15.36,20.54,41.63
土豆,19,5,1,0,0.985,0.0,4.0,19.9,1,0.0,43.07,0.0,0.0
芒果,19,5,1,0,0.526,239.92,9.0,21.1,0,6.05,4.16,6.68,5.76
苹果,19,5,1,0,0.924,173.02,8.4,18.6,0,24.52,17.91,33.23,5.93
草莓,19,5,1,0,0.328,278.78,24.0,20.3,0,1.11,1.03,1.51,0.68
葡萄,19,5,1,0,0.647,264.12,23.0,21.2,1,3.03,3.7,8.14,5.13
西瓜,19,5,1,0,0.919,72.23,6.9,17.9,0,44.74,20.28,8.64,9.72
西红柿,19,5,1,0,0.839,76.2,6.3,20.0,0,32.15,6.51,17.85,27.9
香蕉,19,5,1,0,0.721,176.41,9.2,22.8,0,19.02,8.8,11.17,5.39
黄瓜,19,5,1,0,0.871,106.82,4.9,26.0,0,21.48,13.26,31.44,32.87
土豆,20,5,1,0,0.984,0.0,2.4,17.9,0,0.0,6.38,0.0,0.0
芒果,20,5,1,0,0.504,234.16,9.0,19.0,0,7.07,2.48,6.58,1.29
苹果,20,5,1,0,0.92,167.09,7.2,15.6,1,20.55,15.23,18.0,7.63
草莓,20,5,1,0,0.304,278.1,24.0,19.0,0,1.12,0.54,0.82,0.18
葡萄,20,5,1,0,0.628,258.99,12.0,19.9,0,0.67,3.16,6.03,1.51
西瓜,20,5,1,0,0.915,62.51,3.6,15.8,0,5.16,6.94,10.89,3.95
西红柿,20,5,1,0,0.832,48.3,5.4,16.2,0,32.57,16.58,16.34,9.55
香蕉,20,5,1,0,0.711,171.02,4.8,17.4,1,8.69,11.49,17.89,5.46
黄瓜,20,5,1,0,0.863,73.95,4.2,19.9,0,41.63,17.31,38.22,9.25
土豆,21,5,1,0,0.983,0.0,2.4,18.0,0,0.0,0.0,0.0,0.0
芒果,21,5,1,0,0.499,232.87,9.0,14.6,0,5.76,0.53,2.05,0.0
苹果,21,5,1,0,0.917,159.46,7.2,13.7,0,5.93,2.57,8.65,0.0
草莓,21,5,1,0,0.298,277.92,24.0,13.8,1,0.68,0.18,0.19,0.0
葡萄,21,5,1,0,0.614,257.48,12.0,17.3,0,5.13,0.79,1.96,0.0
西瓜,21,5,1,0,0.911,58.56,3.6,16.9,0,9.72,11.68,3.87,0.0
西红柿,21,5,1,0,0.823,38.75,5.4,17.9,0,27.9,5.79,8.46,0.0
香蕉,21,5,1,0,0.699,165.56,4.8,18.1,0,5.39,3.71,5.67,0.0
黄瓜,21,5,1,0,0.858,64.7,4.2,14.4,0,32.87,7.64,7.1,0.0
土豆,22,5,1,0,0.982,0.0,2.4,16.8,0,0.0,0.0,0.0,0.0
芒果,22,5,1,0,0.493,232.87,9.0,14.9,0,1.29,0.0,0.0,0.0
苹果,22,5,1,0,0.914,159.46,7.2,13.7,0,7.63,0.0,0.0,0.0
草莓,22,5,1,0,0.291,277.92,24.0,16.2,1,0.18,0.0,0.0,0.0
葡萄,22,5,1,0,0.61,257.48,12.0,12.5,0,1.51,0.0,0.0,0.0
西瓜,22,5,1,0,0.909,58.56,3.6,14.4,0,3.95,0.0,0.0,0.0
西红柿,22,5,1,0,0.818,38.75,5.4,13.6,0,9.55,0.0,0.0,0.0
香蕉,22,5,1,0,0.694,165.56,4.8,14.9,0,5.46,0.0,0.0,0.0
黄瓜,22,5,1,0,0.853,64.7,4.2,14.8,0,9.25,0.21,0.0,0.0
土豆,23,5,1,0,0.982,0.0,2.4,12.6,1,0.0,0.0,0.0,0.0
芒果,23,5,1,0,0.488,232.87,9.0,13.3,1,0.0,0.03,0.0,0.03
苹果,23,5,1,0,0.912,159.46,7.2,10.4,0,0.0,0.0,0.0,0.0
草莓,23,5,1,0,0.285,277.92,24.0,10.3,1,0.0,0.0,0.0,0.0
葡萄,23,5,1,0,0.603,257.48,12.0,14.8,0,0.0,0.0,0.0,0.0
西瓜,23,5,1,0,0.907,58.56,3.6,9.5,0,0.0,0.0,0.0,0.0
西红柿,23,5,1,0,0.812,38.75,5.4,14.1,1,0.0,0.0,0.0,0.0
香蕉,23,5,1,0,0.687,165.56,4.8,15.8,0,0.0,0.0,0.0,0.0
黄瓜,23,5,1,0,0.849,64.7,4.2,11.5,0,0.0,0.0,0.0,0.0
土豆,0,6,1,0,0.981,0.0,4.0,12.2,0,0.0,0.0,0.0,0.0
芒果,0,6,1,0,0.483,232.84,9.0,13.0,1,0.0,0.0,0.0,0.0
苹果,0,6,1,0,0.909,159.46,10.2,10.9,0,0.0,0.0,0.0,0.0
草莓,0,6,1,0,0.279,277.92,24.0,10.0,0,0.0,0.0,0.0,0.0
葡萄,0,6,1,0,0.599,257.48,12.0,10.2,0,0.0,0.13,0.0,0.0
西瓜,0,6,1,0,0.906,58.56,6.0,11.0,0,0.0,0.0,0.0,0.0
西红柿,0,6,1,0,0.809,38.75,9.0,10.8,0,0.0,0.0,0.0,0.0
香蕉,0,6,1,0,0.684,165.56,8.0,9.5,0,0.0,0.0,0.0,0.0
黄瓜,0,6,1,0,0.845,64.7,7.0,12.8,0,0.0,0.0,0.0,0.0
土豆,1,6,1,0,0.98,0.0,4.0,13.0,0,0.0,0.0,0.0,0.0
芒果,1,6,1,0,0.478,232.84,9.0,12.2,0,0.03,0.1,0.0,0.0
苹果,1,6,1,0,0.907,159.46,12.0,13.1,1,0.0,0.0,0.0,0.0
草莓,1,6,1,0,0.273,277.92,24.0,12.6,0,0.0,0.0,0.0,0.0
葡萄,1,6,1,0,0.595,257.48,12.0,12.0,1,0.0,0.0,0.0,0.0
西瓜,1,6,1,0,0.904,58.56,6.0,11.2,0,0.0,0.0,0.0,0.0
西红柿,1,6,1,0,0.806,38.75,9.0,10.9,0,0.0,0.0,0.0,0.0
香蕉,1,6,1,0,0.681,165.56,5.6,11.5,0,0.0,0.0,0.0,0.0
黄瓜,1,6,1,0,0.841,64.7,5.95,13.0,0,0.0,0.0,0.0,0.0
土豆,2,6,1,0,0.98,0.0,2.8,12.1,0,0.0,0.0,0.0,0.0
芒果,2,6,1,0,0.473,232.84,9.0,11.7,0,0.0,0.0,0.0,0.0
苹果,2,6,1,0,0.905,159.46,13.8,9.3,0,0.0,0.0,0.0,0.0
草莓,2,6,1,0,0.267,277.92,24.0,13.5,0,0.0,0.0,0.0,0.0
葡萄,2,6,1,0,0.591,257.48,12.0,13.9,0,0.0,0.0,0.0,0.0
西瓜,2,6,1,0,0.903,58.56,6.0,7.3,1,0.0,0.04,0.0,0.0
西红柿,2,6,1,0,0.803,38.75,11.7,10.3,0,0.0,0.1,0.0,0.0
香蕉,2,6,1,0,0.676,165.56,8.0,14.7,0,0.0,0.0,0.0,0.0
黄瓜,2,6,1,0,0.839,64.7,9.1,5.7,0,0.0,0.0,0.0,0.0
土豆,3,6,1,0,0.979,0.0,4.6,12.6,0,0.0,0.0,0.0,0.0
芒果,3,6,1,0,0.468,232.84,9.0,13.7,0,0.0,0.0,0.0,0.0
苹果,3,6,1,0,0.902,159.46,15.6,13.4,0,0.0,0.0,0.0,0.0
草莓,3,6,1,0,0.261,277.92,24.0,10.0,1,0.0,0.0,0.0,0.0
葡萄,3,6,1,0,0.587,257.48,12.0,13.6,0,0.0,0.0,0.07,0.0
西瓜,3,6,1,0,0.901,58.56,6.0,12.4,1,0.0,0.0,0.0,0.0
西红柿,3,6,1,0,0.798,38.75,6.3,13.2,0,0.0,0.0,0.0,0.0
香蕉,3,6,1,0,0.673,165.56,8.0,12.8,0,0.0,0.0,0.0,0.0
黄瓜,3,6,1,0,0.836,64.7,7.0,10.1,0,0.0,0.0,0.0,0.0
土豆,4,6,1,0,0.978,0.0,4.0,14.0,0,0.0,0.0,0.0,0.0
芒果,4,6,1,0,0.463,232.84,9.0,13.8,0,0.0,0.0,0.0,0.12
苹果,4,6,1,0,0.899,159.46,10.2,12.3,0,0.0,0.0,0.0,0.0
草莓,4,6,1,0,0.255,277.92,24.0,10.0,1,0.0,0.0,0.0,0.0
葡萄,4,6,1,0,0.583,257.48,12.0,11.3,0,0.0,0.0,0.0,0.0
西瓜,4,6,1,0,0.899,58.56,7.8,12.3,0,0.0,0.0,0.0,0.0
西红柿,4,6,1,0,0.794,38.75,7.65,12.0,0,0.0,0.0,0.0,0.0
香蕉,4,6,1,0,0.67,165.56,5.6,11.8,0,0.0,0.0,0.0,0.0
黄瓜,4,6,1,0,0.832,64.7,7.0,12.1,0,0.0,0.0,0.0,0.0
土豆,5,6,1,0,0.978,0.0,4.0,14.2,1,0.0,0.0,0.0,13.28
芒果,5,6,1,0,0.458,232.72,9.0,13.1,0,0.0,0.0,0.0,1.53
苹果,5,6,1,0,0.896,159.46,15.6,14.1,0,0.0,0.0,0.0,4.32
草莓,5,6,1,0,0.243,277.92,24.0,16.9,0,0.0,0.0,0.0,1.2
葡萄,5,6,1,0,0.575,257.48,12.0,15.1,0,0.0,0.0,0.0,0.38
西瓜,5,6,1,0,0.894,58.56,6.0,18.7,1,0.0,0.0,0.0,1.8
西红柿,5,6,1,0,0.791,38.75,6.3,11.0,0,0.0,0.0,0.0,7.16
香蕉,5,6,1,0,0.662,165.56,6.8,16.1,0,0.0,0.0,0.0,8.09
黄瓜,5,6,1,0,0.826,64.7,7.0,16.3,0,0.0,0.0,0.0,10.71
土豆,6,6,1,0,1.0,286.72,4.0,13.0,0,0.0,14.71,14.07,28.06
芒果,6,6,1,0,1.0,298.47,17.25,14.7,0,0.12,1.19,2.58,8.59
苹果,6,6,1,0,1.0,295.68,12.0,15.3,0,0.0,4.08,1.95,4.24
草莓,6,6,1,0,1.0,298.8,40.0,15.2,0,0.0,1.79,1.33,2.65
葡萄,6,6,1,0,1.0,299.62,26.0,15.7,1,0.0,2.14,4.12,5.33
西瓜,6,6,1,0,1.0,298.2,6.0,16.0,0,0.0,2.19,3.76,9.06
西红柿,6,6,1,0,1.0,292.84,9.0,15.6,0,0.0,1.3,5.47,11.69
香蕉,6,6,1,0,1.0,291.91,6.8,12.5,0,0.0,8.65,5.9,20.9
黄瓜,6,6,1,0,1.0,289.29,5.95,16.3,0,0.0,6.95,7.26,15.17
土豆,7,6,1,0,0.999,258.66,4.0,21.3,0,13.28,51.41,31.27,39.66
芒果,7,6,1,0,0.969,289.88,15.0,21.6,0,1.53,13.75,5.73,6.94
苹果,7,6,1,0,0.996,291.44,10.2,15.2,1,4.32,3.4,10.48,3.73
草莓,7,6,1,0,0.981,296.15,34.0,18.1,0,1.2,2.81,4.42,1.04
葡萄,7,6,1,0,0.996,294.29,20.0,13.6,0,0.38,2.36,8.12,7.48
西瓜,7,6,1,0,0.995,289.14,7.8,20.7,0,1.8,3.63,2.48,21.31
西红柿,7,6,1,0,0.993,281.15,7.65,16.4,1,7.16,21.88,20.84,27.61
香蕉,7,6,1,0,0.992,271.01,6.8,16.0,0,8.09,22.93,2.95,14.1
黄瓜,7,6,1,0,0.995,274.12,7.0,14.7,0,10.71,9.17,19.04,7.27
土豆,8,6,1,0,0.998,219.0,4.0,20.4,0,28.06,34.19,28.85,13.67
芒果,8,6,1,0,0.942,282.94,15.0,20.5,0,8.59,9.2,9.22,4.61
苹果,8,6,1,0,0.99,287.71,10.2,23.5,1,4.24,10.01,15.54,8.19
草莓,8,6,1,0,0.957,295.11,52.0,19.1,0,2.65,0.78,2.86,1.44
葡萄,8,6,1,0,0.97,286.81,17.0,22.6,0,5.33,0.58,3.58,2.77
西瓜,8,6,1,0,0.99,267.83,6.0,18.6,0,9.06,5.74,5.89,7.96
西红柿,8,6,1,0,0.983,253.54,6.3,19.5,0,11.69,5.4,9.81,11.92
香蕉,8,6,1,0,0.976,256.91,8.0,20.9,0,20.9,4.81,19.36,2.5
黄瓜,8,6,1,0,0.988,266.85,9.1,16.7,0,15.17,12.41,6.09,4.62
土豆,9,6,1,0,0.997,205.33,4.6,20.8,0,39.66,27.88,31.73,20.16
芒果,9,6,1,0,0.921,278.33,15.0,19.0,0,6.94,1.47,0.53,4.65
苹果,9,6,1,0,0.986,279.52,12.0,19.2,0,3.73,8.32,14.38,4.66
草莓,9,6,1,0,0.933,293.67,40.0,18.9,0,1.04,3.22,1.29,0.71
葡萄,9,6,1,0,0.945,284.04,23.0,21.9,0,7.48,1.89,4.02,1.31
西瓜,9,6,1,0,0.986,259.87,6.9,19.0,0,21.31,16.42,7.32,9.2
西红柿,9,6,1,0,0.97,241.62,7.65,24.5,0,27.61,8.53,11.56,6.7
香蕉,9,6,1,0,0.961,254.41,8.0,20.1,1,14.1,14.46,11.21,0.9
黄瓜,9,6,1,0,0.98,262.23,9.1,20.7,0,7.27,18.4,15.51,6.19
土豆,10,6,1,0,0.996,185.17,2.8,21.4,0,13.67,8.92,14.95,25.32
芒果,10,6,1,0,0.881,273.68,10.5,23.9,0,4.61,0.53,4.35,7.43
苹果,10,6,1,0,0.979,274.86,12.0,24.1,0,8.19,3.97,3.31,3.55
草莓,10,6,1,0,0.889,292.96,40.0,22.4,0,1.44,1.82,0.18,1.17
葡萄,10,6,1,0,0.915,282.73,23.0,24.0,0,2.77,2.52,1.84,3.06
西瓜,10,6,1,0,0.98,250.67,6.0,21.0,0,7.96,3.23,11.19,22.53
西红柿,10,6,1,0,0.959,234.92,9.0,21.2,0,11.92,5.3,3.41,5.89
香蕉,10,6,1,0,0.943,253.51,10.4,21.2,1,2.5,2.86,3.47,8.42
黄瓜,10,6,1,0,0.97,256.04,7.0,24.1,0,4.62,5.71,4.57,20.41
土豆,11,6,1,0,0.994,159.85,2.8,29.4,1,20.16,29.18,17.07,37.73
芒果,11,6,1,0,0.835,266.25,12.75,25.7,0,4.65,4.12,6.17,2.83
苹果,11,6,1,0,0.973,271.31,15.6,26.3,0,4.66,7.98,4.16,6.62
草莓,11,6,1,0,0.84,291.79,40.0,23.1,0,0.71,1.63,1.48,1.38
葡萄,11,6,1,0,0.879,279.67,20.0,26.2,0,1.31,5.56,4.15,5.17
西瓜,11,6,1,0,0.974,228.14,6.0,22.7,0,9.2,22.45,5.05,45.06
西红柿,11,6,1,0,0.946,229.03,9.0,24.0,1,6.7,21.93,13.9,19.41
香蕉,11,6,1,0,0.929,245.09,8.0,19.9,0,0.9,12.26,14.72,3.26
黄瓜,11,6,1,0,0.96,235.63,4.9,22.9,0,6.19,6.53,8.33,5.93
土豆,12,6,1,0,0.993,122.12,3.4,27.7,0,25.32,38.41,37.32,19.67
芒果,12,6,1,0,0.79,263.42,17.25,25.4,0,7.43,1.13,1.7,1.77
苹果,12,6,1,0,0.967,264.69,12.0,21.3,0,3.55,5.89,4.21,6.06
草莓,12,6,1,0,0.777,290.41,40.0,25.5,0,1.17,2.17,0.67,0.94
葡萄,12,6,1,0,0.838,274.5,14.0,28.6,0,3.06,1.29,6.01,2.28
西瓜,12,6,1,0,0.966,183.08,5.1,28.1,0,22.53,39.22,9.47,24.09
西红柿,12,6,1,0,0.933,209.62,6.3,23.7,0,5.89,12.92,5.38,15.97
香蕉,12,6,1,0,0.907,241.83,10.4,23.5,0,8.42,2.17,17.8,6.44
黄瓜,12,6,1,0,0.949,229.7,9.1,26.4,0,20.41,4.36,20.67,4.16
土豆,13,6,1,0,0.992,102.45,4.0,24.1,0,37.73,37.52,21.27,20.72
芒果,13,6,1,0,0.731,261.65,17.25,28.9,0,2.83,2.85,3.23,1.73
苹果,13,6,1,0,0.96,258.63,12.0,28.6,0,6.62,7.68,8.66,4.32
草莓,13,6,1,0,0.708,289.47,40.0,26.5,0,1.38,0.95,0.77,0.38
葡萄,13,6,1,0,0.805,272.22,20.0,25.2,0,5.17,0.41,1.35,1.15
西瓜,13,6,1,0,0.958,158.99,6.9,29.2,0,45.06,2.97,59.02,21.43
西红柿,13,6,1,0,0.915,193.65,6.3,30.8,0,19.41,14.74,15.33,5.44
香蕉,13,6,1,0,0.877,235.39,8.0,27.9,0,3.26,7.16,1.43,3.63
黄瓜,13,6,1,0,0.935,225.54,9.1,31.2,0,5.93,12.46,10.02,10.01
土豆,14,6,1,0,0.99,81.73,2.8,32.2,0,19.67,14.8,4.66,8.44
芒果,14,6,1,0,0.672,259.92,12.75,29.1,0,1.77,2.29,0.65,1.45
苹果,14,6,1,0,0.952,254.31,8.4,27.5,0,6.06,0.75,1.05,2.1
草莓,14,6,1,0,0.615,289.09,40.0,30.6,0,0.94,0.51,0.51,0.78
葡萄,14,6,1,0,0.762,271.07,20.0,29.2,0,2.28,1.33,1.3,2.24
西瓜,14,6,1,0,0.95,137.56,6.0,28.0,0,24.09,20.84,6.55,15.87
西红柿,14,6,1,0,0.898,188.21,9.0,29.5,0,15.97,3.76,5.41,5.14
香蕉,14,6,1,0,0.847,231.76,8.0,27.9,0,6.44,3.3,2.26,6.17
黄瓜,14,6,1,0,0.925,215.53,4.9,24.4,0,4.16,5.74,2.92,6.2
土豆,15,6,1,0,0.989,73.29,4.6,29.1,0,20.72,14.08,24.48,38.81
芒果,15,6,1,0,0.627,258.47,15.0,25.3,0,1.73,2.02,1.51,6.09
苹果,15,6,1,0,0.944,252.21,8.4,30.6,1,4.32,4.33,0.75,6.33
草莓,15,6,1,0,0.546,288.31,24.0,26.4,0,0.38,0.46,0.69,1.38
葡萄,15,6,1,0,0.718,268.83,14.0,29.4,0,1.15,2.09,1.23,1.4
西瓜,15,6,1,0,0.942,121.69,6.0,28.2,0,21.43,8.68,22.63,55.86
西红柿,15,6,1,0,0.883,183.07,9.0,25.9,0,5.44,4.88,5.65,21.06
香蕉,15,6,1,0,0.816,225.59,5.6,28.8,0,3.63,1.48,6.65,2.41
黄瓜,15,6,1,0,0.913,209.33,4.9,28.2,1,10.01,3.74,3.48,11.59
土豆,16,6,1,0,0.987,34.48,4.0,25.1,0,8.44,16.24,74.33,34.48
芒果,16,6,1,0,0.592,252.38,9.0,22.8,0,1.45,5.83,3.84,8.09
苹果,16,6,1,0,0.937,245.88,13.8,25.9,0,2.1,10.04,19.51,15.14
草莓,16,6,1,0,0.483,286.93,24.0,25.6,0,0.78,1.41,1.52,1.67
葡萄,16,6,1,0,0.679,267.43,26.0,27.6,0,2.24,2.57,3.03,3.58
西瓜,16,6,1,0,0.935,65.83,4.2,24.4,0,15.87,24.01,6.91,10.67
西红柿,16,6,1,0,0.871,162.01,7.65,23.8,0,5.14,26.33,15.77,19.73
香蕉,16,6,1,0,0.786,223.18,8.0,27.9,1,6.17,5.69,7.12,7.37
黄瓜,16,6,1,0,0.901,197.74,8.05,27.5,0,6.2,17.31,23.09,12.88
土豆,17,6,1,0,0.986,0.0,4.0,26.6,0,38.81,12.66,0.0,0.0
芒果,17,6,1,0,0.57,244.29,9.0,19.1,0,6.09,2.58,1.56,6.23
苹果,17,6,1,0,0.931,230.74,12.0,24.4,0,6.33,15.46,11.57,17.15
草莓,17,6,1,0,0.418,285.26,24.0,25.8,0,1.38,1.44,1.77,0.37
葡萄,17,6,1,0,0.64,263.85,20.0,27.7,0,1.4,9.44,5.66,0.51
西瓜,17,6,1,0,0.928,55.16,6.0,24.8,1,55.86,28.49,34.69,55.16
西红柿,17,6,1,0,0.857,142.28,9.0,24.7,0,21.06,32.11,19.38,19.38
香蕉,17,6,1,0,0.766,215.81,9.2,22.6,0,2.41,10.11,14.24,10.0
黄瓜,17,6,1,0,0.889,184.86,7.0,27.1,1,11.59,27.29,31.44,37.41
土豆,18,6,1,0,0.985,0.0,4.0,25.4,0,34.48,0.0,0.0,0.0
芒果,18,6,1,0,0.523,238.06,9.0,25.9,0,8.09,6.05,8.71,5.62
苹果,18,6,1,0,0.925,213.59,12.0,24.1,0,15.14,24.52,9.35,2.64
草莓,18,6,1,0,0.377,284.89,24.0,21.9,1,1.67,1.11,1.44,1.06
葡萄,18,6,1,0,0.615,263.34,26.0,21.8,1,3.58,3.03,4.53,4.9
西瓜,18,6,1,0,0.921,0.0,6.9,26.6,0,10.67,44.74,48.04,0.0
西红柿,18,6,1,0,0.845,122.9,9.0,22.4,0,19.73,32.15,32.99,15.21
香蕉,18,6,1,0,0.748,205.81,9.2,21.5,0,7.37,19.02,12.11,28.85
黄瓜,18,6,1,0,0.879,147.45,4.9,24.7,0,12.88,21.48,10.17,19.5
土豆,19,6,1,0,0.984,0.0,4.0,21.1,0,0.0,0.0,0.0,0.0
芒果,19,6,1,0,0.498,232.44,9.0,20.1,0,6.23,7.07,6.9,4.18
苹果,19,6,1,0,0.92,210.95,13.8,20.7,1,17.15,20.55,20.57,24.01
草莓,19,6,1,0,0.339,283.83,24.0,21.2,0,0.37,1.12,1.33,0.66
葡萄,19,6,1,0,0.591,258.44,12.0,21.7,0,0.51,0.67,2.19,1.17
西瓜,19,6,1,0,0.915,0.0,4.2,22.8,1,55.16,5.16,7.74,0.0
西红柿,19,6,1,0,0.837,107.69,10.35,17.6,0,19.38,32.57,7.55,25.89
香蕉,19,6,1,0,0.733,176.96,5.6,20.4,0,10.0,8.69,7.65,18.03
黄瓜,19,6,1,0,0.87,127.95,7.0,20.5,0,37.41,41.63,39.71,19.74
土豆,20,6,1,0,0.983,0.0,2.4,16.4,0,0.0,0.0,0.0,0.0
芒果,20,6,1,0,0.484,228.26,9.0,16.9,0,5.62,5.76,4.71,0.99
苹果,20,6,1,0,0.915,186.94,7.2,19.5,0,2.64,5.93,27.11,8.12
草莓,20,6,1,0,0.314,283.17,24.0,19.3,0,1.06,0.68,0.69,0.42
葡萄,20,6,1,0,0.578,257.27,12.0,17.2,1,4.9,5.13,5.36,1.4
西瓜,20,6,1,0,0.911,0.0,3.6,16.7,0,0.0,9.72,64.76,0.0
西红柿,20,6,1,0,0.828,81.8,5.4,18.6,0,15.21,27.9,25.38,7.26
香蕉,20,6,1,0,0.719,158.93,4.8,19.3,0,28.85,5.39,14.49,4.99
黄瓜,20,6,1,0,0.862,108.21,4.2,20.9,0,19.5,32.87,37.22,10.43
土豆,21,6,1,0,0.982,0.0,2.4,18.7,0,0.0,0.0,0.0,0.0
芒果,21,6,1,0,0.479,227.27,9.0,14.2,0,4.18,1.29,0.99,0.0
苹果,21,6,1,0,0.911,178.82,7.2,16.4,0,24.01,7.63,6.23,0.0
草莓,21,6,1,0,0.308,282.75,24.0,15.1,0,0.66,0.18,0.41,0.0
葡萄,21,6,1,0,0.569,255.87,12.0,15.7,0,1.17,1.51,1.66,0.0
西瓜,21,6,1,0,0.907,0.0,3.6,16.2,0,0.0,3.95,2.83,0.0
西红柿,21,6,1,0,0.821,74.54,5.4,16.2,0,25.89,9.55,9.12,0.0
香蕉,21,6,1,0,0.713,153.94,4.8,15.4,0,18.03,5.46,5.36,0.0
黄瓜,21,6,1,0,0.856,97.78,4.2,15.2,0,19.74,9.25,10.09,0.0
土豆,22,6,1,0,0.981,0.0,2.4,16.6,1,0.0,0.0,0.0,0.0
芒果,22,6,1,0,0.469,227.27,9.0,16.1,0,0.99,0.0,0.0,0.0
苹果,22,6,1,0,0.908,178.82,7.2,14.2,0,8.12,0.0,0.0,0.0
草莓,22,6,1,0,0.299,282.75,24.0,16.4,0,0.42,0.0,0.0,0.0
葡萄,22,6,1,0,0.56,255.87,12.0,15.5,1,1.4,0.0,0.0,0.0
西瓜,22,6,1,0,0.905,0.0,3.6,13.0,0,0.0,0.0,0.0,0.0
西红柿,22,6,1,0,0.814,74.54,5.4,16.0,0,7.26,0.0,0.0,0.0
香蕉,22,6,1,0,0.702,153.94,4.8,17.8,1,4.99,0.0,0.0,0.0
黄瓜,22,6,1,0,0.85,97.78,4.2,18.0,0,10.43,0.0,0.0,0.0
土豆,23,6,1,0,0.98,0.0,2.4,13.8,0,0.0,0.0,0.0,0.0
芒果,23,6,1,0,0.464,227.27,9.0,11.8,0,0.0,0.0,0.0,0.0
苹果,23,6,1,0,0.904,178.82,7.2,14.4,0,0.0,0.0,0.0,0.0
草莓,23,6,1,0,0.293,282.75,24.0,13.4,0,0.0,0.0,0.0,0.0
葡萄,23,6,1,0,0.553,255.87,12.0,14.7,1,0.0,0.0,0.0,0.0
西瓜,23,6,1,0,0.903,0.0,3.6,12.3,0,0.0,0.0,0.0,0.0
西红柿,23,6,1,0,0.808,74.54,5.4,14.8,0,0.0,0.0,0.0,0.0
香蕉,23,6,1,0,0.699,153.94,4.8,11.7,0,0.0,0.0,0.0,0.0
黄瓜,23,6,1,0,0.844,97.78,4.2,14.6,0,0.0,0.0,0.0,0.0
土豆,0,0,0,0,0.98,0.0,5.2,13.6,1,0.0,0.0,0.0,0.0
芒果,0,0,0,0,0.459,227.27,9.0,10.2,0,0.0,0.03,0.15,0.0
苹果,0,0,0,0,0.902,178.82,12.0,12.0,0,0.0,0.0,0.0,0.0
草莓,0,0,0,0,0.287,282.75,24.0,14.7,0,0.0,0.0,0.0,0.0
葡萄,0,0,0,0,0.548,255.87,12.0,14.0,0,0.0,0.0,0.0,0.0
西瓜,0,0,0,0,0.901,0.0,4.2,11.7,0,0.0,0.0,0.0,0.0
西红柿,0,0,0,0,0.804,74.54,9.0,11.9,0,0.0,0.0,0.0,0.0
香蕉,0,0,0,0,0.696,153.94,8.0,10.0,0,0.0,0.0,0.0,0.0
黄瓜,0,0,0,0,0.841,97.78,7.0,11.6,0,0.0,0.0,0.0,0.08
土豆,1,0,0,0,0.979,0.0,5.2,11.4,1,0.0,0.0,0.0,0.0
芒果,1,0,0,0,0.454,227.27,9.0,9.7,0,0.0,0.0,0.0,0.0
苹果,1,0,0,0,0.899,178.82,8.4,12.6,0,0.0,0.0,0.0,0.0
草莓,1,0,0,0,0.281,282.75,24.0,7.5,0,0.0,0.0,0.0,0.0
葡萄,1,0,0,0,0.544,255.87,12.0,11.4,0,0.0,0.0,0.0,0.0
西瓜,1,0,0,0,0.899,0.0,7.8,11.6,1,0.0,0.0,0.0,0.0
西红柿,1,0,0,0,0.799,74.54,6.3,12.7,1,0.0,0.0,0.04,0.0
香蕉,1,0,0,0,0.693,153.94,9.2,12.9,1,0.0,0.0,0.0,0.0
黄瓜,1,0,0,0,0.836,97.7,7.0,12.9,0,0.0,0.0,0.0,0.0
土豆,2,0,0,0,0.978,0.0,4.0,15.0,0,0.0,0.0,0.0,0.0
芒果,2,0,0,0,0.449,227.27,9.0,10.3,0,0.0,0.0,0.04,0.0
苹果,2,0,0,0,0.897,178.82,15.6,9.5,0,0.0,0.0,0.0,0.0
草莓,2,0,0,0,0.275,282.75,24.0,15.8,0,0.0,0.0,0.0,0.0
葡萄,2,0,0,0,0.54,255.87,12.0,10.5,0,0.0,0.0,0.0,0.0
西瓜,2,0,0,0,0.898,0.0,6.9,9.9,0,0.0,0.0,0.0,0.0
西红柿,2,0,0,0,0.795,74.54,9.0,12.3,1,0.0,0.0,0.0,0.0
香蕉,2,0,0,0,0.69,153.94,8.0,9.4,0,0.0,0.0,0.0,0.0
黄瓜,2,0,0,0,0.834,97.7,7.0,9.3,0,0.08,0.0,0.0,0.0
土豆,3,0,0,0,0.978,0.0,4.0,12.1,0,0.0,0.0,0.0,0.0
芒果,3,0,0,0,0.444,227.27,9.0,9.8,0,0.0,0.0,0.0,0.0
苹果,3,0,0,0,0.894,178.82,15.6,14.1,1,0.0,0.0,0.0,0.0
草莓,3,0,0,0,0.269,282.75,24.0,9.9,0,0.0,0.0,0.0,0.0
葡萄,3,0,0,0,0.536,255.87,12.0,13.1,0,0.0,0.0,0.0,0.0
西瓜,3,0,0,0,0.895,0.0,7.8,13.8,0,0.0,0.0,0.0,0.0
西红柿,3,0,0,0,0.791,74.54,9.0,11.9,0,0.0,0.0,0.0,0.0
香蕉,3,0,0,0,0.687,153.94,8.0,11.7,0,0.0,0.0,0.0,0.0
黄瓜,3,0,0,0,0.828,97.7,8.05,16.0,0,0.0,0.0,0.0,0.0
土豆,4,0,0,0,0.977,0.0,4.6,12.9,0,0.0,0.0,0.0,0.0
芒果,4,0,0,0,0.435,227.27,9.0,15.8,0,0.0,0.0,0.0,0.09
苹果,4,0,0,0,0.892,178.82,12.0,8.9,0,0.0,0.0,0.0,0.0
草莓,4,0,0,0,0.263,282.75,24.0,15.0,0,0.0,0.0,0.0,0.0
葡萄,4,0,0,0,0.531,255.87,12.0,14.2,0,0.0,0.0,0.0,0.0
西瓜,4,0,0,0,0.893,0.0,6.0,11.7,0,0.0,0.0,0.0,0.0
西红柿,4,0,0,0,0.786,74.54,7.65,14.2,0,0.0,0.0,0.0,0.0
香蕉,4,0,0,0,0.684,153.94,8.0,11.2,0,0.0,0.0,0.0,0.0
黄瓜,4,0,0,0,0.823,97.7,7.0,14.1,0,0.0,0.0,0.0,0.0
土豆,5,0,0,0,0.977,0.0,2.8,13.7,0,0.0,0.0,0.0,3.49
芒果,5,0,0,0,0.43,227.18,9.0,13.4,0,0.0,0.12,0.0,4.08
苹果,5,0,0,0,0.888,178.82,15.6,16.8,0,0.0,0.0,0.0,2.83
草莓,5,0,0,0,0.257,282.75,24.0,13.3,0,0.0,0.0,0.0,0.66
葡萄,5,0,0,0,0.527,255.87,12.0,13.6,0,0.0,0.0,0.0,2.88
西瓜,5,0,0,0,0.889,0.0,6.0,18.4,0,0.0,0.0,0.0,1.8
西红柿,5,0,0,0,0.778,74.54,9.0,16.2,0,0.0,0.0,0.0,4.94
香蕉,5,0,0,0,0.671,153.94,8.0,18.9,0,0.0,0.0,0.0,2.25
黄瓜,5,0,0,0,0.817,97.7,8.05,16.4,0,0.0,0.0,0.11,4.08
土豆,6,0,0,0,1.0,296.51,5.2,17.0,0,0.0,13.28,6.7,19.54
芒果,6,0,0,0,1.0,295.92,10.5,12.1,0,0.09,1.53,2.85,1.93
苹果,6,0,0,0,1.0,297.17,12.0,12.4,0,0.0,4.32,3.84,10.22
草莓,6,0,0,0,1.0,299.34,40.0,15.9,0,0.0,1.2,1.15,2.06
葡萄,6,0,0,0,1.0,297.12,14.0,14.1,0,0.0,0.38,1.98,5.59
西瓜,6,0,0,0,1.0,298.2,6.0,15.4,1,0.0,1.8,1.8,1.8
西红柿,6,0,0,0,1.0,295.06,7.65,9.7,0,0.0,7.16,2.68,5.48
香蕉,6,0,0,0,1.0,297.75,6.8,16.4,1,0.0,8.09,3.88,3.2
黄瓜,6,0,0,0,1.0,295.92,7.0,14.6,0,0.0,10.71,1.49,13.28
土豆,7,0,0,0,0.999,276.97,4.0,19.9,0,3.49,28.06,9.09,21.28
芒果,7,0,0,0,0.992,293.99,19.5,15.6,0,4.08,8.59,2.44,8.54
苹果,7,0,0,0,0.996,286.95,10.2,17.6,0,2.83,4.24,6.29,8.47
草莓,7,0,0,0,0.994,297.28,40.0,12.6,0,0.66,2.65,0.35,2.02
葡萄,7,0,0,0,0.987,291.53,17.0,17.1,0,2.88,5.33,1.29,2.64
西瓜,7,0,0,0,0.996,296.4,7.8,17.2,0,1.8,9.06,24.94,28.53
西红柿,7,0,0,0,0.99,289.58,10.35,19.5,1,4.94,11.69,11.17,8.84
香蕉,7,0,0,0,0.983,294.55,8.0,21.0,1,2.25,20.9,10.05,6.62
黄瓜,7,0,0,0,0.994,282.64,7.0,17.1,0,4.08,15.17,16.59,25.04
土豆,8,0,0,0,0.998,255.69,4.0,21.5,0,19.54,39.66,16.93,12.46
芒果,8,0,0,0,0.984,285.45,10.5,15.4,0,1.93,6.94,1.8,2.51
苹果,8,0,0,0,0.991,278.48,12.0,19.4,0,10.22,3.73,6.8,4.95
草莓,8,0,0,0,0.977,295.26,40.0,17.9,0,2.06,1.04,1.64,0.3
葡萄,8,0,0,0,0.972,288.89,20.0,18.0,0,5.59,7.48,2.94,3.91
西瓜,8,0,0,0,0.991,267.87,5.1,18.8,0,1.8,21.31,16.29,11.11
西红柿,8,0,0,0,0.98,280.74,9.0,20.5,0,5.48,27.61,10.15,7.13
香蕉,8,0,0,0,0.968,287.93,8.0,20.2,0,3.2,14.1,2.31,9.83
黄瓜,8,0,0,0,0.986,257.6,4.9,18.2,0,13.28,7.27,19.51,3.45
土豆,9,0,0,0,0.997,243.23,4.0,19.6,0,21.28,13.67,14.23,7.15
芒果,9,0,0,0,0.947,282.94,15.0,23.2,0,8.54,4.61,1.21,2.35
苹果,9,0,0,0,0.986,273.53,12.0,21.2,0,8.47,8.19,1.75,3.78
草莓,9,0,0,0,0.942,294.96,52.0,20.8,0,2.02,1.44,1.47,0.18
葡萄,9,0,0,0,0.947,284.98,14.0,22.1,0,2.64,2.77,2.9,0.95
西瓜,9,0,0,0,0.986,256.76,6.0,21.0,0,28.53,7.96,14.84,6.49
西红柿,9,0,0,0,0.972,273.61,9.0,17.5,0,8.84,11.92,4.63,3.89
香蕉,9,0,0,0,0.95,278.1,5.6,21.5,0,6.62,2.5,5.4,3.03
黄瓜,9,0,0,0,0.977,254.15,9.1,22.5,0,25.04,4.62,11.13,3.01
土豆,10,0,0,0,0.996,236.08,4.0,22.3,0,12.46,20.16,3.78,27.46
芒果,10,0,0,0,0.918,280.59,12.75,21.0,0,2.51,4.65,0.72,2.81
苹果,10,0,0,0,0.979,269.75,12.0,26.0,0,4.95,4.66,3.14,4.98
草莓,10,0,0,0,0.885,294.78,52.0,24.4,1,0.3,0.71,0.32,0.81
葡萄,10,0,0,0,0.926,284.03,14.0,20.3,1,3.91,1.31,2.75,1.7
西瓜,10,0,0,0,0.98,250.27,6.0,23.6,0,11.11,9.2,9.58,15.89
西红柿,10,0,0,0,0.959,269.72,9.0,23.7,0,7.13,6.7,3.09,5.81
香蕉,10,0,0,0,0.929,275.07,8.0,23.4,0,9.83,0.9,2.46,6.7
黄瓜,10,0,0,0,0.967,251.14,7.0,25.0,1,3.45,6.19,4.28,10.9
土豆,11,0,0,0,0.995,208.62,3.4,24.8,0,7.15,25.32,16.97,7.02
芒果,11,0,0,0,0.891,277.78,15.0,20.6,0,2.35,7.43,3.42,2.13
苹果,11,0,0,0,0.972,264.77,12.0,25.4,0,3.78,3.55,1.11,4.78
草莓,11,0,0,0,0.809,293.97,40.0,27.8,0,0.18,1.17,0.97,0.59
葡萄,11,0,0,0,0.892,282.33,23.0,25.8,0,0.95,3.06,1.09,2.3
西瓜,11,0,0,0,0.974,234.38,6.0,21.5,0,6.49,22.53,13.44,8.63
西红柿,11,0,0,0,0.946,263.91,9.0,24.3,0,3.89,5.89,10.73,7.59
香蕉,11,0,0,0,0.906,268.37,8.0,24.2,0,3.03,8.42,2.74,2.69
黄瓜,11,0,0,0,0.957,240.24,7.0,22.3,0,3.01,20.41,4.23,6.89
土豆,12,0,0,0,0.993,201.6,5.2,25.8,0,27.46,37.73,8.23,13.38
芒果,12,0,0,0,0.839,275.65,17.25,27.2,0,2.81,2.83,5.69,2.67
苹果,12,0,0,0,0.965,259.99,12.0,27.0,0,4.98,6.62,7.34,4.83
草莓,12,0,0,0,0.758,293.38,46.0,23.5,0,0.81,1.38,0.58,0.69
葡萄,12,0,0,0,0.856,280.03,20.0,26.3,0,1.7,5.17,4.57,1.11
西瓜,12,0,0,0,0.966,225.75,7.8,27.6,0,15.89,45.06,25.9,21.96
西红柿,12,0,0,0,0.931,256.32,9.0,26.3,0,5.81,19.41,17.23,3.15
香蕉,12,0,0,0,0.886,265.68,10.4,22.3,0,6.7,3.26,2.08,1.7
黄瓜,12,0,0,0,0.947,233.35,7.0,25.2,0,10.9,5.93,10.02,9.53
土豆,13,0,0,0,0.992,188.22,4.0,24.6,0,7.02,19.67,10.14,9.87
芒果,13,0,0,0,0.783,272.98,12.75,28.3,0,2.13,1.77,2.91,1.5
苹果,13,0,0,0,0.957,255.16,12.0,29.5,0,4.78,6.06,9.18,4.35
草莓,13,0,0,0,0.696,292.69,28.0,25.2,0,0.59,0.94,0.18,0.3
葡萄,13,0,0,0,0.815,278.92,23.0,28.3,0,2.3,2.28,1.57,0.59
西瓜,13,0,0,0,0.959,203.79,6.0,26.4,0,8.63,24.09,15.19,13.24
西红柿,13,0,0,0,0.914,253.17,10.35,29.0,0,7.59,15.97,1.44,1.05
香蕉,13,0,0,0,0.855,263.98,8.0,28.8,1,2.69,6.44,7.56,4.78
黄瓜,13,0,0,0,0.937,223.82,5.95,23.0,0,6.89,4.16,1.87,6.2
土豆,14,0,0,0,0.991,178.35,4.0,26.8,0,13.38,20.72,14.15,2.96
芒果,14,0,0,0,0.728,271.48,12.75,27.8,0,2.67,1.73,1.58,1.12
苹果,14,0,0,0,0.95,250.81,10.2,27.4,0,4.83,4.32,1.13,2.52
草莓,14,0,0,0,0.609,292.39,34.0,29.5,0,0.69,0.38,0.35,0.35
葡萄,14,0,0,0,0.78,278.33,23.0,25.9,0,1.11,1.15,1.2,0.72
西瓜,14,0,0,0,0.95,190.55,6.0,29.8,0,21.96,21.43,4.35,4.61
西红柿,14,0,0,0,0.899,252.12,11.7,26.7,1,3.15,5.44,1.39,5.61
香蕉,14,0,0,0,0.824,259.2,5.6,28.4,0,1.7,3.63,3.36,2.32
黄瓜,14,0,0,0,0.926,217.62,4.9,25.7,1,9.53,10.01,2.71,1.94
土豆,15,0,0,0,0.99,175.39,5.2,22.4,1,9.87,8.44,9.99,16.48
芒果,15,0,0,0,0.664,270.36,12.75,30.5,0,1.5,1.45,0.53,1.85
苹果,15,0,0,0,0.941,248.29,12.0,32.8,0,4.35,2.1,1.09,6.67
草莓,15,0,0,0,0.53,292.04,24.0,28.2,0,0.3,0.78,0.49,1.07
葡萄,15,0,0,0,0.735,277.61,20.0,30.0,0,0.59,2.24,0.95,2.22
西瓜,15,0,0,0,0.941,185.94,7.8,30.3,0,13.24,15.87,7.13,15.36
西红柿,15,0,0,0,0.883,246.51,6.3,28.9,0,1.05,5.14,2.64,16.32
香蕉,15,0,0,0,0.801,256.88,8.0,24.4,0,4.78,6.17,1.19,5.44
黄瓜,15,0,0,0,0.913,215.68,8.05,29.1,1,6.2,6.2,2.63,14.31
土豆,16,0,0,0,0.988,158.91,4.6,26.0,0,2.96,38.81,29.19,43.09
芒果,16,0,0,0,0.628,268.51,17.25,22.9,0,1.12,6.09,4.67,4.69
苹果,16,0,0,0,0.935,241.62,12.0,24.4,0,2.52,6.33,6.52,26.43
草莓,16,0,0,0,0.471,290.97,24.0,24.9,0,0.35,1.38,1.02,0.43
葡萄,16,0,0,0,0.701,275.39,20.0,25.6,0,0.72,1.4,2.44,5.64
西瓜,16,0,0,0,0.935,170.58,6.9,23.8,0,4.61,55.86,20.62,30.47
西红柿,16,0,0,0,0.869,230.19,6.3,24.5,0,5.61,21.06,9.7,18.5
香蕉,16,0,0,0,0.774,251.44,8.0,26.4,0,2.32,2.41,2.11,8.41
黄瓜,16,0,0,0,0.902,201.37,7.0,27.3,0,1.94,11.59,12.05,25.51
土豆,17,0,0,0,0.987,115.82,4.0,25.3,0,16.48,34.48,25.22,51.19
芒果,17,0,0,0,0.579,263.82,9.0,26.5,0,1.85,8.09,2.35,4.9
苹果,17,0,0,0,0.928,215.19,8.4,25.9,0,6.67,15.14,5.12,3.5
草莓,17,0,0,0,0.429,290.54,24.0,21.9,1,1.07,1.67,1.45,0.39
葡萄,17,0,0,0,0.663,269.75,14.0,27.2,0,2.22,3.58,2.02,2.08
西瓜,17,0,0,0,0.929,140.11,6.0,23.8,0,15.36,10.67,18.99,13.3
西红柿,17,0,0,0,0.853,211.69,7.65,28.2,0,16.32,19.73,12.65,11.41
香蕉,17,0,0,0,0.749,243.03,8.0,25.3,0,5.44,7.37,9.5,8.4
黄瓜,17,0,0,0,0.892,175.86,4.9,22.6,0,14.31,12.88,15.83,30.19
土豆,18,0,0,0,0.986,64.63,3.4,21.5,0,43.09,0.0,41.06,36.3
芒果,18,0,0,0,0.526,258.92,9.0,27.4,0,4.69,6.23,5.75,3.72
苹果,18,0,0,0,0.922,211.69,12.0,24.7,1,26.43,17.15,10.66,8.5
草莓,18,0,0,0,0.381,290.15,24.0,23.0,1,0.43,0.37,1.49,0.61
葡萄,18,0,0,0,0.641,267.67,14.0,21.1,1,5.64,0.51,3.56,3.42
西瓜,18,0,0,0,0.922,126.81,5.1,24.4,1,30.47,55.16,26.08,20.05
西红柿,18,0,0,0,0.841,200.28,9.0,22.4,0,18.5,19.38,11.13,15.18
香蕉,18,0,0,0,0.727,234.63,8.0,23.5,0,8.41,10.0,6.77,5.7
黄瓜,18,0,0,0,0.88,145.67,4.9,27.5,0,25.51,37.41,20.84,12.4
土豆,19,0,0,0,0.985,28.33,4.0,20.5,0,51.19,0.0,16.04,28.33
芒果,19,0,0,0,0.487,255.2,9.0,23.6,0,4.9,5.62,4.93,2.32
苹果,19,0,0,0,0.917,203.19,13.8,18.8,0,3.5,2.64,3.68,16.7
草莓,19,0,0,0,0.349,289.54,24.0,20.4,0,0.39,1.06,1.36,0.39
葡萄,19,0,0,0,0.616,264.25,20.0,21.7,0,2.08,4.9,0.95,3.42
西瓜,19,0,0,0,0.916,106.76,6.0,21.6,0,13.3,0.0,29.08,32.03
西红柿,19,0,0,0,0.831,185.1,7.65,21.1,0,11.41,15.21,5.84,21.95
香蕉,19,0,0,0,0.716,228.93,8.0,17.8,0,8.4,28.85,7.48,3.69
黄瓜,19,0,0,0,0.873,133.27,7.0,19.6,0,30.19,19.5,14.93,23.79
土豆,20,0,0,0,0.984,0.0,2.4,15.9,0,36.3,0.0,61.48,0.0
芒果,20,0,0,0,0.47,252.88,9.0,17.9,0,3.72,4.18,3.95,0.73
苹果,20,0,0,0,0.912,186.49,7.2,20.1,0,8.5,24.01,15.62,5.43
草莓,20,0,0,0,0.335,289.15,24.0,17.3,0,0.61,0.66,0.79,0.32
葡萄,20,0,0,0,0.603,260.83,12.0,17.2,0,3.42,1.17,3.56,1.34
西瓜,20,0,0,0,0.912,74.73,3.6,19.5,0,20.05,0.0,40.75,1.8
西红柿,20,0,0,0,0.821,163.15,5.4,19.5,0,15.18,25.89,19.08,6.72
香蕉,20,0,0,0,0.7,225.24,4.8,20.8,1,5.7,18.03,11.3,1.38
黄瓜,20,0,0,0,0.863,109.48,4.2,22.8,0,12.4,19.74,12.95,6.11
土豆,21,0,0,0,0.983,0.0,2.4,13.7,0,28.33,0.0,16.8,0.0
芒果,21,0,0,0,0.45,252.15,9.0,18.7,0,2.32,0.99,0.67,0.0
苹果,21,0,0,0,0.908,181.06,7.2,17.1,0,16.7,8.12,4.31,0.0
草莓,21,0,0,0,0.317,288.83,24.0,18.1,0,0.39,0.42,0.47,0.0
葡萄,21,0,0,0,0.585,259.49,12.0,19.4,0,3.42,1.4,0.95,0.0
西瓜,21,0,0,0,0.908,72.93,3.6,17.0,1,32.03,0.0,2.44,0.0
西红柿,21,0,0,0,0.814,156.43,5.4,16.4,0,21.95,7.26,7.65,0.0
香蕉,21,0,0,0,0.694,223.86,4.8,15.1,1,3.69,4.99,4.46,0.0
黄瓜,21,0,0,0,0.858,103.37,4.2,13.5,0,23.79,10.43,7.28,0.02
土豆,22,0,0,0,0.983,0.0,2.4,12.6,0,0.0,0.0,0.0,0.0
芒果,22,0,0,0,0.426,252.15,9.0,19.7,0,0.73,0.0,0.02,0.18
苹果,22,0,0,0,0.906,181.06,7.2,10.3,0,5.43,0.0,0.0,0.0
草莓,22,0,0,0,0.304,288.83,24.0,17.1,0,0.32,0.0,0.0,0.0
葡萄,22,0,0,0,0.571,259.49,12.0,17.6,0,1.34,0.0,0.0,0.0
西瓜,22,0,0,0,0.903,72.93,3.6,19.1,1,1.8,0.0,0.0,0.0
西红柿,22,0,0,0,0.805,156.43,5.4,17.9,0,6.72,0.0,0.0,0.0
香蕉,22,0,0,0,0.688,223.86,4.8,15.5,0,1.38,0.0,0.0,0.0
黄瓜,22,0,0,0,0.854,103.35,4.2,12.4,1,6.11,0.0,0.11,0.0
土豆,23,0,0,0,0.982,0.0,2.4,10.7,0,0.0,0.0,0.0,0.0
芒果,23,0,0,0,0.417,251.97,9.0,15.9,0,0.0,0.0,0.0,0.0
苹果,23,0,0,0,0.902,181.06,7.2,14.1,1,0.0,0.0,0.0,0.0
草莓,23,0,0,0,0.298,288.83,24.0,14.0,0,0.0,0.0,0.0,0.0
葡萄,23,0,0,0,0.567,259.49,12.0,13.7,0,0.0,0.0,0.0,0.0
西瓜,23,0,0,0,0.9,72.93,3.6,14.3,0,0.0,0.0,0.0,0.0
西红柿,23,0,0,0,0.799,156.43,5.4,14.5,0,0.0,0.0,0.0,0.28
香蕉,23,0,0,0,0.685,223.86,4.8,11.8,0,0.0,0.0,0.0,0.0
黄瓜,23,0,0,0,0.85,103.35,4.2,13.9,0,0.02,0.0,0.0,0.0
土豆,0,1,0,0,0.981,0.0,4.0,17.9,0,0.0,0.0,0.0,0.0
芒果,0,1,0,0,0.412,251.97,9.0,12.8,0,0.18,0.0,0.0,0.0
苹果,0,1,0,0,0.9,181.06,8.4,11.1,0,0.0,0.0,0.0,0.0
草莓,0,1,0,0,0.292,288.83,24.0,11.2,1,0.0,0.0,0.0,0.0
葡萄,0,1,0,0,0.563,259.49,12.0,9.3,1,0.0,0.0,0.0,0.0
西瓜,0,1,0,0,0.898,72.93,6.0,11.8,0,0.0,0.0,0.06,0.0
西红柿,0,1,0,0,0.792,156.15,10.35,16.2,0,0.0,0.0,0.0,0.21
香蕉,0,1,0,0,0.682,223.86,8.0,10.7,1,0.0,0.0,0.0,0.0
黄瓜,0,1,0,0,0.845,103.35,8.05,14.0,0,0.0,0.0,0.0,0.0
土豆,1,1,0,0,0.981,0.0,4.0,8.3,0,0.0,0.0,0.0,0.0
芒果,1,1,0,0,0.407,251.97,9.0,13.4,0,0.0,0.0,0.0,0.0
苹果,1,1,0,0,0.898,181.06,15.6,12.1,0,0.0,0.0,0.0,0.0
草莓,1,1,0,0,0.286,288.83,24.0,14.9,0,0.0,0.0,0.0,0.0
葡萄,1,1,0,0,0.555,259.49,12.0,15.0,0,0.0,0.0,0.0,0.0
西瓜,1,1,0,0,0.896,72.93,6.0,11.3,0,0.0,0.0,0.0,0.0
西红柿,1,1,0,0,0.788,155.94,9.0,12.7,0,0.28,0.0,0.0,0.0
香蕉,1,1,0,0,0.678,223.86,8.0,13.7,0,0.0,0.0,0.0,0.0
黄瓜,1,1,0,0,0.84,103.35,9.1,13.0,0,0.0,0.08,0.0,0.0
土豆,2,1,0,0,0.98,0.0,4.0,15.7,0,0.0,0.0,0.0,0.0
芒果,2,1,0,0,0.402,251.97,9.0,13.9,0,0.0,0.0,0.0,0.0
苹果,2,1,0,0,0.895,181.06,12.0,11.9,0,0.0,0.0,0.0,0.0
草莓,2,1,0,0,0.28,288.83,24.0,15.5,0,0.0,0.0,0.06,0.0
葡萄,2,1,0,0,0.551,259.49,12.0,12.4,0,0.0,0.0,0.0,0.0
西瓜,2,1,0,0,0.895,72.93,6.9,11.8,0,0.0,0.0,0.0,0.0
西红柿,2,1,0,0,0.783,155.94,9.0,13.4,1,0.21,0.0,0.0,0.0
香蕉,2,1,0,0,0.675,223.86,8.0,12.6,0,0.0,0.0,0.0,0.0
黄瓜,2,1,0,0,0.837,103.35,7.0,11.4,0,0.0,0.0,0.0,0.0
土豆,3,1,0,0,0.98,0.0,4.0,13.8,1,0.0,0.0,0.0,0.0
芒果,3,1,0,0,0.397,251.97,9.0,8.1,0,0.0,0.0,0.0,0.0
苹果,3,1,0,0,0.893,181.06,13.8,9.3,0,0.0,0.0,0.0,0.2
草莓,3,1,0,0,0.274,288.83,24.0,11.7,0,0.0,0.0,0.0,0.0
葡萄,3,1,0,0,0.547,259.49,12.0,9.6,0,0.0,0.0,0.0,0.0
西瓜,3,1,0,0,0.894,72.93,6.9,8.0,0,0.0,0.0,0.0,0.0
西红柿,3,1,0,0,0.779,155.94,9.0,10.9,0,0.0,0.0,0.0,0.0
香蕉,3,1,0,0,0.672,223.86,6.8,12.9,0,0.0,0.0,0.21,0.0
黄瓜,3,1,0,0,0.834,103.35,4.9,10.5,0,0.0,0.0,0.0,0.04
土豆,4,1,0,0,0.979,0.0,4.0,11.6,0,0.0,0.0,0.0,0.0
芒果,4,1,0,0,0.392,251.97,9.0,11.3,0,0.0,0.0,0.0,0.0
苹果,4,1,0,0,0.891,180.86,12.0,11.5,0,0.0,0.0,0.0,0.13
草莓,4,1,0,0,0.268,288.83,24.0,12.1,0,0.0,0.0,0.0,0.0
葡萄,4,1,0,0,0.542,259.49,12.0,14.2,0,0.0,0.0,0.0,0.0
西瓜,4,1,0,0,0.891,72.93,4.2,12.7,1,0.0,0.0,0.0,0.0
西红柿,4,1,0,0,0.777,155.94,7.65,9.9,0,0.0,0.0,0.0,0.0
香蕉,4,1,0,0,0.667,223.86,8.0,14.8,0,0.0,0.0,0.0,0.0
黄瓜,4,1,0,0,0.829,103.31,7.0,14.2,0,0.0,0.0,0.0,0.0
土豆,5,1,0,0,0.978,0.0,4.0,16.1,0,0.0,0.0,0.0,6.22
芒果,5,1,0,0,0.387,251.97,9.0,11.6,0,0.0,0.09,0.04,3.01
苹果,5,1,0,0,0.888,180.73,15.6,13.3,0,0.2,0.0,0.0,3.86
草莓,5,1,0,0,0.258,288.83,24.0,16.6,0,0.0,0.0,0.0,1.25
葡萄,5,1,0,0,0.536,259.49,12.0,14.5,0,0.0,0.0,0.0,2.68
西瓜,5,1,0,0,0.89,72.93,6.9,9.9,0,0.0,0.0,0.0,1.8
西红柿,5,1,0,0,0.77,155.94,9.0,16.1,0,0.0,0.0,0.0,2.79
香蕉,5,1,0,0,0.662,223.86,5.6,14.7,0,0.0,0.0,0.0,3.96
黄瓜,5,1,0,0,0.825,103.31,7.0,11.6,0,0.04,0.0,0.0,5.47
土豆,6,1,0,0,1.0,293.78,4.6,15.8,0,0.0,3.49,17.83,24.04
芒果,6,1,0,0,1.0,296.99,12.75,15.8,0,0.0,4.08,2.58,6.67
苹果,6,1,0,0,1.0,296.14,10.2,14.7,0,0.13,2.83,2.72,5.35
草莓,6,1,0,0,1.0,298.75,28.0,15.6,0,0.0,0.66,1.05,1.65
葡萄,6,1,0,0,1.0,297.32,14.0,13.6,0,0.0,2.88,1.18,4.16
西瓜,6,1,0,0,1.0,298.2,6.9,16.8,0,0.0,1.8,1.8,2.06
西红柿,6,1,0,0,1.0,297.21,9.0,14.2,1,0.0,4.94,4.0,6.38
香蕉,6,1,0,0,1.0,296.04,8.0,15.6,0,0.0,2.25,4.34,13.68
黄瓜,6,1,0,0,1.0,294.53,5.95,11.6,1,0.0,4.08,1.49,23.17
土豆,7,1,0,0,0.999,269.74,4.0,18.0,0,6.22,19.54,21.45,39.68
芒果,7,1,0,0,0.983,290.32,12.75,17.9,0,3.01,1.93,7.82,4.47
苹果,7,1,0,0,0.996,290.79,12.0,17.4,0,3.86,10.22,6.16,2.69
草莓,7,1,0,0,0.956,297.1,40.0,22.3,0,1.25,2.06,1.32,0.58
葡萄,7,1,0,0,0.98,293.16,20.0,20.1,0,2.68,5.59,6.9,2.44
西瓜,7,1,0,0,0.996,296.14,5.1,16.1,1,1.8,1.8,7.0,26.97
西红柿,7,1,0,0,0.991,290.83,9.0,18.2,0,2.79,5.48,4.46,10.75
香蕉,7,1,0,0,0.992,282.36,6.8,16.2,0,3.96,3.2,10.49,6.41
黄瓜,7,1,0,0,0.993,271.36,4.9,17.3,0,5.47,13.28,10.22,21.27
土豆,8,1,0,0,0.998,230.06,2.8,18.2,0,24.04,21.28,26.95,12.29
芒果,8,1,0,0,0.963,285.85,17.25,18.6,0,6.67,8.54,7.33,6.29
苹果,8,1,0,0,0.99,288.1,15.6,21.8,0,5.35,8.47,3.4,4.67
草莓,8,1,0,0,0.925,296.52,52.0,20.2,0,1.65,2.02,0.32,0.79
葡萄,8,1,0,0,0.963,290.72,23.0,18.8,0,4.16,2.64,2.58,2.13
西瓜,8,1,0,0,0.991,269.17,5.1,21.3,0,2.06,28.53,23.93,8.94
西红柿,8,1,0,0,0.98,280.08,9.0,21.5,0,6.38,8.84,8.75,9.5
香蕉,8,1,0,0,0.979,275.95,8.0,19.0,0,13.68,6.62,10.61,2.91
黄瓜,8,1,0,0,0.984,250.09,4.9,23.5,0,23.17,25.04,17.75,7.57
土豆,9,1,0,0,0.997,217.77,4.0,21.4,0,39.68,12.46,16.96,11.13
芒果,9,1,0,0,0.924,279.56,10.5,23.8,0,4.47,2.51,4.24,2.09
苹果,9,1,0,0,0.985,283.43,12.0,21.8,0,2.69,4.95,8.74,0.75
草莓,9,1,0,0,0.891,295.73,40.0,20.7,0,0.58,0.3,0.52,0.66
葡萄,9,1,0,0,0.938,288.59,20.0,21.8,0,2.44,3.91,2.53,1.09
西瓜,9,1,0,0,0.984,260.23,4.2,24.7,1,26.97,11.11,18.43,4.51
西红柿,9,1,0,0,0.971,270.58,6.3,19.6,0,10.75,7.13,6.68,2.07
香蕉,9,1,0,0,0.963,273.04,6.8,20.3,1,6.41,9.83,0.9,3.48
黄瓜,9,1,0,0,0.973,242.52,7.0,24.6,0,21.27,3.45,5.64,2.69
土豆,10,1,0,0,0.996,206.64,4.0,23.5,0,12.29,7.15,3.96,6.43
芒果,10,1,0,0,0.892,277.47,12.75,21.9,0,6.29,2.35,1.85,5.34
苹果,10,1,0,0,0.979,282.68,13.8,21.1,1,4.67,3.78,4.29,8.73
草莓,10,1,0,0,0.824,295.07,34.0,26.2,0,0.79,0.18,0.32,0.48
葡萄,10,1,0,0,0.911,287.5,20.0,23.0,0,2.13,0.95,0.48,4.9
西瓜,10,1,0,0,0.978,255.72,6.9,23.8,0,8.94,6.49,1.8,28.3
西红柿,10,1,0,0,0.959,268.51,10.35,22.5,0,9.5,3.89,2.71,5.93
香蕉,10,1,0,0,0.935,269.56,6.8,27.2,0,2.91,3.03,3.32,9.45
黄瓜,10,1,0,0,0.962,239.83,8.05,25.3,0,7.57,3.01,4.79,7.59
土豆,11,1,0,0,0.995,200.21,5.2,23.4,0,11.13,27.46,17.22,31.96
芒果,11,1,0,0,0.843,272.13,10.5,26.4,0,2.09,2.81,1.86,4.66
苹果,11,1,0,0,0.973,273.95,8.4,26.2,0,0.75,4.98,4.75,6.66
草莓,11,1,0,0,0.732,294.59,46.0,30.2,0,0.66,0.81,1.12,0.45
葡萄,11,1,0,0,0.88,282.6,14.0,24.3,0,1.09,1.7,4.56,1.97
西瓜,11,1,0,0,0.97,227.42,6.0,27.5,0,4.51,15.89,12.18,4.92
西红柿,11,1,0,0,0.946,262.58,9.0,23.2,0,2.07,5.81,5.92,3.0
香蕉,11,1,0,0,0.911,260.11,5.6,25.0,0,3.48,6.7,4.1,7.72
黄瓜,11,1,0,0,0.951,232.24,7.0,27.4,0,2.69,10.9,8.53,6.82
土豆,12,1,0,0,0.993,168.25,2.8,28.0,0,6.43,7.02,17.58,12.61
芒果,12,1,0,0,0.796,267.47,10.5,25.9,0,5.34,2.13,0.53,0.53
苹果,12,1,0,0,0.965,267.29,12.0,28.0,0,8.73,4.78,1.57,2.44
草莓,12,1,0,0,0.665,294.14,46.0,26.2,0,0.48,0.59,1.2,0.88
葡萄,12,1,0,0,0.854,280.63,20.0,22.4,0,4.9,2.3,0.92,1.96
西瓜,12,1,0,0,0.964,222.5,7.8,23.8,0,28.3,8.63,10.94,18.64
西红柿,12,1,0,0,0.932,259.58,11.7,25.2,0,5.93,7.59,7.25,3.36
香蕉,12,1,0,0,0.884,252.39,6.8,26.0,0,9.45,2.69,4.58,3.5
黄瓜,12,1,0,0,0.94,225.42,7.0,25.8,1,7.59,6.89,3.11,7.13
土豆,13,1,0,0,0.992,155.64,4.0,29.7,0,31.96,13.38,9.07,10.67
芒果,13,1,0,0,0.741,266.94,17.25,27.9,1,4.66,2.67,1.71,1.84
苹果,13,1,0,0,0.958,264.85,13.8,26.3,0,6.66,4.83,3.4,1.85
草莓,13,1,0,0,0.589,293.26,24.0,27.7,0,0.45,0.69,0.78,0.18
葡萄,13,1,0,0,0.814,278.67,17.0,27.8,0,1.97,1.11,1.45,0.88
西瓜,13,1,0,0,0.956,203.86,6.0,26.4,0,4.92,21.96,17.22,7.88
西红柿,13,1,0,0,0.917,256.22,9.0,26.8,0,3.0,3.15,5.6,3.89
香蕉,13,1,0,0,0.857,248.89,8.0,26.3,0,7.72,1.7,4.35,0.9
黄瓜,13,1,0,0,0.928,218.29,5.95,26.7,0,6.82,9.53,6.25,2.56
土豆,14,1,0,0,0.991,144.97,4.0,27.4,0,12.61,9.87,4.26,7.76
芒果,14,1,0,0,0.681,265.1,10.5,29.3,0,0.53,1.5,0.53,0.53
苹果,14,1,0,0,0.951,263.0,13.8,28.1,0,2.44,4.35,2.37,3.07
草莓,14,1,0,0,0.509,293.08,24.0,28.3,1,0.88,0.3,0.18,0.28
葡萄,14,1,0,0,0.779,277.79,20.0,26.3,0,1.96,0.59,0.91,1.41
西瓜,14,1,0,0,0.949,195.98,6.0,25.5,0,18.64,13.24,28.86,12.16
西红柿,14,1,0,0,0.901,252.33,9.0,28.9,0,3.36,1.05,4.78,2.69
香蕉,14,1,0,0,0.83,247.99,9.2,26.6,1,3.5,4.78,1.29,2.17
黄瓜,14,1,0,0,0.915,215.73,8.05,29.9,0,7.13,6.2,3.96,4.01
土豆,15,1,0,0,0.989,137.21,4.0,25.3,0,10.67,2.96,10.19,5.89
芒果,15,1,0,0,0.617,264.57,19.5,30.3,0,1.84,1.12,0.53,3.88
苹果,15,1,0,0,0.943,259.93,12.0,28.1,0,1.85,2.52,2.83,7.08
草莓,15,1,0,0,0.423,292.8,24.0,29.4,0,0.18,0.35,0.73,0.5
葡萄,15,1,0,0,0.742,276.38,14.0,26.7,0,0.88,0.72,0.38,0.38
西瓜,15,1,0,0,0.941,183.82,6.0,29.3,0,7.88,4.61,1.8,40.17
西红柿,15,1,0,0,0.885,249.64,10.35,26.8,0,3.89,5.61,3.45,8.5
香蕉,15,1,0,0,0.8,245.82,8.0,27.9,0,0.9,2.32,3.85,8.92
黄瓜,15,1,0,0,0.903,211.72,7.0,28.0,0,2.56,1.94,1.53,7.31
土豆,16,1,0,0,0.988,131.32,5.2,27.7,0,7.76,16.48,22.96,28.57
芒果,16,1,0,0,0.58,260.69,9.0,23.4,0,0.53,1.85,4.51,4.27
苹果,16,1,0,0,0.937,252.85,12.0,25.0,0,3.07,6.67,2.62,16.96
草莓,16,1,0,0,0.363,292.3,24.0,24.9,0,0.28,1.07,0.98,0.71
葡萄,16,1,0,0,0.705,276.0,26.0,26.7,1,1.41,2.22,1.01,2.02
西瓜,16,1,0,0,0.933,143.65,6.0,27.2,0,12.16,15.36,44.55,11.0
西红柿,16,1,0,0,0.871,241.14,9.0,26.5,1,2.69,16.32,10.75,10.24
香蕉,16,1,0,0,0.774,236.9,6.8,25.9,0,2.17,5.44,8.76,6.92
黄瓜,16,1,0,0,0.891,204.41,8.05,27.0,0,4.01,14.31,12.64,27.34
土豆,17,1,0,0,0.987,102.75,4.6,27.0,0,5.89,43.09,48.76,23.75
芒果,17,1,0,0,0.52,256.42,9.0,29.2,0,3.88,4.69,2.3,4.21
苹果,17,1,0,0,0.93,235.89,8.4,25.6,0,7.08,26.43,9.53,13.38
草莓,17,1,0,0,0.306,291.59,24.0,24.6,0,0.5,0.43,1.6,0.42
葡萄,17,1,0,0,0.674,273.98,23.0,24.6,0,0.38,5.64,2.36,2.84
西瓜,17,1,0,0,0.927,132.65,7.8,21.8,0,40.17,30.47,35.66,25.09
西红柿,17,1,0,0,0.859,230.9,10.35,22.2,0,8.5,18.5,16.94,7.09
香蕉,17,1,0,0,0.748,229.98,8.0,26.2,0,8.92,8.41,3.9,7.69
黄瓜,17,1,0,0,0.88,177.07,4.9,25.7,0,7.31,25.51,18.9,17.41
土豆,18,1,0,0,0.985,79.0,4.6,25.5,1,28.57,51.19,36.3,38.98
芒果,18,1,0,0,0.474,252.21,9.0,25.7,0,4.27,4.9,4.5,4.08
苹果,18,1,0,0,0.923,222.51,12.0,26.8,0,16.96,3.5,15.89,3.86
草莓,18,1,0,0,0.239,291.17,24.0,26.2,0,0.71,0.39,0.98,0.18
葡萄,18,1,0,0,0.645,271.14,20.0,23.6,0,2.02,2.08,1.03,1.24
西瓜,18,1,0,0,0.921,107.56,6.0,23.6,0,11.0,13.3,31.89,32.34
西红柿,18,1,0,0,0.844,223.81,10.35,26.8,0,10.24,11.41,12.03,7.47
香蕉,18,1,0,0,0.73,222.29,8.0,21.4,0,6.92,8.4,17.53,5.6
黄瓜,18,1,0,0,0.871,159.66,7.0,23.0,0,27.34,30.19,20.07,4.85
土豆,19,1,0,0,0.984,40.02,4.0,23.8,0,23.75,36.3,39.34,40.02
芒果,19,1,0,0,0.44,248.13,9.0,22.4,0,4.21,3.72,4.27,1.76
苹果,19,1,0,0,0.918,218.65,12.0,20.5,1,13.38,8.5,15.89,15.32
草莓,19,1,0,0,0.2,290.99,24.0,21.5,0,0.42,0.61,0.87,0.2
葡萄,19,1,0,0,0.618,269.9,26.0,22.6,0,2.84,3.42,1.07,1.47
西瓜,19,1,0,0,0.915,75.22,5.1,21.8,0,25.09,20.05,12.25,39.45
西红柿,19,1,0,0,0.832,216.34,10.35,22.3,0,7.09,15.18,11.18,18.69
香蕉,19,1,0,0,0.712,216.69,8.0,21.8,0,7.69,5.7,3.71,8.92
黄瓜,19,1,0,0,0.862,154.81,9.1,21.8,0,17.41,12.4,13.37,14.47
土豆,20,1,0,0,0.983,0.0,2.4,21.5,0,38.98,28.33,7.17,0.0
芒果,20,1,0,0,0.423,246.37,9.0,17.8,0,4.08,2.32,2.74,0.53
苹果,20,1,0,0,0.913,203.33,7.2,19.2,0,3.86,16.7,18.98,5.31
草莓,20,1,0,0,0.172,290.79,24.0,19.6,0,0.18,0.39,0.5,0.18
葡萄,20,1,0,0,0.6,268.43,12.0,19.2,1,1.24,3.42,1.59,1.19
西瓜,20,1,0,0,0.911,35.77,3.6,18.7,0,32.34,32.03,6.11,12.06
西红柿,20,1,0,0,0.823,197.65,5.4,19.1,0,7.47,21.95,17.61,5.12
香蕉,20,1,0,0,0.698,207.77,4.8,19.4,0,5.6,3.69,12.31,3.51
黄瓜,20,1,0,0,0.854,140.34,4.2,18.8,0,4.85,23.79,24.66,7.13
土豆,21,1,0,0,0.982,0.0,2.4,17.3,0,40.02,0.0,0.0,0.0
芒果,21,1,0,0,0.386,245.84,9.0,23.3,1,1.76,0.73,0.92,0.0
苹果,21,1,0,0,0.909,198.02,7.2,17.3,0,15.32,5.43,5.25,0.05
草莓,21,1,0,0,0.166,290.61,24.0,15.9,0,0.2,0.32,0.18,0.0
葡萄,21,1,0,0,0.587,267.24,12.0,17.5,0,1.47,1.34,1.19,0.0
西瓜,21,1,0,0,0.906,23.71,3.6,18.3,0,39.45,1.8,3.02,0.0
西红柿,21,1,0,0,0.817,192.53,5.4,14.5,0,18.69,6.72,7.54,0.0
香蕉,21,1,0,0,0.688,204.26,4.8,17.2,0,8.92,1.38,1.38,0.0
黄瓜,21,1,0,0,0.848,133.21,4.2,17.5,0,14.47,6.11,6.71,0.0
土豆,22,1,0,0,0.981,0.0,2.4,16.4,0,0.0,0.0,0.0,0.0
芒果,22,1,0,0,0.38,245.84,9.0,14.9,0,0.53,0.0,0.0,0.0
苹果,22,1,0,0,0.906,197.97,7.2,14.1,0,5.31,0.0,0.0,0.0
草莓,22,1,0,0,0.153,290.61,24.0,17.1,0,0.18,0.0,0.0,0.0
葡萄,22,1,0,0,0.579,267.24,12.0,15.0,0,1.19,0.0,0.0,0.25
西瓜,22,1,0,0,0.902,23.71,3.6,18.7,0,12.06,0.0,0.0,0.0
西红柿,22,1,0,0,0.812,192.53,5.4,13.8,0,5.12,0.0,0.0,0.0
香蕉,22,1,0,0,0.683,204.26,4.8,14.6,0,3.51,0.0,0.0,0.0
黄瓜,22,1,0,0,0.842,133.21,4.2,15.4,0,7.13,0.02,0.05,0.16
土豆,23,1,0,0,0.981,0.0,2.4,14.6,1,0.0,0.0,0.0,0.0
芒果,23,1,0,0,0.375,245.84,9.0,13.2,0,0.0,0.18,0.0,0.0
苹果,23,1,0,0,0.902,197.97,7.2,16.5,0,0.05,0.0,0.0,0.0
草莓,23,1,0,0,0.147,290.61,24.0,14.1,0,0.0,0.0,0.0,0.0
葡萄,23,1,0,0,0.57,266.99,12.0,15.7,0,0.0,0.0,0.0,0.0
西瓜,23,1,0,0,0.898,23.71,3.6,15.9,0,0.0,0.0,0.0,0.0
西红柿,23,1,0,0,0.806,192.53,5.4,13.8,0,0.0,0.0,0.0,0.0
香蕉,23,1,0,0,0.68,204.26,4.8,12.0,0,0.0,0.0,0.0,0.0
黄瓜,23,1,0,0,0.837,133.05,4.2,14.4,0,0.0,0.0,0.0,0.0
土豆,0,2,0,0,0.98,0.0,4.0,14.8,1,0.0,0.0,0.0,0.0
芒果,0,2,0,0,0.37,245.84,9.0,11.3,1,0.0,0.0,0.0,0.0
苹果,0,2,0,0,0.9,197.97,10.2,10.4,0,0.0,0.0,0.0,0.0
草莓,0,2,0,0,0.141,290.61,24.0,15.5,0,0.0,0.0,0.0,0.0
葡萄,0,2,0,0,0.565,266.99,12.0,13.8,1,0.25,0.0,0.0,0.0
西瓜,0,2,0,0,0.897,23.71,7.8,9.0,0,0.0,0.0,0.0,0.0
西红柿,0,2,0,0,0.8,192.53,9.0,14.4,0,0.0,0.28,0.0,0.0
香蕉,0,2,0,0,0.677,204.26,10.4,9.9,0,0.0,0.0,0.0,0.0
黄瓜,0,2,0,0,0.832,133.05,9.1,14.2,0,0.16,0.0,0.0,0.0
土豆,1,2,0,0,0.979,0.0,3.4,12.3,0,0.0,0.0,0.0,0.0
芒果,1,2,0,0,0.362,245.84,9.0,15.3,0,0.0,0.0,0.0,0.0
苹果,1,2,0,0,0.898,197.97,12.0,8.5,0,0.0,0.0,0.0,0.0
草莓,1,2,0,0,0.135,290.61,24.0,11.2,0,0.0,0.0,0.0,0.0
葡萄,1,2,0,0,0.561,266.99,12.0,10.8,0,0.0,0.0,0.0,0.0
西瓜,1,2,0,0,0.895,23.71,5.1,13.8,0,0.0,0.0,0.0,0.0
西红柿,1,2,0,0,0.796,192.53,9.0,12.5,0,0.0,0.21,0.0,0.13
香蕉,1,2,0,0,0.674,204.26,6.8,10.6,0,0.0,0.0,0.0,0.06
黄瓜,1,2,0,0,0.827,133.05,5.95,13.5,1,0.0,0.0,0.0,0.0
土豆,2,2,0,0,0.979,0.0,4.0,10.4,0,0.0,0.0,0.0,0.0
芒果,2,2,0,0,0.358,245.84,9.0,12.1,0,0.0,0.0,0.0,0.0
苹果,2,2,0,0,0.896,197.97,15.6,11.6,0,0.0,0.0,0.0,0.0
草莓,2,2,0,0,0.129,290.61,24.0,9.9,0,0.0,0.0,0.0,0.0
葡萄,2,2,0,0,0.557,266.99,12.0,11.3,0,0.0,0.0,0.0,0.0
西瓜,2,2,0,0,0.892,23.71,4.2,12.9,0,0.0,0.0,0.0,0.0
西红柿,2,2,0,0,0.79,192.4,7.65,14.3,1,0.0,0.0,0.0,0.0
香蕉,2,2,0,0,0.671,204.2,8.0,10.4,0,0.0,0.0,0.0,0.0
黄瓜,2,2,0,0,0.823,133.05,7.0,12.5,0,0.0,0.0,0.0,0.0
土豆,3,2,0,0,0.978,0.0,5.2,8.9,0,0.0,0.0,0.0,0.0
芒果,3,2,0,0,0.342,245.84,9.0,17.4,0,0.0,0.0,0.0,0.0
苹果,3,2,0,0,0.893,197.97,12.0,11.7,0,0.0,0.0,0.0,0.01
草莓,3,2,0,0,0.123,290.61,24.0,13.9,0,0.0,0.0,0.03,0.0
葡萄,3,2,0,0,0.553,266.99,12.0,11.6,0,0.0,0.0,0.0,0.03
西瓜,3,2,0,0,0.889,23.71,6.0,14.8,0,0.0,0.0,0.0,0.0
西红柿,3,2,0,0,0.788,192.4,9.0,5.8,0,0.13,0.0,0.0,0.0
香蕉,3,2,0,0,0.668,204.2,8.0,12.2,0,0.06,0.0,0.0,0.0
黄瓜,3,2,0,0,0.819,133.05,5.95,13.3,0,0.0,0.0,0.0,0.0
土豆,4,2,0,0,0.978,0.0,4.6,11.3,0,0.0,0.0,0.0,0.0
芒果,4,2,0,0,0.337,245.84,9.0,11.8,0,0.0,0.0,0.0,0.0
苹果,4,2,0,0,0.89,197.96,15.6,12.9,0,0.0,0.2,0.0,0.08
草莓,4,2,0,0,0.117,290.61,24.0,15.1,0,0.0,0.0,0.0,0.0
葡萄,4,2,0,0,0.549,266.96,12.0,13.3,1,0.0,0.0,0.0,0.0
西瓜,4,2,0,0,0.888,23.71,6.0,10.3,0,0.0,0.0,0.0,0.0
西红柿,4,2,0,0,0.786,192.4,9.0,10.2,0,0.0,0.0,0.0,0.0
香蕉,4,2,0,0,0.665,204.2,5.6,11.3,0,0.0,0.0,0.0,0.0
黄瓜,4,2,0,0,0.815,133.05,5.95,11.3,0,0.0,0.04,0.0,0.0
土豆,5,2,0,0,0.977,0.0,4.0,11.1,0,0.0,0.0,0.0,2.85
芒果,5,2,0,0,0.332,245.84,9.0,12.6,0,0.0,0.0,0.0,3.09
苹果,5,2,0,0,0.887,197.88,12.0,15.1,0,0.01,0.13,0.0,2.72
草莓,5,2,0,0,0.111,290.61,24.0,15.0,0,0.0,0.0,0.0,0.5
葡萄,5,2,0,0,0.545,266.96,12.0,13.8,0,0.03,0.0,0.08,1.96
西瓜,5,2,0,0,0.884,23.71,6.9,15.8,0,0.0,0.0,0.0,1.8
西红柿,5,2,0,0,0.78,192.4,9.0,14.4,0,0.0,0.0,0.0,9.32
香蕉,5,2,0,0,0.657,204.2,9.2,16.5,0,0.0,0.0,0.0,4.9
黄瓜,5,2,0,0,0.81,133.05,7.0,15.0,0,0.0,0.0,0.0,1.53
土豆,6,2,0,0,1.0,297.15,5.2,15.0,0,0.0,6.22,3.98,35.53
芒果,6,2,0,0,1.0,296.91,10.5,17.1,0,0.0,3.01,3.28,6.37
苹果,6,2,0,0,1.0,297.28,12.0,17.1,0,0.08,3.86,4.73,3.17
草莓,6,2,0,0,1.0,299.5,46.0,14.6,0,0.0,1.25,0.86,1.93
葡萄,6,2,0,0,1.0,298.04,17.0,16.5,0,0.0,2.68,1.72,3.89
西瓜,6,2,0,0,1.0,298.2,7.8,17.2,0,0.0,1.8,2.98,11.46
西红柿,6,2,0,0,1.0,290.68,6.3,14.7,0,0.0,2.79,4.93,4.87
香蕉,6,2,0,0,1.0,295.1,6.8,15.0,0,0.0,3.96,3.79,10.25
黄瓜,6,2,0,0,1.0,298.47,9.1,16.3,0,0.0,5.47,4.78,11.55
土豆,7,2,0,0,0.999,261.62,3.4,17.7,0,2.85,24.04,15.13,36.78
芒果,7,2,0,0,0.995,290.54,15.0,14.0,0,3.09,6.67,6.26,5.22
苹果,7,2,0,0,0.997,294.11,15.6,14.1,0,2.72,5.35,11.05,7.01
草莓,7,2,0,0,0.969,297.57,40.0,20.2,0,0.5,1.65,0.83,1.63
葡萄,7,2,0,0,0.987,294.15,20.0,17.1,0,1.96,4.16,3.26,2.6
西瓜,7,2,0,0,0.994,286.74,6.9,21.8,0,1.8,2.06,10.11,1.8
西红柿,7,2,0,0,0.991,285.81,11.7,18.1,0,9.32,6.38,9.39,17.1
香蕉,7,2,0,0,0.995,284.85,8.0,14.9,0,4.9,13.68,6.84,3.08
黄瓜,7,2,0,0,0.995,286.92,7.0,15.0,0,1.53,23.17,25.58,8.33
土豆,8,2,0,0,0.998,224.84,3.4,20.2,0,35.53,39.68,22.24,5.09
芒果,8,2,0,0,0.976,285.32,15.0,18.3,0,6.37,4.47,7.9,1.02
苹果,8,2,0,0,0.992,287.1,12.0,19.1,0,3.17,2.69,7.52,7.29
草莓,8,2,0,0,0.954,295.94,40.0,17.4,0,1.93,0.58,2.42,0.62
葡萄,8,2,0,0,0.959,291.55,23.0,23.2,0,3.89,2.44,2.61,4.23
西瓜,8,2,0,0,0.99,284.94,7.8,17.3,0,11.46,26.97,14.44,16.21
西红柿,8,2,0,0,0.982,268.71,6.3,19.4,1,4.87,10.75,3.12,2.32
香蕉,8,2,0,0,0.975,281.77,10.4,22.6,0,10.25,6.41,13.95,10.84
黄瓜,8,2,0,0,0.987,278.59,8.05,19.9,0,11.55,21.27,8.19,8.62
土豆,9,2,0,0,0.997,219.75,5.2,23.5,0,36.78,12.29,18.94,4.04
芒果,9,2,0,0,0.938,284.3,15.0,23.7,1,5.22,6.29,1.47,1.67
苹果,9,2,0,0,0.987,279.81,10.2,20.8,0,7.01,4.67,3.1,1.08
草莓,9,2,0,0,0.895,295.32,40.0,24.9,0,1.63,0.79,1.18,0.46
葡萄,9,2,0,0,0.942,287.32,14.0,18.9,0,2.6,2.13,4.64,2.22
西瓜,9,2,0,0,0.985,268.73,5.1,20.0,0,1.8,8.94,10.83,7.08
西红柿,9,2,0,0,0.97,266.39,11.7,23.1,1,17.1,9.5,11.08,1.51
香蕉,9,2,0,0,0.953,270.93,5.6,23.7,0,3.08,2.91,2.72,1.3
黄瓜,9,2,0,0,0.978,269.97,7.0,21.3,0,8.33,7.57,2.96,5.12
土豆,10,2,0,0,0.996,215.71,5.2,25.9,1,5.09,11.13,6.17,30.19
芒果,10,2,0,0,0.887,282.63,15.0,26.7,0,1.02,2.09,1.71,1.15
苹果,10,2,0,0,0.981,278.73,15.6,23.6,0,7.29,0.75,3.39,5.39
草莓,10,2,0,0,0.838,294.86,40.0,24.5,0,0.62,0.66,0.84,0.18
葡萄,10,2,0,0,0.91,285.1,14.0,24.8,0,4.23,1.09,0.42,3.8
西瓜,10,2,0,0,0.98,261.65,6.0,21.8,0,16.21,4.51,15.35,11.47
西红柿,10,2,0,0,0.959,264.88,11.7,20.2,0,2.32,2.07,6.2,5.06
香蕉,10,2,0,0,0.931,269.63,8.0,23.7,1,10.84,3.48,2.51,3.1
黄瓜,10,2,0,0,0.968,264.85,4.9,23.0,0,8.62,2.69,6.58,9.76
土豆,11,2,0,0,0.994,185.52,3.4,24.1,0,4.04,6.43,20.42,12.18
芒果,11,2,0,0,0.835,281.48,15.0,27.3,1,1.67,5.34,5.37,0.86
苹果,11,2,0,0,0.973,273.34,12.0,27.5,0,1.08,8.73,2.45,2.3
草莓,11,2,0,0,0.75,294.68,52.0,29.6,1,0.46,0.48,0.67,0.94
葡萄,11,2,0,0,0.876,281.3,17.0,25.4,0,2.22,4.9,4.49,3.39
西瓜,11,2,0,0,0.972,250.18,5.1,26.2,1,7.08,28.3,9.85,14.06
西红柿,11,2,0,0,0.944,259.82,10.35,26.9,0,1.51,5.93,6.5,4.52
香蕉,11,2,0,0,0.903,266.53,10.4,26.6,0,1.3,9.45,6.73,5.25
黄瓜,11,2,0,0,0.956,255.09,4.9,28.1,1,5.12,7.59,7.18,10.0
土豆,12,2,0,0,0.993,173.34,4.0,27.4,1,30.19,31.96,11.82,12.85
芒果,12,2,0,0,0.799,280.62,15.0,22.9,1,1.15,4.66,1.39,0.63
苹果,12,2,0,0,0.966,271.04,12.0,28.3,1,5.39,6.66,10.35,1.51
草莓,12,2,0,0,0.675,293.74,34.0,27.5,0,0.18,0.45,1.02,0.8
葡萄,12,2,0,0,0.846,277.91,17.0,24.1,0,3.8,1.97,0.73,2.56
西瓜,12,2,0,0,0.965,236.12,6.0,25.6,0,11.47,4.92,9.63,16.58
西红柿,12,2,0,0,0.929,255.3,9.0,26.6,1,5.06,3.0,16.15,8.97
香蕉,12,2,0,0,0.879,261.28,8.0,25.0,0,3.1,7.72,6.74,2.77
黄瓜,12,2,0,0,0.945,245.09,4.9,25.4,0,9.76,6.82,9.67,3.97
土豆,13,2,0,0,0.992,160.49,4.0,25.8,0,12.18,12.61,15.56,15.81
芒果,13,2,0,0,0.74,279.99,15.0,29.0,1,0.86,0.53,3.74,1.11
苹果,13,2,0,0,0.959,269.53,15.6,27.8,0,2.3,2.44,7.61,3.42
草莓,13,2,0,0,0.594,292.94,24.0,28.5,0,0.94,0.88,0.33,0.56
葡萄,13,2,0,0,0.812,275.35,14.0,25.7,0,3.39,1.96,0.99,0.48
西瓜,13,2,0,0,0.958,219.54,6.0,27.1,0,14.06,18.64,14.87,17.09
西红柿,13,2,0,0,0.916,246.33,7.65,24.6,0,4.52,3.36,9.44,4.02
香蕉,13,2,0,0,0.855,258.51,5.6,24.8,1,5.25,3.5,4.43,2.5
黄瓜,13,2,0,0,0.933,241.12,8.05,28.7,1,10.0,7.13,12.63,1.66
土豆,14,2,0,0,0.99,144.68,2.8,27.1,0,12.85,10.67,9.22,6.86
芒果,14,2,0,0,0.685,278.88,15.0,28.2,0,0.63,1.84,0.91,0.94
苹果,14,2,0,0,0.953,266.11,12.0,21.0,0,1.51,1.85,2.22,3.29
草莓,14,2,0,0,0.495,292.38,24.0,31.5,0,0.8,0.18,0.18,0.18
葡萄,14,2,0,0,0.764,274.87,17.0,31.0,1,2.56,0.88,0.38,0.77
西瓜,14,2,0,0,0.95,202.45,6.0,27.5,0,16.58,7.88,10.29,5.59
西红柿,14,2,0,0,0.901,242.31,9.0,26.4,0,8.97,3.89,3.85,5.58
香蕉,14,2,0,0,0.82,256.01,8.0,30.6,0,2.77,0.9,2.25,2.24
黄瓜,14,2,0,0,0.922,239.46,9.1,25.6,0,3.97,2.56,8.91,3.39
土豆,15,2,0,0,0.989,137.82,4.0,28.5,1,15.81,7.76,5.11,23.27
芒果,15,2,0,0,0.63,277.94,15.0,28.0,0,1.11,0.53,1.66,3.99
苹果,15,2,0,0,0.945,262.82,10.2,30.0,0,3.42,3.07,1.17,10.94
草莓,15,2,0,0,0.414,292.2,24.0,28.6,1,0.56,0.28,0.36,0.57
葡萄,15,2,0,0,0.735,274.1,20.0,23.7,0,0.48,1.41,1.22,3.28
西瓜,15,2,0,0,0.942,196.86,7.8,27.6,0,17.09,12.16,6.39,25.72
西红柿,15,2,0,0,0.884,236.73,6.3,28.9,0,4.02,2.69,3.26,7.69
香蕉,15,2,0,0,0.792,253.77,8.0,26.9,0,2.5,2.17,1.37,9.99
黄瓜,15,2,0,0,0.91,236.07,8.05,27.1,0,1.66,4.01,3.11,6.7
土豆,16,2,0,0,0.988,114.55,4.0,26.2,0,6.86,5.89,30.0,42.29
芒果,16,2,0,0,0.578,273.95,9.0,27.2,0,0.94,3.88,4.12,4.62
苹果,16,2,0,0,0.939,251.88,10.2,24.3,0,3.29,7.08,4.85,10.57
草莓,16,2,0,0,0.354,291.63,24.0,25.0,0,0.18,0.5,0.93,0.46
葡萄,16,2,0,0,0.703,270.82,17.0,25.0,0,0.77,0.38,1.77,1.29
西瓜,16,2,0,0,0.934,171.14,6.9,27.8,0,5.59,40.17,41.57,22.24
西红柿,16,2,0,0,0.869,229.04,10.35,27.4,0,5.58,8.5,3.21,7.42
香蕉,16,2,0,0,0.765,243.78,5.6,26.6,0,2.24,8.92,6.27,6.26
黄瓜,16,2,0,0,0.899,229.37,8.05,27.0,0,3.39,7.31,4.81,13.17
土豆,17,2,0,0,0.986,72.26,4.0,25.9,0,23.27,28.57,36.11,35.64
芒果,17,2,0,0,0.509,269.33,9.0,31.5,0,3.99,4.27,2.08,1.76
苹果,17,2,0,0,0.932,241.31,12.0,27.3,0,10.94,16.96,20.88,8.95
草莓,17,2,0,0,0.3,291.17,24.0,23.9,0,0.57,0.71,1.0,0.4
葡萄,17,2,0,0,0.675,269.53,26.0,23.1,0,3.28,2.02,5.87,1.87
西瓜,17,2,0,0,0.927,148.9,7.8,26.3,0,25.72,11.0,11.01,28.48
西红柿,17,2,0,0,0.853,221.62,10.35,27.4,0,7.69,10.24,12.73,4.38
香蕉,17,2,0,0,0.737,237.52,8.0,27.1,0,9.99,6.92,12.55,10.94
黄瓜,17,2,0,0,0.887,216.2,7.0,27.5,0,6.7,27.34,16.26,30.28
土豆,18,2,0,0,0.985,36.62,4.0,25.5,0,42.29,23.75,39.43,30.54
芒果,18,2,0,0,0.471,267.57,9.0,23.6,1,4.62,4.21,1.96,2.67
苹果,18,2,0,0,0.926,232.36,12.0,21.4,0,10.57,13.38,18.14,11.26
草莓,18,2,0,0,0.243,290.77,24.0,24.5,0,0.46,0.42,1.12,0.24
葡萄,18,2,0,0,0.656,267.66,23.0,19.7,0,1.29,2.84,2.62,4.71
西瓜,18,2,0,0,0.921,120.42,6.0,22.7,0,22.24,25.09,28.76,12.36
西红柿,18,2,0,0,0.841,217.24,11.7,23.5,0,7.42,7.09,13.12,8.82
香蕉,18,2,0,0,0.72,226.58,6.8,20.9,0,6.26,7.69,8.22,7.62
黄瓜,18,2,0,0,0.876,185.92,4.9,25.5,0,13.17,17.41,13.72,23.15
土豆,19,2,0,0,0.984,6.08,4.0,20.4,1,35.64,38.98,45.72,6.08
芒果,19,2,0,0,0.445,264.9,9.0,20.3,0,1.76,4.08,3.59,2.1
苹果,19,2,0,0,0.92,221.1,12.0,24.1,0,8.95,3.86,9.8,6.51
草莓,19,2,0,0,0.189,290.53,24.0,24.1,0,0.4,0.18,0.57,0.18
葡萄,19,2,0,0,0.636,262.95,14.0,19.8,0,1.87,1.24,1.56,3.79
西瓜,19,2,0,0,0.915,108.06,7.8,20.9,0,28.48,32.34,26.48,18.19
西红柿,19,2,0,0,0.83,208.42,10.35,21.0,0,4.38,7.47,4.54,19.02
香蕉,19,2,0,0,0.708,218.96,8.0,18.2,0,10.94,5.6,3.52,10.55
黄瓜,19,2,0,0,0.866,162.77,5.95,23.9,0,30.28,4.85,9.25,16.81
土豆,20,2,0,0,0.983,0.0,2.4,22.9,0,30.54,40.02,20.15,0.0
芒果,20,2,0,0,0.427,262.8,9.0,18.2,0,2.67,1.76,2.47,1.0
苹果,20,2,0,0,0.915,214.59,7.2,21.3,1,11.26,15.32,13.96,4.82
草莓,20,2,0,0,0.18,290.35,24.0,16.5,1,0.24,0.2,0.41,0.18
葡萄,20,2,0,0,0.615,259.16,12.0,20.4,0,4.71,1.47,3.43,1.56
西瓜,20,2,0,0,0.91,89.87,3.6,20.2,1,12.36,39.45,7.45,1.98
西红柿,20,2,0,0,0.822,189.4,5.4,17.6,0,8.82,18.69,17.83,4.28
香蕉,20,2,0,0,0.692,208.41,4.8,20.7,0,7.62,8.92,10.31,3.5
黄瓜,20,2,0,0,0.86,145.96,4.2,15.9,1,23.15,14.47,9.38,6.56
土豆,21,2,0,0,0.982,0.0,2.4,16.9,0,6.08,0.0,0.0,0.0
芒果,21,2,0,0,0.406,261.8,9.0,18.8,0,2.1,0.53,0.82,0.0
苹果,21,2,0,0,0.911,209.77,7.2,15.1,0,6.51,5.31,6.18,0.0
草莓,21,2,0,0,0.174,290.17,24.0,15.5,1,0.18,0.18,0.18,0.0
葡萄,21,2,0,0,0.603,257.6,12.0,17.0,0,3.79,1.19,1.33,0.0
西瓜,21,2,0,0,0.907,87.89,3.6,16.5,0,18.19,12.06,2.52,0.0
西红柿,21,2,0,0,0.814,185.12,5.4,17.3,1,19.02,5.12,5.92,0.0
香蕉,21,2,0,0,0.676,204.91,4.8,20.5,0,10.55,3.51,2.52,0.0
黄瓜,21,2,0,0,0.852,139.4,4.2,20.6,0,16.81,7.13,4.98,0.0
土豆,22,2,0,0,0.981,0.0,2.4,16.0,0,0.0,0.0,0.0,0.0
芒果,22,2,0,0,0.392,261.8,9.0,17.2,0,1.0,0.0,0.0,0.0
苹果,22,2,0,0,0.907,209.77,7.2,16.8,0,4.82,0.05,0.0,0.0
草莓,22,2,0,0,0.168,290.17,24.0,13.7,0,0.18,0.0,0.0,0.0
葡萄,22,2,0,0,0.594,257.6,12.0,15.3,0,1.56,0.0,0.0,0.0
西瓜,22,2,0,0,0.903,87.89,3.6,15.0,0,1.98,0.0,0.0,0.0
西红柿,22,2,0,0,0.808,185.12,5.4,14.5,0,4.28,0.0,0.0,0.0
香蕉,22,2,0,0,0.669,204.91,4.8,15.7,0,3.5,0.0,0.0,0.0
黄瓜,22,2,0,0,0.846,139.4,4.2,15.9,0,6.56,0.0,0.0,0.0
土豆,23,2,0,0,0.981,0.0,2.4,14.1,0,0.0,0.0,0.0,0.0
芒果,23,2,0,0,0.381,261.8,9.0,16.2,0,0.0,0.0,0.0,0.0
苹果,23,2,0,0,0.904,209.77,7.2,14.5,0,0.0,0.0,0.0,0.0
草莓,23,2,0,0,0.162,290.17,24.0,15.5,0,0.0,0.0,0.0,0.0
葡萄,23,2,0,0,0.59,257.6,12.0,12.0,0,0.0,0.25,0.0,0.0
西瓜,23,2,0,0,0.901,87.89,3.6,11.8,1,0.0,0.0,0.0,0.0
西红柿,23,2,0,0,0.802,185.12,5.4,14.1,0,0.0,0.0,0.0,0.0
香蕉,23,2,0,0,0.662,204.91,4.8,15.5,1,0.0,0.0,0.0,0.0
黄瓜,23,2,0,0,0.841,139.4,4.2,14.4,1,0.0,0.16,0.0,0.0
土豆,0,3,0,0,0.98,0.0,2.8,13.6,0,0.0,0.0,0.0,0.0
芒果,0,3,0,0,0.376,261.8,9.0,11.5,0,0.0,0.0,0.05,0.0
苹果,0,3,0,0,0.901,209.77,12.0,14.5,0,0.0,0.0,0.0,0.0
草莓,0,3,0,0,0.156,290.17,24.0,14.8,0,0.0,0.0,0.0,0.0
葡萄,0,3,0,0,0.586,257.6,12.0,11.9,0,0.0,0.0,0.0,0.0
西瓜,0,3,0,0,0.898,87.89,6.9,14.8,0,0.0,0.0,0.0,0.0
西红柿,0,3,0,0,0.799,185.12,11.7,10.6,0,0.0,0.0,0.0,0.0
香蕉,0,3,0,0,0.66,204.91,9.2,12.3,0,0.0,0.0,0.0,0.0
黄瓜,0,3,0,0,0.836,139.4,9.1,12.7,0,0.0,0.0,0.0,0.0
土豆,1,3,0,0,0.979,0.0,5.2,11.4,0,0.0,0.0,0.0,0.0
芒果,1,3,0,0,0.371,261.8,9.0,11.0,0,0.0,0.0,0.0,0.0
苹果,1,3,0,0,0.899,209.77,15.6,8.7,0,0.0,0.0,0.0,0.0
草莓,1,3,0,0,0.15,290.17,24.0,13.3,0,0.0,0.0,0.0,0.0
葡萄,1,3,0,0,0.582,257.6,12.0,10.4,0,0.0,0.0,0.0,0.0
西瓜,1,3,0,0,0.895,87.89,5.1,15.0,0,0.0,0.0,0.0,0.0
西红柿,1,3,0,0,0.796,185.12,10.35,10.7,0,0.0,0.0,0.0,0.0
香蕉,1,3,0,0,0.656,204.91,6.8,13.4,0,0.0,0.0,0.0,0.0
黄瓜,1,3,0,0,0.83,139.4,7.0,16.2,0,0.0,0.0,0.0,0.14
土豆,2,3,0,0,0.979,0.0,4.6,13.9,0,0.0,0.0,0.0,0.0
芒果,2,3,0,0,0.366,261.8,9.0,11.2,0,0.0,0.0,0.0,0.0
苹果,2,3,0,0,0.896,209.77,15.6,12.0,0,0.0,0.0,0.0,0.0
草莓,2,3,0,0,0.144,290.17,24.0,15.7,0,0.0,0.0,0.0,0.18
葡萄,2,3,0,0,0.578,257.6,12.0,10.8,0,0.0,0.0,0.0,0.0
西瓜,2,3,0,0,0.893,87.89,6.9,13.2,0,0.0,0.0,0.0,0.0
西红柿,2,3,0,0,0.794,185.12,9.0,9.6,0,0.0,0.13,0.0,0.04
香蕉,2,3,0,0,0.654,204.91,9.2,10.9,0,0.0,0.06,0.0,0.0
黄瓜,2,3,0,0,0.825,139.26,5.95,14.2,0,0.0,0.0,0.0,0.0
土豆,3,3,0,0,0.978,0.0,5.2,14.2,0,0.0,0.0,0.0,0.0
芒果,3,3,0,0,0.361,261.8,9.0,10.8,0,0.0,0.0,0.0,0.0
苹果,3,3,0,0,0.894,209.77,12.0,12.5,0,0.0,0.0,0.0,0.0
草莓,3,3,0,0,0.138,289.99,24.0,7.1,0,0.0,0.0,0.0,0.0
葡萄,3,3,0,0,0.574,257.6,12.0,12.5,0,0.0,0.0,0.0,0.0
西瓜,3,3,0,0,0.891,87.89,7.8,12.7,0,0.0,0.0,0.03,0.0
西红柿,3,3,0,0,0.79,185.08,7.65,12.3,0,0.0,0.0,0.03,0.0
香蕉,3,3,0,0,0.65,204.91,8.0,11.3,1,0.0,0.0,0.0,0.0
黄瓜,3,3,0,0,0.82,139.26,9.1,15.6,0,0.14,0.0,0.0,0.0
土豆,4,3,0,0,0.977,0.0,2.8,13.3,0,0.0,0.0,0.0,0.0
芒果,4,3,0,0,0.356,261.8,9.0,12.9,0,0.0,0.0,0.0,0.0
苹果,4,3,0,0,0.89,209.77,12.0,14.4,0,0.0,0.01,0.0,0.04
草莓,4,3,0,0,0.132,289.99,24.0,9.1,0,0.18,0.0,0.0,0.0
葡萄,4,3,0,0,0.57,257.6,12.0,13.8,0,0.0,0.03,0.0,0.0
西瓜,4,3,0,0,0.888,87.89,6.0,13.3,0,0.0,0.0,0.0,0.12
西红柿,4,3,0,0,0.785,185.08,9.0,13.1,0,0.04,0.0,0.0,0.0
香蕉,4,3,0,0,0.642,204.91,10.4,16.8,0,0.0,0.0,0.0,0.0
黄瓜,4,3,0,0,0.816,139.26,9.1,12.1,1,0.0,0.0,0.0,0.0
土豆,5,3,0,0,0.977,0.0,4.6,12.6,1,0.0,0.0,0.0,9.14
芒果,5,3,0,0,0.35,261.8,9.0,15.0,1,0.0,0.0,0.0,0.8
苹果,5,3,0,0,0.887,209.73,15.6,15.4,0,0.0,0.08,0.0,1.85
草莓,5,3,0,0,0.123,289.99,24.0,16.4,0,0.0,0.0,0.0,0.59
葡萄,5,3,0,0,0.563,257.6,12.0,14.8,1,0.0,0.0,0.0,1.31
西瓜,5,3,0,0,0.885,87.77,6.0,14.2,0,0.0,0.0,0.0,2.15
西红柿,5,3,0,0,0.78,185.08,7.65,13.3,0,0.0,0.0,0.0,2.04
香蕉,5,3,0,0,0.632,204.91,5.6,16.8,0,0.0,0.0,0.0,1.07
黄瓜,5,3,0,0,0.811,139.26,4.9,14.0,1,0.0,0.0,0.19,4.52
土豆,6,3,0,0,1.0,290.86,4.0,14.1,0,0.0,2.85,3.7,14.92
芒果,6,3,0,0,1.0,299.2,15.0,14.0,1,0.0,3.09,2.24,0.96
苹果,6,3,0,0,1.0,298.15,12.0,19.0,0,0.04,2.72,1.6,6.46
草莓,6,3,0,0,1.0,299.41,46.0,19.4,0,0.0,0.5,0.37,0.58
葡萄,6,3,0,0,1.0,298.69,20.0,15.4,0,0.0,1.96,1.29,1.54
西瓜,6,3,0,0,1.0,297.85,5.1,16.6,0,0.12,1.8,1.8,18.02
西红柿,6,3,0,0,1.0,297.96,11.7,15.9,0,0.0,9.32,3.67,3.63
香蕉,6,3,0,0,1.0,298.93,9.2,16.9,1,0.0,4.9,6.44,9.93
黄瓜,6,3,0,0,1.0,295.48,7.0,14.6,0,0.0,1.53,1.93,13.59
土豆,7,3,0,0,0.999,275.94,4.0,14.9,1,9.14,35.53,15.99,26.45
芒果,7,3,0,0,0.984,298.24,17.25,17.7,1,0.8,6.37,3.08,5.75
苹果,7,3,0,0,0.996,291.69,12.0,15.8,0,1.85,3.17,4.75,7.73
草莓,7,3,0,0,0.969,298.83,40.0,20.2,1,0.59,1.93,1.47,1.78
葡萄,7,3,0,0,0.994,297.15,26.0,14.6,0,1.31,3.89,6.42,5.7
西瓜,7,3,0,0,0.996,279.83,6.0,18.2,0,2.15,11.46,2.93,20.74
西红柿,7,3,0,0,0.99,294.33,11.7,19.9,0,2.04,4.87,17.38,6.77
香蕉,7,3,0,0,0.988,289.0,8.0,18.6,0,1.07,10.25,11.9,10.96
黄瓜,7,3,0,0,0.994,281.89,5.95,16.8,0,4.52,11.55,9.54,9.74
土豆,8,3,0,0,0.998,249.49,4.0,18.3,0,14.92,36.78,44.12,14.33
芒果,8,3,0,0,0.959,292.49,15.0,20.0,0,0.96,5.22,4.38,2.22
苹果,8,3,0,0,0.991,283.96,12.0,20.9,0,6.46,7.01,5.34,1.98
草莓,8,3,0,0,0.924,297.05,34.0,22.4,0,0.58,1.63,0.72,1.26
葡萄,8,3,0,0,0.969,291.45,17.0,21.9,0,1.54,2.6,3.13,2.22
西瓜,8,3,0,0,0.99,259.09,6.0,22.2,0,18.02,1.8,16.88,12.7
西红柿,8,3,0,0,0.981,287.56,10.35,18.9,0,3.63,17.1,10.5,6.03
香蕉,8,3,0,0,0.976,278.04,6.8,18.4,0,9.93,3.08,10.36,2.21
黄瓜,8,3,0,0,0.984,272.15,7.0,23.7,1,13.59,8.33,14.58,17.06
土豆,9,3,0,0,0.997,235.16,4.0,22.0,0,26.45,5.09,15.79,3.28
芒果,9,3,0,0,0.935,290.27,15.0,19.6,0,5.75,1.02,2.83,1.58
苹果,9,3,0,0,0.986,281.98,15.6,21.1,0,7.73,7.29,10.1,4.58
草莓,9,3,0,0,0.894,295.79,34.0,20.1,0,1.78,0.62,1.52,0.62
葡萄,9,3,0,0,0.938,289.23,20.0,24.5,0,5.7,4.23,2.04,0.65
西瓜,9,3,0,0,0.983,246.39,6.0,26.0,0,20.74,16.21,4.38,9.18
西红柿,9,3,0,0,0.971,281.53,9.0,19.5,0,6.77,2.32,4.14,3.03
香蕉,9,3,0,0,0.965,275.83,10.4,17.8,0,10.96,10.84,4.61,2.92
黄瓜,9,3,0,0,0.974,255.09,4.9,23.2,0,9.74,8.62,3.58,6.28
土豆,10,3,0,0,0.996,231.88,5.2,26.8,0,14.33,4.04,10.21,11.84
芒果,10,3,0,0,0.883,288.69,15.0,27.2,0,2.22,1.67,1.54,3.53
苹果,10,3,0,0,0.98,277.4,10.2,21.1,0,1.98,1.08,1.15,2.2
草莓,10,3,0,0,0.846,295.17,40.0,22.9,0,1.26,0.46,0.82,0.51
葡萄,10,3,0,0,0.916,288.58,20.0,20.5,1,2.22,2.22,2.35,0.98
西瓜,10,3,0,0,0.976,237.21,5.1,25.1,0,12.7,7.08,14.47,14.65
西红柿,10,3,0,0,0.956,278.5,10.35,27.4,0,6.03,1.51,2.76,9.61
香蕉,10,3,0,0,0.942,272.91,8.0,24.0,0,2.21,1.3,1.95,6.38
黄瓜,10,3,0,0,0.965,248.81,4.9,22.3,0,17.06,5.12,3.63,15.5
土豆,11,3,0,0,0.995,220.04,4.6,24.8,0,3.28,30.19,6.92,18.27
芒果,11,3,0,0,0.841,285.16,15.0,24.5,0,1.58,1.15,5.49,4.17
苹果,11,3,0,0,0.973,275.2,15.6,26.5,0,4.58,5.39,4.25,8.37
草莓,11,3,0,0,0.776,294.66,46.0,26.7,0,0.62,0.18,1.23,0.21
葡萄,11,3,0,0,0.888,287.6,26.0,23.2,0,0.65,3.8,1.02,1.66
西瓜,11,3,0,0,0.969,222.56,6.0,25.7,0,9.18,11.47,14.18,8.72
西红柿,11,3,0,0,0.941,268.89,7.65,26.9,0,3.03,5.06,8.72,7.25
香蕉,11,3,0,0,0.918,266.53,6.8,24.7,0,2.92,3.1,2.74,6.34
黄瓜,11,3,0,0,0.956,233.31,5.95,21.2,0,6.28,9.76,9.17,8.79
土豆,12,3,0,0,0.993,201.77,4.0,26.5,0,11.84,12.18,11.43,20.37
芒果,12,3,0,0,0.798,280.99,10.5,25.0,0,3.53,0.86,2.35,1.67
苹果,12,3,0,0,0.966,266.83,8.4,28.9,0,2.2,2.3,1.51,3.92
草莓,12,3,0,0,0.711,294.45,52.0,25.8,0,0.51,0.94,0.95,0.51
葡萄,12,3,0,0,0.849,285.94,23.0,27.6,0,0.98,3.39,2.0,1.38
西瓜,12,3,0,0,0.961,213.84,5.1,27.5,1,14.65,14.06,45.66,35.18
西红柿,12,3,0,0,0.925,261.64,9.0,27.7,0,9.61,4.52,7.95,5.56
香蕉,12,3,0,0,0.889,260.19,8.0,27.9,0,6.38,5.25,0.93,4.21
黄瓜,12,3,0,0,0.947,224.52,5.95,23.1,0,15.5,10.0,12.92,6.24
土豆,13,3,0,0,0.992,181.4,2.8,30.2,0,18.27,12.85,14.45,2.81
芒果,13,3,0,0,0.752,279.32,15.0,25.5,0,4.17,0.63,3.58,0.59
苹果,13,3,0,0,0.958,262.91,12.0,27.6,0,8.37,1.51,4.05,1.04
草莓,13,3,0,0,0.645,293.94,34.0,26.1,0,0.21,0.8,0.73,0.46
葡萄,13,3,0,0,0.798,284.56,20.0,32.4,0,1.66,2.56,2.56,0.93
西瓜,13,3,0,0,0.951,178.66,5.1,31.8,0,8.72,16.58,9.35,14.92
西红柿,13,3,0,0,0.91,256.08,9.0,26.3,0,7.25,8.97,7.46,3.72
香蕉,13,3,0,0,0.852,255.98,6.8,31.4,0,6.34,2.77,4.48,2.05
黄瓜,13,3,0,0,0.933,218.28,7.0,30.2,0,8.79,3.97,6.94,4.23
土豆,14,3,0,0,0.99,178.59,5.2,30.0,0,20.37,15.81,3.53,4.55
芒果,14,3,0,0,0.685,278.73,17.25,31.1,0,1.67,1.11,0.53,0.85
苹果,14,3,0,0,0.951,261.87,15.6,28.0,0,3.92,3.42,3.97,0.96
草莓,14,3,0,0,0.562,293.48,24.0,28.8,0,0.51,0.56,0.55,0.33
葡萄,14,3,0,0,0.764,283.63,20.0,25.8,0,1.38,0.48,1.76,0.46
西瓜,14,3,0,0,0.943,163.74,6.0,29.0,0,35.18,17.09,5.57,13.84
西红柿,14,3,0,0,0.895,252.36,9.0,26.8,0,5.56,4.02,2.18,3.88
香蕉,14,3,0,0,0.82,253.93,8.0,29.4,0,4.21,2.5,1.85,1.47
黄瓜,14,3,0,0,0.92,214.05,7.0,29.9,0,6.24,1.66,3.76,2.52
土豆,15,3,0,0,0.989,174.04,5.2,28.8,0,2.81,6.86,10.26,32.22
芒果,15,3,0,0,0.613,277.88,15.0,32.5,0,0.59,0.94,1.46,3.25
苹果,15,3,0,0,0.943,260.91,12.0,29.2,1,1.04,3.29,2.59,1.41
草莓,15,3,0,0,0.481,293.15,24.0,28.5,0,0.46,0.18,0.29,0.7
葡萄,15,3,0,0,0.726,283.17,23.0,27.0,0,0.93,0.77,0.44,0.86
西瓜,15,3,0,0,0.935,149.9,6.0,28.0,0,14.92,5.59,14.12,13.29
西红柿,15,3,0,0,0.878,248.48,7.65,28.9,0,3.72,5.58,3.75,7.35
香蕉,15,3,0,0,0.786,252.46,9.2,30.0,0,2.05,2.24,0.98,7.74
黄瓜,15,3,0,0,0.909,211.53,7.0,25.3,0,4.23,3.39,3.48,11.07
土豆,16,3,0,0,0.988,141.82,4.0,26.5,0,4.55,23.27,21.97,54.41
芒果,16,3,0,0,0.55,274.63,9.0,30.3,0,0.85,3.99,0.83,4.53
苹果,16,3,0,0,0.937,259.5,15.6,24.7,1,0.96,10.94,12.33,7.99
草莓,16,3,0,0,0.405,292.45,24.0,27.7,0,0.33,0.57,1.1,0.6
葡萄,16,3,0,0,0.692,282.31,20.0,25.5,1,0.46,3.28,2.35,2.43
西瓜,16,3,0,0,0.928,136.61,6.9,25.0,0,13.84,25.72,13.63,87.45
西红柿,16,3,0,0,0.863,241.13,10.35,26.7,0,3.88,7.69,9.47,9.29
香蕉,16,3,0,0,0.752,244.72,8.0,30.1,0,1.47,9.99,10.12,14.82
黄瓜,16,3,0,0,0.897,200.46,7.0,27.6,0,2.52,6.7,11.66,34.21
土豆,17,3,0,0,0.986,87.41,3.4,26.3,0,32.22,42.29,32.03,49.21
芒果,17,3,0,0,0.501,270.1,9.0,26.2,0,3.25,4.62,4.41,2.95
苹果,17,3,0,0,0.93,251.51,12.0,25.7,0,1.41,10.57,12.93,4.24
草莓,17,3,0,0,0.333,291.85,24.0,27.0,0,0.7,0.46,1.12,0.55
葡萄,17,3,0,0,0.663,279.88,20.0,23.7,0,0.86,1.29,3.46,2.96
西瓜,17,3,0,0,0.921,49.16,4.2,26.5,0,13.29,22.24,11.99,10.79
西红柿,17,3,0,0,0.852,231.84,9.0,21.3,1,7.35,7.42,6.77,14.14
香蕉,17,3,0,0,0.731,229.9,5.6,23.0,0,7.74,6.26,4.61,11.03
黄瓜,17,3,0,0,0.887,166.25,4.9,25.2,0,11.07,13.17,9.13,12.29
土豆,18,3,0,0,0.985,38.2,3.4,27.3,0,54.41,35.64,51.47,36.43
芒果,18,3,0,0,0.459,267.15,9.0,24.7,0,4.53,1.76,4.86,2.57
苹果,18,3,0,0,0.925,247.27,12.0,20.5,1,7.99,8.95,13.5,4.23
草莓,18,3,0,0,0.264,291.3,24.0,26.4,0,0.6,0.4,1.37,0.21
葡萄,18,3,0,0,0.638,276.92,20.0,21.9,0,2.43,1.87,6.04,1.74
西瓜,18,3,0,0,0.916,38.37,6.0,19.8,1,87.45,28.48,21.69,9.26
西红柿,18,3,0,0,0.841,217.7,9.0,22.0,0,9.29,4.38,10.54,10.84
香蕉,18,3,0,0,0.706,218.87,5.6,25.7,0,14.82,10.94,6.3,8.49
黄瓜,18,3,0,0,0.877,153.96,7.0,23.2,0,34.21,30.28,26.76,16.12
土豆,19,3,0,0,0.984,1.77,4.0,22.4,0,49.21,30.54,39.32,1.77
芒果,19,3,0,0,0.427,264.58,9.0,21.8,0,2.95,2.67,4.66,2.23
苹果,19,3,0,0,0.919,243.04,12.0,23.9,1,4.24,11.26,18.37,13.95
草莓,19,3,0,0,0.212,291.09,24.0,23.7,0,0.55,0.24,0.81,0.18
葡萄,19,3,0,0,0.614,275.18,14.0,21.7,1,2.96,4.71,2.8,2.75
西瓜,19,3,0,0,0.909,29.11,6.0,23.4,1,10.79,12.36,2.62,29.11
西红柿,19,3,0,0,0.829,206.86,9.0,22.5,0,14.14,8.82,10.8,14.31
香蕉,19,3,0,0,0.687,210.38,6.8,21.9,0,11.03,7.62,3.53,7.71
黄瓜,19,3,0,0,0.868,137.84,7.0,23.0,0,12.29,23.15,23.23,20.99
土豆,20,3,0,0,0.983,0.0,2.4,21.1,1,36.43,6.08,18.81,0.0
芒果,20,3,0,0,0.401,262.35,9.0,20.3,0,2.57,2.1,2.58,0.72
苹果,20,3,0,0,0.913,229.09,7.2,22.0,0,4.23,6.51,16.18,6.05
草莓,20,3,0,0,0.189,290.91,24.0,18.8,0,0.21,0.18,0.59,0.18
葡萄,20,3,0,0,0.598,272.43,12.0,18.6,0,1.74,3.79,4.63,1.02
西瓜,20,3,0,0,0.903,0.0,3.6,22.7,0,9.26,18.19,2.86,0.0
西红柿,20,3,0,0,0.819,192.55,5.4,19.4,1,10.84,19.02,16.7,4.03
香蕉,20,3,0,0,0.673,202.67,4.8,19.3,0,8.49,10.55,12.4,1.19
黄瓜,20,3,0,0,0.86,116.85,4.2,19.1,0,16.12,16.81,17.44,6.02
土豆,21,3,0,0,0.982,0.0,2.4,19.3,0,1.77,0.0,0.0,0.0
芒果,21,3,0,0,0.376,261.63,9.0,20.0,0,2.23,1.0,0.53,0.0
苹果,21,3,0,0,0.909,223.04,7.2,16.5,0,13.95,4.82,5.15,0.0
草莓,21,3,0,0,0.183,290.73,24.0,15.6,1,0.18,0.18,0.18,0.0
葡萄,21,3,0,0,0.585,271.41,12.0,17.2,0,2.75,1.56,1.24,0.06
西瓜,21,3,0,0,0.899,0.0,3.6,18.5,1,29.11,1.98,2.4,0.0
西红柿,21,3,0,0,0.811,188.52,5.4,17.6,1,14.31,4.28,5.93,0.0
香蕉,21,3,0,0,0.666,201.48,4.8,15.8,1,7.71,3.5,3.97,0.13
黄瓜,21,3,0,0,0.852,110.83,4.2,19.5,0,20.99,6.56,7.44,0.0
土豆,22,3,0,0,0.981,0.0,2.4,18.6,0,0.0,0.0,0.0,0.0
芒果,22,3,0,0,0.358,261.63,9.0,18.0,0,0.72,0.0,0.0,0.0
苹果,22,3,0,0,0.904,223.04,7.2,21.4,0,6.05,0.0,0.0,0.03
草莓,22,3,0,0,0.165,290.73,24.0,18.1,0,0.18,0.0,0.0,0.0
葡萄,22,3,0,0,0.581,271.35,12.0,12.5,0,1.02,0.0,0.0,0.0
西瓜,22,3,0,0,0.896,0.0,3.6,15.1,0,0.0,0.0,0.0,0.0
西红柿,22,3,0,0,0.805,188.52,5.4,15.1,0,4.03,0.0,0.0,0.0
香蕉,22,3,0,0,0.655,201.35,4.8,18.1,0,1.19,0.0,0.0,0.0
黄瓜,22,3,0,0,0.847,110.83,4.2,15.4,0,6.02,0.0,0.0,0.0
土豆,23,3,0,0,0.98,0.0,2.4,16.2,0,0.0,0.0,0.0,0.0
芒果,23,3,0,0,0.353,261.63,9.0,9.1,0,0.0,0.0,0.0,0.0
苹果,23,3,0,0,0.903,223.01,7.2,5.4,0,0.0,0.0,0.0,0.0
草莓,23,3,0,0,0.159,290.73,24.0,11.2,0,0.0,0.0,0.0,0.0
葡萄,23,3,0,0,0.577,271.35,12.0,12.6,0,0.06,0.0,0.0,0.0
西瓜,23,3,0,0,0.893,0.0,3.6,14.1,0,0.0,0.0,0.0,0.0
西红柿,23,3,0,0,0.799,188.52,5.4,13.8,0,0.0,0.0,0.0,0.11
香蕉,23,3,0,0,0.649,201.35,4.8,15.3,1,0.13,0.0,0.0,0.0
黄瓜,23,3,0,0,0.84,110.83,4.2,17.3,0,0.0,0.0,0.0,0.0
土豆,0,4,0,0,0.979,0.0,4.0,14.5,0,0.0,0.0,0.0,0.0
芒果,0,4,0,0,0.348,261.63,9.0,14.4,0,0.0,0.0,0.0,0.0
苹果,0,4,0,0,0.899,223.01,13.8,14.9,0,0.03,0.0,0.0,0.0
草莓,0,4,0,0,0.153,290.73,24.0,13.8,0,0.0,0.0,0.0,0.0
葡萄,0,4,0,0,0.573,271.35,12.0,12.2,1,0.0,0.0,0.0,0.0
西瓜,0,4,0,0,0.89,0.0,7.8,14.7,0,0.0,0.0,0.0,0.0
西红柿,0,4,0,0,0.795,188.41,11.7,13.2,0,0.0,0.0,0.0,0.0
香蕉,0,4,0,0,0.642,201.35,8.0,15.3,0,0.0,0.0,0.18,0.0
黄瓜,0,4,0,0,0.836,110.83,7.0,11.9,0,0.0,0.0,0.0,0.0
土豆,1,4,0,0,0.979,0.0,3.4,12.8,0,0.0,0.0,0.0,0.0
芒果,1,4,0,0,0.343,261.63,9.0,10.6,1,0.0,0.0,0.0,0.01
苹果,1,4,0,0,0.895,223.01,12.0,16.7,0,0.0,0.0,0.0,0.0
草莓,1,4,0,0,0.147,290.73,24.0,6.5,0,0.0,0.0,0.0,0.0
葡萄,1,4,0,0,0.569,271.35,12.0,12.5,0,0.0,0.0,0.0,0.0
西瓜,1,4,0,0,0.888,0.0,6.9,12.5,0,0.0,0.0,0.0,0.0
西红柿,1,4,0,0,0.791,188.41,9.0,11.4,0,0.11,0.0,0.0,0.0
香蕉,1,4,0,0,0.639,201.35,6.8,11.8,0,0.0,0.0,0.0,0.0
黄瓜,1,4,0,0,0.832,110.83,9.1,13.5,0,0.0,0.0,0.0,0.0
土豆,2,4,0,0,0.978,0.0,3.4,10.5,1,0.0,0.0,0.0,0.0
芒果,2,4,0,0,0.338,261.62,9.0,14.6,0,0.0,0.0,0.0,0.0
苹果,2,4,0,0,0.892,223.01,10.2,13.6,0,0.0,0.0,0.0,0.0
草莓,2,4,0,0,0.141,290.73,24.0,9.0,0,0.0,0.0,0.0,0.0
葡萄,2,4,0,0,0.565,271.35,12.0,11.9,0,0.0,0.0,0.0,0.09
西瓜,2,4,0,0,0.885,0.0,6.0,14.2,0,0.0,0.0,0.0,0.0
西红柿,2,4,0,0,0.788,188.41,9.0,11.0,0,0.0,0.0,0.05,0.0
香蕉,2,4,0,0,0.636,201.35,8.0,10.7,0,0.0,0.0,0.03,0.0
黄瓜,2,4,0,0,0.827,110.83,7.0,13.8,0,0.0,0.14,0.0,0.0
土豆,3,4,0,0,0.978,0.0,4.6,11.1,0,0.0,0.0,0.0,0.0
芒果,3,4,0,0,0.333,261.62,9.0,12.5,0,0.01,0.0,0.0,0.0
苹果,3,4,0,0,0.89,223.01,12.0,11.7,1,0.0,0.0,0.0,0.0
草莓,3,4,0,0,0.135,290.73,24.0,12.3,0,0.0,0.18,0.16,0.0
葡萄,3,4,0,0,0.561,271.26,12.0,11.0,0,0.0,0.0,0.0,0.0
西瓜,3,4,0,0,0.882,0.0,6.0,15.0,0,0.0,0.0,0.0,0.0
西红柿,3,4,0,0,0.784,188.41,9.0,11.5,0,0.0,0.04,0.0,0.09
香蕉,3,4,0,0,0.628,201.35,5.6,16.3,0,0.0,0.0,0.0,0.01
黄瓜,3,4,0,0,0.82,110.83,4.9,17.2,0,0.0,0.0,0.0,0.0
土豆,4,4,0,0,0.977,0.0,3.4,15.0,0,0.0,0.0,0.0,0.0
芒果,4,4,0,0,0.328,261.62,9.0,14.1,0,0.0,0.0,0.0,0.0
苹果,4,4,0,0,0.887,223.01,12.0,14.2,0,0.0,0.0,0.0,0.0
草莓,4,4,0,0,0.129,290.73,24.0,15.7,0,0.0,0.0,0.0,0.0
葡萄,4,4,0,0,0.553,271.26,12.0,15.2,0,0.09,0.0,0.0,0.0
西瓜,4,4,0,0,0.879,0.0,6.0,13.6,0,0.0,0.0,0.0,0.0
西红柿,4,4,0,0,0.781,188.32,9.0,11.2,0,0.0,0.0,0.0,0.0
香蕉,4,4,0,0,0.625,201.34,9.2,13.2,1,0.0,0.0,0.0,0.0
黄瓜,4,4,0,0,0.814,110.83,8.05,16.2,0,0.0,0.0,0.0,0.0
土豆,5,4,0,0,0.976,0.0,4.0,19.1,0,0.0,0.0,0.0,13.12
芒果,5,4,0,0,0.323,261.62,9.0,14.9,0,0.0,0.0,0.0,1.46
苹果,5,4,0,0,0.883,223.01,15.6,14.1,0,0.0,0.04,0.0,2.71
草莓,5,4,0,0,0.123,290.73,24.0,15.5,0,0.0,0.0,0.0,0.49
葡萄,5,4,0,0,0.545,271.26,12.0,14.9,0,0.0,0.0,0.0,1.81
西瓜,5,4,0,0,0.876,0.0,6.0,14.2,0,0.0,0.12,0.08,1.8
西红柿,5,4,0,0,0.775,188.32,7.65,14.1,0,0.09,0.0,0.0,5.73
香蕉,5,4,0,0,0.62,201.34,8.0,15.1,0,0.01,0.0,0.0,1.55
黄瓜,5,4,0,0,0.807,110.83,8.05,18.1,1,0.0,0.0,0.0,6.68
土豆,6,4,0,0,1.0,286.88,3.4,14.5,0,0.0,9.14,6.27,24.44
芒果,6,4,0,0,1.0,298.54,17.25,17.8,0,0.0,0.8,1.09,1.81
苹果,6,4,0,0,1.0,297.29,13.8,17.5,0,0.0,1.85,3.55,7.43
草莓,6,4,0,0,1.0,299.51,40.0,12.8,0,0.0,0.59,0.9,3.26
葡萄,6,4,0,0,1.0,298.19,17.0,17.0,0,0.0,1.31,1.33,0.57
西瓜,6,4,0,0,1.0,298.2,6.0,14.7,1,0.0,2.15,1.8,15.05
西红柿,6,4,0,0,1.0,294.27,7.65,16.5,0,0.0,2.04,3.03,5.08
香蕉,6,4,0,0,1.0,298.45,10.4,15.9,0,0.0,1.07,4.17,3.21
黄瓜,6,4,0,0,1.0,293.32,4.9,12.4,1,0.0,4.52,2.44,22.91
土豆,7,4,0,0,0.999,262.44,4.0,17.3,0,13.12,14.92,34.57,23.98
芒果,7,4,0,0,0.974,296.73,15.0,20.2,1,1.46,0.96,2.61,1.91
苹果,7,4,0,0,0.996,289.86,12.0,18.2,0,2.71,6.46,11.23,9.23
草莓,7,4,0,0,0.973,296.25,28.0,19.5,0,0.49,0.58,1.43,0.75
葡萄,7,4,0,0,0.989,297.62,26.0,16.4,1,1.81,1.54,3.96,3.62
西瓜,7,4,0,0,0.995,283.15,6.0,18.9,0,1.8,18.02,5.47,21.0
西红柿,7,4,0,0,0.992,289.19,11.7,17.7,0,5.73,3.63,8.02,10.25
香蕉,7,4,0,0,0.992,295.24,10.4,16.0,0,1.55,9.93,10.56,15.24
黄瓜,7,4,0,0,0.993,270.41,4.9,18.0,0,6.68,13.59,5.83,4.61
土豆,8,4,0,0,0.998,238.46,4.0,17.0,0,24.44,26.45,25.78,7.64
芒果,8,4,0,0,0.944,294.82,19.5,21.4,0,1.81,5.75,3.92,2.6
苹果,8,4,0,0,0.991,280.63,10.2,19.6,0,7.43,7.73,4.78,4.57
草莓,8,4,0,0,0.926,295.5,52.0,22.9,0,3.26,1.78,1.05,0.32
葡萄,8,4,0,0,0.97,294.0,20.0,19.4,0,0.57,5.7,5.14,2.52
西瓜,8,4,0,0,0.991,262.15,6.0,18.0,0,15.05,20.74,3.05,4.7
西红柿,8,4,0,0,0.982,278.94,9.0,19.9,0,5.08,6.77,8.92,6.43
香蕉,8,4,0,0,0.969,280.0,5.6,24.3,0,3.21,10.96,15.55,8.07
黄瓜,8,4,0,0,0.984,265.8,9.1,21.6,0,22.91,9.74,8.96,4.69
土豆,9,4,0,0,0.997,230.82,4.6,21.3,1,23.98,14.33,26.43,11.21
芒果,9,4,0,0,0.918,292.22,15.0,20.4,0,1.91,2.22,0.91,1.62
苹果,9,4,0,0,0.985,276.06,13.8,22.1,0,9.23,1.98,4.31,1.32
草莓,9,4,0,0,0.884,295.18,52.0,22.0,0,0.75,1.26,0.9,0.37
葡萄,9,4,0,0,0.949,291.48,20.0,20.6,0,3.62,2.22,2.58,2.34
西瓜,9,4,0,0,0.986,257.45,7.8,20.0,0,21.0,12.7,8.76,10.98
西红柿,9,4,0,0,0.973,272.51,7.65,18.7,0,10.25,6.03,8.03,3.4
香蕉,9,4,0,0,0.954,271.93,6.8,20.5,0,15.24,2.21,2.84,6.39
黄瓜,9,4,0,0,0.974,261.11,8.05,24.9,0,4.61,17.06,6.83,4.25
土豆,10,4,0,0,0.996,219.61,3.4,25.3,0,7.64,3.28,15.11,30.31
芒果,10,4,0,0,0.875,290.6,15.0,24.6,0,2.6,1.58,2.3,1.72
苹果,10,4,0,0,0.979,274.74,12.0,23.6,1,4.57,4.58,1.04,8.91
草莓,10,4,0,0,0.834,294.81,46.0,23.2,0,0.32,0.62,1.03,0.83
葡萄,10,4,0,0,0.914,289.14,14.0,26.0,0,2.52,0.65,0.47,3.27
西瓜,10,4,0,0,0.982,246.47,4.2,18.3,0,4.7,9.18,5.76,6.43
西红柿,10,4,0,0,0.96,269.11,9.0,23.9,0,6.43,3.03,2.92,7.03
香蕉,10,4,0,0,0.934,265.54,5.6,22.6,0,8.07,2.92,3.09,1.6
黄瓜,10,4,0,0,0.963,256.86,7.0,25.1,0,4.69,6.28,3.02,3.14
土豆,11,4,0,0,0.995,189.3,3.4,24.2,0,11.21,11.84,23.19,19.07
芒果,11,4,0,0,0.828,288.88,17.25,26.0,0,1.62,3.53,3.25,0.9
苹果,11,4,0,0,0.973,265.83,8.4,24.8,0,1.32,2.2,6.62,6.9
草莓,11,4,0,0,0.771,293.98,40.0,25.6,0,0.37,0.51,0.65,1.02
葡萄,11,4,0,0,0.871,285.87,17.0,29.3,0,2.34,0.98,1.45,1.05
西瓜,11,4,0,0,0.975,240.04,7.8,25.2,0,10.98,14.65,13.58,23.9
西红柿,11,4,0,0,0.944,262.08,9.0,27.4,0,3.4,9.61,5.22,7.47
香蕉,11,4,0,0,0.911,263.94,9.2,24.2,1,6.39,6.38,8.78,7.24
黄瓜,11,4,0,0,0.952,253.72,9.1,25.8,0,4.25,15.5,8.12,5.45
土豆,12,4,0,0,0.993,170.23,4.0,25.8,0,30.31,18.27,14.31,10.71
芒果,12,4,0,0,0.787,287.98,19.5,24.2,0,1.72,4.17,0.88,1.61
苹果,12,4,0,0,0.965,258.93,12.0,28.3,0,8.91,8.37,4.99,4.16
草莓,12,4,0,0,0.69,292.96,34.0,28.4,0,0.83,0.21,0.24,0.18
葡萄,12,4,0,0,0.831,284.82,26.0,27.9,0,3.27,1.66,0.86,1.03
西瓜,12,4,0,0,0.966,216.14,6.0,29.2,0,6.43,8.72,11.98,17.31
西红柿,12,4,0,0,0.928,254.61,9.0,28.5,0,7.03,7.25,7.64,8.89
香蕉,12,4,0,0,0.882,256.7,8.0,27.1,0,1.6,6.34,9.98,3.98
黄瓜,12,4,0,0,0.94,248.27,8.05,26.9,0,3.14,8.79,5.73,2.74
土豆,13,4,0,0,0.992,159.52,4.0,29.4,0,19.07,20.37,5.13,10.23
芒果,13,4,0,0,0.747,286.37,15.0,24.0,0,0.9,1.67,2.13,1.52
苹果,13,4,0,0,0.959,254.77,12.0,23.7,0,6.9,3.92,2.94,5.4
草莓,13,4,0,0,0.603,292.78,52.0,29.6,0,1.02,0.51,0.69,0.46
葡萄,13,4,0,0,0.786,283.79,23.0,30.2,0,1.05,1.38,1.3,1.46
西瓜,13,4,0,0,0.959,198.83,6.0,26.2,0,23.9,35.18,10.96,15.8
西红柿,13,4,0,0,0.914,245.72,6.3,25.9,0,7.47,5.56,2.07,2.04
香蕉,13,4,0,0,0.858,252.72,8.0,25.2,0,7.24,4.21,4.35,2.0
黄瓜,13,4,0,0,0.929,245.53,9.1,27.5,0,5.45,6.24,5.73,5.61
土豆,14,4,0,0,0.991,149.29,4.0,28.8,0,10.71,2.81,12.09,8.53
芒果,14,4,0,0,0.688,284.85,12.75,29.0,0,1.61,0.59,0.53,1.61
苹果,14,4,0,0,0.952,249.37,8.4,24.7,0,4.16,1.04,2.72,1.07
草莓,14,4,0,0,0.536,292.32,24.0,26.2,0,0.18,0.46,0.18,0.29
葡萄,14,4,0,0,0.753,282.33,14.0,25.1,0,1.03,0.93,0.72,0.38
西瓜,14,4,0,0,0.95,183.03,6.0,30.2,0,17.31,14.92,20.76,1.8
西红柿,14,4,0,0,0.899,243.68,10.35,25.6,0,8.89,3.72,7.54,2.55
香蕉,14,4,0,0,0.826,250.72,9.2,28.7,0,3.98,2.05,0.9,3.21
黄瓜,14,4,0,0,0.917,239.92,5.95,27.2,0,2.74,4.23,8.44,3.1
土豆,15,4,0,0,0.989,140.76,4.0,29.2,0,10.23,4.55,7.8,14.78
芒果,15,4,0,0,0.633,283.24,10.5,28.1,0,1.52,0.85,0.84,5.23
苹果,15,4,0,0,0.947,248.3,15.6,22.3,0,5.4,0.96,3.32,8.85
草莓,15,4,0,0,0.444,292.03,24.0,30.3,0,0.46,0.33,0.64,0.51
葡萄,15,4,0,0,0.71,281.95,23.0,29.0,0,1.46,0.46,1.03,3.91
西瓜,15,4,0,0,0.943,181.23,6.9,25.8,1,15.8,13.84,25.99,12.65
西红柿,15,4,0,0,0.882,241.13,9.0,29.5,0,2.04,3.88,6.03,11.8
香蕉,15,4,0,0,0.8,247.51,8.0,26.3,0,2.0,1.47,1.04,3.73
黄瓜,15,4,0,0,0.907,236.82,7.0,24.1,0,5.61,2.52,5.7,13.53
土豆,16,4,0,0,0.988,125.98,4.6,27.2,0,8.53,32.22,28.21,36.13
芒果,16,4,0,0,0.584,278.01,9.0,26.5,0,1.61,3.25,1.78,5.7
苹果,16,4,0,0,0.94,239.45,10.2,24.8,0,1.07,1.41,2.82,13.79
草莓,16,4,0,0,0.353,291.52,24.0,30.1,0,0.29,0.7,1.31,0.32
葡萄,16,4,0,0,0.659,278.04,14.0,32.6,0,0.38,0.86,0.91,2.76
西瓜,16,4,0,0,0.935,168.58,7.8,28.5,0,1.8,13.29,38.72,26.29
西红柿,16,4,0,0,0.866,229.33,9.0,28.2,0,2.55,7.35,7.35,13.42
香蕉,16,4,0,0,0.77,243.78,9.2,27.6,0,3.21,7.74,3.17,3.22
黄瓜,16,4,0,0,0.894,223.29,7.0,29.2,0,3.1,11.07,13.83,22.42
土豆,17,4,0,0,0.986,89.85,4.0,25.0,0,14.78,54.41,14.55,15.9
芒果,17,4,0,0,0.55,272.31,9.0,22.2,0,5.23,4.53,1.33,5.47
苹果,17,4,0,0,0.933,225.66,10.2,26.9,0,8.85,7.99,8.04,16.75
草莓,17,4,0,0,0.287,291.2,24.0,26.1,0,0.51,0.6,0.52,0.18
葡萄,17,4,0,0,0.614,275.28,20.0,29.8,0,3.91,2.43,1.32,5.01
西瓜,17,4,0,0,0.928,142.29,6.0,25.9,0,12.65,87.45,11.88,15.75
西红柿,17,4,0,0,0.851,215.91,9.0,26.1,0,11.8,9.29,7.96,12.56
香蕉,17,4,0,0,0.744,240.56,8.0,26.1,1,3.73,14.82,9.62,11.33
黄瓜,17,4,0,0,0.883,200.87,4.9,24.8,1,13.53,34.21,13.23,14.81
土豆,18,4,0,0,0.985,73.95,5.2,24.2,0,36.13,49.21,37.11,27.59
芒果,18,4,0,0,0.508,266.84,9.0,24.7,0,5.7,2.95,4.22,3.97
苹果,18,4,0,0,0.927,208.91,10.2,23.5,0,13.79,4.24,4.76,8.6
草莓,18,4,0,0,0.224,291.02,24.0,25.5,0,0.32,0.55,1.04,0.29
葡萄,18,4,0,0,0.582,270.27,12.0,24.8,0,2.76,2.96,2.57,3.64
西瓜,18,4,0,0,0.921,126.54,6.9,23.9,0,26.29,10.79,30.77,42.14
西红柿,18,4,0,0,0.84,203.35,9.0,21.3,0,13.42,14.14,22.54,11.86
香蕉,18,4,0,0,0.719,229.23,5.6,25.3,0,3.22,11.03,7.38,8.1
黄瓜,18,4,0,0,0.872,186.06,7.0,26.8,0,22.42,12.29,15.36,25.53
土豆,19,4,0,0,0.984,46.36,4.0,19.6,0,15.9,36.43,43.07,46.36
芒果,19,4,0,0,0.479,262.87,9.0,21.1,0,5.47,2.57,4.16,1.13
苹果,19,4,0,0,0.921,200.31,13.8,25.2,0,16.75,4.23,17.91,18.3
草莓,19,4,0,0,0.201,290.73,24.0,18.8,0,0.18,0.21,1.03,0.18
葡萄,19,4,0,0,0.551,266.63,12.0,24.6,0,5.01,1.74,3.7,2.08
西瓜,19,4,0,0,0.915,84.4,5.1,23.7,0,15.75,9.26,20.28,38.49
西红柿,19,4,0,0,0.827,191.49,9.0,24.0,0,12.56,10.84,6.51,11.91
香蕉,19,4,0,0,0.702,221.13,8.0,21.1,0,11.33,8.49,8.8,12.24
黄瓜,19,4,0,0,0.862,160.53,4.9,24.2,0,14.81,16.12,13.26,12.27
土豆,20,4,0,0,0.983,0.0,2.4,20.0,0,27.59,1.77,6.38,0.0
芒果,20,4,0,0,0.457,261.74,9.0,19.0,1,3.97,2.23,2.48,0.69
苹果,20,4,0,0,0.916,182.01,7.2,20.3,0,8.6,13.95,15.23,2.08
草莓,20,4,0,0,0.179,290.55,24.0,18.7,0,0.29,0.18,0.54,0.18
葡萄,20,4,0,0,0.534,264.55,12.0,18.7,0,3.64,2.75,3.16,0.89
西瓜,20,4,0,0,0.909,45.91,3.6,22.6,0,42.14,29.11,6.94,14.19
西红柿,20,4,0,0,0.817,179.58,5.4,20.0,0,11.86,14.31,16.58,5.43
香蕉,20,4,0,0,0.684,208.89,4.8,21.7,0,8.1,7.71,11.49,0.97
黄瓜,20,4,0,0,0.853,148.26,4.2,21.1,1,25.53,20.99,17.31,7.84
土豆,21,4,0,0,0.982,0.0,2.4,16.8,0,46.36,0.0,0.0,0.0
芒果,21,4,0,0,0.441,261.05,9.0,17.6,0,1.13,0.72,0.53,0.0
苹果,21,4,0,0,0.91,179.93,7.2,22.1,1,18.3,6.05,2.57,0.0
草莓,21,4,0,0,0.156,290.37,24.0,18.7,0,0.18,0.18,0.18,0.08
葡萄,21,4,0,0,0.508,263.66,12.0,22.4,0,2.08,1.02,0.79,0.0
西瓜,21,4,0,0,0.903,31.72,3.6,22.9,0,38.49,0.0,11.68,0.0
西红柿,21,4,0,0,0.806,174.15,5.4,21.9,0,11.91,4.03,5.79,0.0
香蕉,21,4,0,0,0.673,207.92,4.8,17.5,1,12.24,1.19,3.71,0.0
黄瓜,21,4,0,0,0.846,140.42,4.2,17.9,0,12.27,6.02,7.64,0.0
土豆,22,4,0,0,0.982,0.0,2.4,18.5,0,0.0,0.0,0.0,0.0
芒果,22,4,0,0,0.418,261.05,9.0,19.6,0,0.69,0.0,0.0,0.0
苹果,22,4,0,0,0.906,179.93,7.2,15.7,0,2.08,0.0,0.0,0.0
草莓,22,4,0,0,0.15,290.29,24.0,14.9,0,0.18,0.0,0.0,0.0
葡萄,22,4,0,0,0.498,263.66,12.0,16.2,0,0.89,0.06,0.0,0.0
西瓜,22,4,0,0,0.899,31.72,3.6,16.1,0,14.19,0.0,0.0,0.0
西红柿,22,4,0,0,0.799,174.15,5.4,15.8,0,5.43,0.0,0.0,0.0
香蕉,22,4,0,0,0.67,207.92,4.8,13.1,1,0.97,0.13,0.0,0.0
黄瓜,22,4,0,0,0.842,140.42,4.2,13.0,0,7.84,0.0,0.21,0.14
土豆,23,4,0,0,0.981,0.0,2.4,14.6,0,0.0,0.0,0.0,0.0
芒果,23,4,0,0,0.413,261.05,9.0,12.7,0,0.0,0.0,0.03,0.0
苹果,23,4,0,0,0.902,179.93,7.2,16.6,0,0.0,0.03,0.0,0.0
草莓,23,4,0,0,0.144,290.29,24.0,16.0,0,0.08,0.0,0.0,0.0
葡萄,23,4,0,0,0.489,263.66,12.0,15.3,0,0.0,0.0,0.0,0.0
西瓜,23,4,0,0,0.896,31.72,3.6,14.5,0,0.0,0.0,0.0,0.0
西红柿,23,4,0,0,0.791,174.15,5.4,17.0,0,0.0,0.0,0.0,0.0
香蕉,23,4,0,0,0.659,207.92,4.8,18.0,1,0.0,0.0,0.0,0.0
黄瓜,23,4,0,0,0.836,140.28,4.2,15.5,0,0.0,0.0,0.0,0.0
土豆,0,5,1,0,0.98,0.0,4.0,11.3,0,0.0,0.0,0.0,0.0
芒果,0,5,1,0,0.405,261.05,9.0,15.5,0,0.0,0.0,0.0,0.0
苹果,0,5,1,0,0.9,179.93,12.0,11.7,0,0.0,0.0,0.0,0.0
草莓,0,5,1,0,0.138,290.29,24.0,11.5,0,0.0,0.0,0.0,0.18
葡萄,0,5,1,0,0.485,263.66,12.0,11.7,0,0.0,0.0,0.13,0.0
西瓜,0,5,1,0,0.894,31.72,7.8,13.4,0,0.0,0.0,0.0,0.0
西红柿,0,5,1,0,0.785,174.15,9.0,15.0,0,0.0,0.11,0.0,0.0
香蕉,0,5,1,0,0.653,207.92,8.0,15.2,0,0.0,0.0,0.0,0.0
黄瓜,0,5,1,0,0.832,140.28,5.95,12.9,0,0.14,0.0,0.0,0.0
土豆,1,5,1,0,0.98,0.0,4.0,9.0,0,0.0,0.0,0.0,0.0
芒果,1,5,1,0,0.4,261.05,9.0,11.4,0,0.0,0.0,0.1,0.0
苹果,1,5,1,0,0.898,179.93,12.0,9.8,0,0.0,0.0,0.0,0.0
草莓,1,5,1,0,0.132,290.11,24.0,12.2,0,0.0,0.0,0.0,0.11
葡萄,1,5,1,0,0.481,263.66,12.0,11.3,0,0.0,0.0,0.0,0.0
西瓜,1,5,1,0,0.892,31.72,4.2,11.0,0,0.0,0.0,0.0,0.0
西红柿,1,5,1,0,0.781,174.15,6.3,12.3,0,0.0,0.0,0.0,0.0
香蕉,1,5,1,0,0.65,207.92,5.6,10.2,0,0.0,0.0,0.0,0.0
黄瓜,1,5,1,0,0.826,140.28,7.0,15.5,0,0.0,0.0,0.0,0.0
土豆,2,5,1,0,0.979,0.0,3.4,12.0,0,0.0,0.0,0.0,0.0
芒果,2,5,1,0,0.395,261.05,9.0,12.7,0,0.0,0.01,0.0,0.0
苹果,2,5,1,0,0.895,179.93,13.8,12.1,0,0.0,0.0,0.0,0.05
草莓,2,5,1,0,0.126,290.0,24.0,11.9,0,0.18,0.0,0.0,0.0
葡萄,2,5,1,0,0.477,263.66,12.0,13.2,0,0.0,0.0,0.0,0.0
西瓜,2,5,1,0,0.89,31.72,6.0,12.1,0,0.0,0.0,0.04,0.0
西红柿,2,5,1,0,0.777,174.15,10.35,11.9,0,0.0,0.0,0.1,0.0
香蕉,2,5,1,0,0.647,207.92,8.0,13.0,0,0.0,0.0,0.0,0.0
黄瓜,2,5,1,0,0.823,140.28,9.1,11.2,0,0.0,0.0,0.0,0.0
土豆,3,5,1,0,0.979,0.0,4.0,9.8,0,0.0,0.0,0.0,0.0
芒果,3,5,1,0,0.39,261.05,9.0,10.7,0,0.0,0.0,0.0,0.0
苹果,3,5,1,0,0.893,179.88,10.2,10.6,0,0.0,0.0,0.0,0.01
草莓,3,5,1,0,0.12,290.0,24.0,14.2,1,0.11,0.0,0.0,0.0
葡萄,3,5,1,0,0.473,263.66,12.0,10.1,0,0.0,0.09,0.0,0.0
西瓜,3,5,1,0,0.887,31.72,6.0,14.0,0,0.0,0.0,0.0,0.0
西红柿,3,5,1,0,0.773,174.15,7.65,12.2,0,0.0,0.0,0.0,0.0
香蕉,3,5,1,0,0.644,207.92,5.6,12.6,0,0.0,0.0,0.0,0.0
黄瓜,3,5,1,0,0.82,140.28,7.0,9.9,0,0.0,0.0,0.0,0.0
土豆,4,5,1,0,0.978,0.0,3.4,13.7,0,0.0,0.0,0.0,0.0
芒果,4,5,1,0,0.365,261.05,9.0,20.0,0,0.0,0.0,0.0,0.0
苹果,4,5,1,0,0.89,179.87,10.2,12.0,0,0.05,0.0,0.0,0.0
草莓,4,5,1,0,0.114,290.0,24.0,14.1,0,0.0,0.0,0.0,0.0
葡萄,4,5,1,0,0.469,263.66,12.0,11.4,0,0.0,0.0,0.0,0.0
西瓜,4,5,1,0,0.885,31.72,7.8,12.0,0,0.0,0.0,0.0,0.0
西红柿,4,5,1,0,0.768,174.15,10.35,13.2,0,0.0,0.09,0.0,0.0
香蕉,4,5,1,0,0.64,207.92,8.0,14.3,1,0.0,0.01,0.0,0.0
黄瓜,4,5,1,0,0.814,140.28,7.0,15.2,1,0.0,0.0,0.0,0.0
土豆,5,5,1,0,0.978,0.0,5.2,9.5,0,0.0,0.0,0.0,15.0
芒果,5,5,1,0,0.35,261.05,9.0,17.2,0,0.0,0.0,0.0,1.42
苹果,5,5,1,0,0.886,179.87,10.2,16.7,0,0.01,0.0,0.0,4.37
草莓,5,5,1,0,0.107,290.0,24.0,16.3,0,0.0,0.0,0.0,0.3
葡萄,5,5,1,0,0.465,263.66,12.0,12.9,0,0.0,0.0,0.0,4.41
西瓜,5,5,1,0,0.883,31.72,4.2,14.1,0,0.0,0.0,0.0,1.8
西红柿,5,5,1,0,0.763,174.15,9.0,13.1,0,0.0,0.0,0.0,2.92
香蕉,5,5,1,0,0.633,207.92,9.2,15.8,0,0.0,0.0,0.0,2.61
黄瓜,5,5,1,0,0.808,140.28,7.0,17.1,0,0.0,0.0,0.0,1.47
土豆,6,5,1,0,1.0,285.0,4.0,18.5,0,0.0,13.12,14.71,21.34
芒果,6,5,1,0,1.0,298.58,10.5,19.1,1,0.0,1.46,1.19,6.11
苹果,6,5,1,0,1.0,295.63,12.0,15.1,0,0.0,2.71,4.08,12.26
草莓,6,5,1,0,1.0,299.7,40.0,14.8,1,0.0,0.49,1.79,3.8
葡萄,6,5,1,0,1.0,295.59,14.0,17.2,0,0.0,1.81,2.14,5.47
西瓜,6,5,1,0,1.0,298.2,6.9,14.8,0,0.0,1.8,2.19,43.58
西红柿,6,5,1,0,1.0,297.08,9.0,18.1,1,0.0,5.73,1.3,7.97
香蕉,6,5,1,0,1.0,297.39,10.4,14.8,0,0.0,1.55,8.65,13.19
黄瓜,6,5,1,0,1.0,298.53,9.1,15.6,1,0.0,6.68,6.95,7.4
土豆,7,5,1,0,0.999,263.66,4.0,12.5,1,15.0,24.44,51.41,12.41
芒果,7,5,1,0,0.983,292.47,15.0,17.9,0,1.42,1.81,13.75,10.09
苹果,7,5,1,0,0.995,283.37,12.0,20.7,0,4.37,7.43,3.4,16.15
草莓,7,5,1,0,0.968,295.9,28.0,20.3,0,0.3,3.26,2.81,0.31
葡萄,7,5,1,0,0.987,290.12,20.0,17.3,0,4.41,0.57,2.36,1.41
西瓜,7,5,1,0,0.994,254.62,4.2,22.3,0,1.8,15.05,3.63,4.86
西红柿,7,5,1,0,0.989,289.11,9.0,21.0,1,2.92,5.08,21.88,2.14
香蕉,7,5,1,0,0.995,284.2,9.2,14.9,0,2.61,3.21,22.93,12.24
黄瓜,7,5,1,0,0.992,291.13,9.1,19.7,0,1.47,22.91,9.17,9.5
土豆,8,5,1,0,0.998,251.25,4.6,19.4,1,21.34,23.98,34.19,9.42
芒果,8,5,1,0,0.95,282.38,10.5,22.0,0,6.11,1.91,9.2,7.58
苹果,8,5,1,0,0.99,267.22,10.2,20.0,0,12.26,9.23,10.01,8.57
草莓,8,5,1,0,0.938,295.59,52.0,20.0,1,3.8,0.75,0.78,3.17
葡萄,8,5,1,0,0.966,288.71,20.0,20.2,1,5.47,3.62,0.58,0.43
西瓜,8,5,1,0,0.991,249.76,6.0,15.8,0,43.58,21.0,5.74,18.48
西红柿,8,5,1,0,0.978,286.97,11.7,21.2,1,7.97,10.25,5.4,10.0
香蕉,8,5,1,0,0.973,271.96,8.0,23.5,0,13.19,15.24,4.81,3.22
黄瓜,8,5,1,0,0.984,281.63,7.0,21.0,1,7.4,4.61,12.41,9.36
土豆,9,5,1,0,0.997,241.83,4.6,27.3,1,12.41,7.64,27.88,11.33
芒果,9,5,1,0,0.927,274.8,12.75,19.5,0,10.09,2.6,1.47,1.61
苹果,9,5,1,0,0.984,258.65,10.2,23.9,0,16.15,4.57,8.32,5.9
草莓,9,5,1,0,0.912,292.42,28.0,19.3,0,0.31,0.32,3.22,0.84
葡萄,9,5,1,0,0.933,288.28,26.0,25.2,1,1.41,2.52,1.89,2.62
西瓜,9,5,1,0,0.984,231.28,6.0,23.6,0,4.86,4.7,16.42,15.92
西红柿,9,5,1,0,0.967,276.97,9.0,21.8,0,2.14,6.43,8.53,8.53
香蕉,9,5,1,0,0.961,268.74,5.6,18.5,1,12.24,8.07,14.46,9.78
黄瓜,9,5,1,0,0.975,272.27,7.0,21.4,0,9.5,4.69,18.4,4.8
土豆,10,5,1,0,0.996,230.5,4.0,22.9,0,9.42,11.21,8.92,22.84
芒果,10,5,1,0,0.878,273.19,17.25,26.4,0,7.58,1.62,0.53,3.97
苹果,10,5,1,0,0.977,252.75,10.2,25.0,0,8.57,1.32,3.97,2.27
草莓,10,5,1,0,0.849,291.58,34.0,25.6,0,3.17,0.37,1.82,1.11
葡萄,10,5,1,0,0.897,285.66,17.0,26.4,0,0.43,2.34,2.52,4.52
西瓜,10,5,1,0,0.978,215.36,4.2,23.8,0,18.48,10.98,3.23,34.28
西红柿,10,5,1,0,0.953,268.44,6.3,25.2,0,10.0,3.4,5.3,17.25
香蕉,10,5,1,0,0.933,258.96,5.6,27.0,0,3.22,6.39,2.86,9.23
黄瓜,10,5,1,0,0.965,267.47,8.05,22.8,0,9.36,4.25,5.71,14.03
土豆,11,5,1,0,0.995,207.66,4.0,24.9,0,11.33,30.31,29.18,39.16
芒果,11,5,1,0,0.829,269.22,15.0,26.4,0,1.61,1.72,4.12,3.63
苹果,11,5,1,0,0.971,250.48,15.6,24.7,0,5.9,8.91,7.98,12.4
草莓,11,5,1,0,0.799,290.47,40.0,23.3,0,0.84,0.83,1.63,1.19
葡萄,11,5,1,0,0.865,281.14,17.0,25.0,0,2.62,3.27,5.56,4.56
西瓜,11,5,1,0,0.97,181.08,6.0,28.2,0,15.92,6.43,22.45,38.75
西红柿,11,5,1,0,0.94,251.19,7.65,24.7,0,8.53,7.03,21.93,7.3
香蕉,11,5,1,0,0.903,249.73,8.0,28.0,0,9.78,1.6,12.26,2.92
黄瓜,11,5,1,0,0.953,253.44,7.0,29.0,0,4.8,3.14,6.53,5.92
土豆,12,5,1,0,0.993,168.5,3.4,28.7,0,22.84,19.07,38.41,9.15
芒果,12,5,1,0,0.769,265.59,15.0,29.5,0,3.97,0.9,1.13,2.84
苹果,12,5,1,0,0.963,238.08,10.2,29.4,0,2.27,6.9,5.89,3.94
草莓,12,5,1,0,0.733,289.28,34.0,26.0,0,1.11,1.02,2.17,0.65
葡萄,12,5,1,0,0.831,276.58,17.0,25.4,0,4.52,1.05,1.29,1.79
西瓜,12,5,1,0,0.962,142.33,6.0,27.8,0,34.28,23.9,39.22,25.08
西红柿,12,5,1,0,0.924,243.89,10.35,28.1,0,17.25,7.47,12.92,5.84
香蕉,12,5,1,0,0.873,246.81,10.4,27.6,0,9.23,7.24,2.17,5.28
黄瓜,12,5,1,0,0.942,247.52,9.1,25.5,0,14.03,5.45,4.36,11.22
土豆,13,5,1,0,0.992,159.35,4.0,26.4,1,39.16,10.71,37.52,20.56
芒果,13,5,1,0,0.723,262.75,15.0,25.4,0,3.63,1.61,2.85,1.36
苹果,13,5,1,0,0.956,234.14,12.0,25.5,0,12.4,4.16,7.68,4.05
草莓,13,5,1,0,0.644,288.63,40.0,29.9,0,1.19,0.18,0.95,0.85
葡萄,13,5,1,0,0.791,274.79,23.0,28.1,0,4.56,1.03,0.41,0.38
西瓜,13,5,1,0,0.954,117.25,6.0,28.4,0,38.75,17.31,2.97,21.44
西红柿,13,5,1,0,0.907,238.05,10.35,28.6,0,7.3,8.89,14.74,3.01
香蕉,13,5,1,0,0.844,241.53,8.0,27.8,0,2.92,3.98,7.16,5.53
黄瓜,13,5,1,0,0.929,236.3,7.0,28.7,0,5.92,2.74,12.46,2.21
土豆,14,5,1,0,0.99,138.79,2.8,29.8,0,9.15,10.23,14.8,9.64
芒果,14,5,1,0,0.658,261.39,15.0,30.8,0,2.84,1.52,2.29,0.58
苹果,14,5,1,0,0.949,230.09,12.0,27.7,0,3.94,5.4,0.75,2.88
草莓,14,5,1,0,0.55,287.78,24.0,30.6,0,0.65,0.46,0.51,0.42
葡萄,14,5,1,0,0.755,274.41,26.0,26.4,1,1.79,1.46,1.33,1.13
西瓜,14,5,1,0,0.946,95.81,6.0,27.2,0,25.08,15.8,20.84,5.51
西红柿,14,5,1,0,0.888,235.04,9.0,31.5,1,5.84,2.04,3.76,8.44
香蕉,14,5,1,0,0.805,236.0,6.8,32.7,0,5.28,2.0,3.3,3.01
黄瓜,14,5,1,0,0.915,234.09,8.05,31.7,1,11.22,5.61,5.74,2.52
土豆,15,5,1,0,0.989,129.15,4.0,25.5,0,20.56,8.53,14.08,40.08
芒果,15,5,1,0,0.598,260.81,9.0,29.3,1,1.36,1.61,2.02,1.31
苹果,15,5,1,0,0.942,227.21,13.8,26.6,0,4.05,1.07,4.33,7.65
草莓,15,5,1,0,0.479,287.36,24.0,26.8,0,0.85,0.29,0.46,1.12
葡萄,15,5,1,0,0.72,273.28,20.0,25.8,0,0.38,0.38,2.09,1.08
西瓜,15,5,1,0,0.938,90.3,6.0,26.9,1,21.44,1.8,8.68,69.03
西红柿,15,5,1,0,0.873,226.6,6.3,26.8,0,3.01,2.55,4.88,10.36
香蕉,15,5,1,0,0.773,232.99,8.0,29.1,0,5.53,3.21,1.48,13.1
黄瓜,15,5,1,0,0.903,231.57,9.1,27.7,0,2.21,3.1,3.74,28.27
土豆,16,5,1,0,0.988,89.07,3.4,27.6,0,9.64,14.78,16.24,20.94
芒果,16,5,1,0,0.541,259.5,9.0,28.6,1,0.58,5.23,5.83,1.27
苹果,16,5,1,0,0.935,219.56,12.0,25.1,0,2.88,8.85,10.04,7.2
草莓,16,5,1,0,0.398,286.24,24.0,28.5,0,0.42,0.51,1.41,0.93
葡萄,16,5,1,0,0.673,272.2,26.0,31.1,0,1.13,3.91,2.57,1.68
西瓜,16,5,1,0,0.931,21.27,6.0,27.3,0,5.51,12.65,24.01,21.27
西红柿,16,5,1,0,0.857,216.24,10.35,28.5,0,8.44,11.8,26.33,28.09
香蕉,16,5,1,0,0.743,219.89,6.8,28.1,0,3.01,3.73,5.69,15.61
黄瓜,16,5,1,0,0.889,203.3,5.95,32.4,0,2.52,13.53,17.31,19.75
土豆,17,5,1,0,0.987,68.13,5.2,21.6,0,40.08,36.13,12.66,57.12
芒果,17,5,1,0,0.495,258.23,9.0,25.5,1,1.31,5.7,2.58,5.25
苹果,17,5,1,0,0.929,212.36,15.6,25.8,0,7.65,13.79,15.46,18.43
草莓,17,5,1,0,0.337,285.31,24.0,25.2,0,1.12,0.32,1.44,0.68
葡萄,17,5,1,0,0.646,270.52,17.0,22.7,1,1.08,2.76,9.44,1.1
西瓜,17,5,1,0,0.923,0.0,4.2,28.0,0,69.03,26.29,28.49,0.0
西红柿,17,5,1,0,0.842,188.15,6.3,26.2,0,10.36,13.42,32.11,26.65
香蕉,17,5,1,0,0.715,204.28,6.8,26.9,0,13.1,3.22,10.11,2.96
黄瓜,17,5,1,0,0.879,183.55,7.0,24.5,0,28.27,22.42,27.29,15.48
土豆,18,5,1,0,0.985,11.01,2.8,26.3,1,20.94,15.9,0.0,11.01
芒果,18,5,1,0,0.461,252.98,9.0,22.3,0,1.27,5.47,6.05,3.52
苹果,18,5,1,0,0.923,193.93,12.0,22.8,0,7.2,16.75,24.52,20.12
草莓,18,5,1,0,0.29,284.63,24.0,22.8,0,0.93,0.18,1.11,0.61
葡萄,18,5,1,0,0.613,269.42,26.0,25.2,0,1.68,5.01,3.03,4.21
西瓜,18,5,1,0,0.916,0.0,7.8,26.0,1,21.27,15.75,44.74,0.0
西红柿,18,5,1,0,0.827,161.5,7.65,26.6,0,28.09,12.56,32.15,19.28
香蕉,18,5,1,0,0.693,201.32,8.0,23.4,1,15.61,11.33,19.02,2.69
黄瓜,18,5,1,0,0.868,168.07,5.95,24.4,1,19.75,14.81,21.48,11.26
土豆,19,5,1,0,0.984,0.0,5.2,20.8,0,57.12,27.59,0.0,0.0
芒果,19,5,1,0,0.42,249.46,9.0,24.5,0,5.25,3.97,7.07,2.48
苹果,19,5,1,0,0.917,173.81,12.0,24.0,0,18.43,8.6,20.55,14.52
草莓,19,5,1,0,0.248,284.02,24.0,22.0,0,0.68,0.29,1.12,0.44
葡萄,19,5,1,0,0.591,265.21,12.0,20.8,0,1.1,3.64,0.67,4.08
西瓜,19,5,1,0,0.91,0.0,7.8,22.0,0,0.0,42.14,5.16,0.0
西红柿,19,5,1,0,0.815,142.22,9.0,22.6,0,26.65,11.86,32.57,22.34
香蕉,19,5,1,0,0.66,198.63,8.0,29.8,1,2.96,8.1,8.69,10.83
黄瓜,19,5,1,0,0.858,156.81,7.0,25.2,1,15.48,25.53,41.63,13.75
土豆,20,5,1,0,0.983,0.0,2.4,21.5,0,11.01,46.36,0.0,0.0
芒果,20,5,1,0,0.398,246.98,9.0,19.0,0,3.52,1.13,5.76,0.69
苹果,20,5,1,0,0.91,159.29,7.2,24.3,0,20.12,18.3,5.93,7.15
草莓,20,5,1,0,0.221,283.58,24.0,19.6,0,0.61,0.18,0.68,0.18
葡萄,20,5,1,0,0.576,261.13,12.0,17.8,0,4.21,2.08,5.13,1.62
西瓜,20,5,1,0,0.905,0.0,3.6,20.7,0,0.0,38.49,9.72,0.0
西红柿,20,5,1,0,0.803,119.88,5.4,22.8,0,19.28,11.91,27.9,5.46
香蕉,20,5,1,0,0.644,187.8,4.8,20.7,0,2.69,12.24,5.39,3.61
黄瓜,20,5,1,0,0.851,143.06,4.2,17.8,1,11.26,12.27,32.87,9.71
土豆,21,5,1,0,0.982,0.0,2.4,17.8,1,0.0,0.0,0.0,0.0
芒果,21,5,1,0,0.376,246.29,9.0,19.4,0,2.48,0.69,1.29,0.0
苹果,21,5,1,0,0.906,152.14,7.2,18.1,0,14.52,2.08,7.63,0.0
草莓,21,5,1,0,0.201,283.4,24.0,18.2,0,0.44,0.18,0.18,0.0
葡萄,21,5,1,0,0.562,259.51,12.0,17.9,0,4.08,0.89,1.51,0.0
西瓜,21,5,1,0,0.901,0.0,3.6,16.8,1,0.0,14.19,3.95,0.0
西红柿,21,5,1,0,0.793,114.42,5.4,21.0,0,22.34,5.43,9.55,0.0
香蕉,21,5,1,0,0.627,184.19,4.8,20.7,0,10.83,0.97,5.46,0.0
黄瓜,21,5,1,0,0.843,133.35,4.2,19.0,0,13.75,7.84,9.25,0.0
土豆,22,5,1,0,0.982,0.0,2.4,15.6,0,0.0,0.0,0.0,0.0
芒果,22,5,1,0,0.36,246.29,9.0,17.6,0,0.69,0.0,0.0,0.01
苹果,22,5,1,0,0.902,152.14,7.2,17.4,0,7.15,0.0,0.0,0.0
草莓,22,5,1,0,0.195,283.4,24.0,15.7,0,0.18,0.08,0.0,0.0
葡萄,22,5,1,0,0.553,259.51,12.0,15.4,0,1.62,0.0,0.0,0.0
西瓜,22,5,1,0,0.898,0.0,3.6,14.2,0,0.0,0.0,0.0,0.0
西红柿,22,5,1,0,0.784,114.42,5.4,18.0,0,5.46,0.0,0.0,0.0
香蕉,22,5,1,0,0.614,184.19,4.8,19.3,0,3.61,0.0,0.0,0.0
黄瓜,22,5,1,0,0.837,133.35,4.2,16.4,0,9.71,0.0,0.0,0.0
土豆,23,5,1,0,0.981,0.0,2.4,16.0,0,0.0,0.0,0.0,0.0
芒果,23,5,1,0,0.355,246.28,9.0,14.1,0,0.0,0.0,0.0,0.08
苹果,23,5,1,0,0.898,152.14,7.2,14.6,0,0.0,0.0,0.0,0.0
草莓,23,5,1,0,0.189,283.4,24.0,14.4,0,0.0,0.0,0.0,0.0
葡萄,23,5,1,0,0.541,259.51,12.0,17.0,1,0.0,0.0,0.0,0.0
西瓜,23,5,1,0,0.894,0.0,3.6,15.8,0,0.0,0.0,0.0,0.0
西红柿,23,5,1,0,0.777,114.42,5.4,16.2,0,0.0,0.0,0.0,0.0
香蕉,23,5,1,0,0.598,184.19,4.8,20.2,0,0.0,0.0,0.0,0.0
黄瓜,23,5,1,0,0.832,133.35,4.2,14.6,0,0.0,0.14,0.0,0.0
土豆,0,6,1,0,0.98,0.0,2.8,14.6,0,0.0,0.0,0.0,0.0
芒果,0,6,1,0,0.35,246.2,9.0,10.7,0,0.01,0.0,0.03,0.0
苹果,0,6,1,0,0.896,152.14,15.6,12.6,0,0.0,0.0,0.0,0.0
草莓,0,6,1,0,0.183,283.4,24.0,14.1,0,0.0,0.0,0.0,0.0
葡萄,0,6,1,0,0.535,259.51,12.0,14.3,0,0.0,0.0,0.0,0.0
西瓜,0,6,1,0,0.892,0.0,7.8,13.1,1,0.0,0.0,0.0,0.0
西红柿,0,6,1,0,0.771,114.42,9.0,14.3,0,0.0,0.0,0.0,0.0
香蕉,0,6,1,0,0.595,184.19,4.8,14.0,0,0.0,0.0,0.0,0.0
黄瓜,0,6,1,0,0.826,133.35,7.0,16.0,0,0.0,0.0,0.0,0.0
土豆,1,6,1,0,0.979,0.0,4.0,15.5,0,0.0,0.0,0.0,0.0
芒果,1,6,1,0,0.345,246.2,9.0,11.1,1,0.08,0.0,0.0,0.0
苹果,1,6,1,0,0.893,152.14,13.8,11.3,0,0.0,0.0,0.0,0.0
草莓,1,6,1,0,0.177,283.4,24.0,10.8,0,0.0,0.18,0.0,0.0
葡萄,1,6,1,0,0.531,259.51,12.0,11.4,0,0.0,0.0,0.0,0.0
西瓜,1,6,1,0,0.889,0.0,5.1,13.8,0,0.0,0.0,0.0,0.0
西红柿,1,6,1,0,0.765,114.42,10.35,14.8,0,0.0,0.0,0.0,0.0
香蕉,1,6,1,0,0.592,184.19,4.8,13.3,0,0.0,0.0,0.0,0.0
黄瓜,1,6,1,0,0.823,133.35,4.9,10.8,0,0.0,0.0,0.0,0.0
土豆,2,6,1,0,0.979,0.0,4.0,12.5,0,0.0,0.0,0.0,0.0
芒果,2,6,1,0,0.34,246.2,9.0,13.3,0,0.0,0.0,0.0,0.0
苹果,2,6,1,0,0.891,152.14,15.6,10.3,0,0.0,0.0,0.0,0.0
草莓,2,6,1,0,0.171,283.4,24.0,15.5,0,0.0,0.11,0.0,0.0
葡萄,2,6,1,0,0.527,259.51,12.0,10.6,1,0.0,0.0,0.0,0.0
西瓜,2,6,1,0,0.887,0.0,6.9,13.2,0,0.0,0.0,0.0,0.0
西红柿,2,6,1,0,0.758,114.42,9.0,16.1,0,0.0,0.0,0.0,0.0
香蕉,2,6,1,0,0.586,184.19,4.8,15.0,0,0.0,0.0,0.0,0.0
黄瓜,2,6,1,0,0.819,133.35,7.0,12.6,0,0.0,0.0,0.0,0.0
土豆,3,6,1,0,0.978,0.0,4.0,13.5,0,0.0,0.0,0.0,0.0
芒果,3,6,1,0,0.335,246.2,9.0,13.9,0,0.0,0.0,0.0,0.0
苹果,3,6,1,0,0.888,152.14,12.0,14.0,1,0.0,0.05,0.0,0.0
草莓,3,6,1,0,0.165,283.4,24.0,12.4,1,0.0,0.0,0.0,0.05
葡萄,3,6,1,0,0.523,259.51,12.0,10.0,0,0.0,0.0,0.0,0.0
西瓜,3,6,1,0,0.884,0.0,7.8,14.5,0,0.0,0.0,0.0,0.0
西红柿,3,6,1,0,0.754,114.42,11.7,12.0,0,0.0,0.0,0.0,0.0
香蕉,3,6,1,0,0.583,184.19,4.8,13.6,0,0.0,0.0,0.0,0.0
黄瓜,3,6,1,0,0.815,133.35,7.0,12.2,0,0.0,0.0,0.0,0.0
土豆,4,6,1,0,0.977,0.0,4.6,15.1,0,0.0,0.0,0.0,0.0
芒果,4,6,1,0,0.33,246.2,9.0,12.9,0,0.0,0.0,0.0,0.07
苹果,4,6,1,0,0.884,152.14,10.2,15.1,0,0.0,0.01,0.0,0.0
草莓,4,6,1,0,0.159,283.35,24.0,15.3,1,0.0,0.0,0.0,0.0
葡萄,4,6,1,0,0.519,259.51,12.0,12.6,0,0.0,0.0,0.0,0.0
西瓜,4,6,1,0,0.882,0.0,6.0,12.3,0,0.0,0.0,0.0,0.0
西红柿,4,6,1,0,0.75,114.42,11.7,11.9,0,0.0,0.0,0.0,0.0
香蕉,4,6,1,0,0.58,184.19,4.8,13.8,0,0.0,0.0,0.0,0.0
黄瓜,4,6,1,0,0.81,133.35,7.0,13.6,0,0.0,0.0,0.0,0.0
土豆,5,6,1,0,0.977,0.0,4.0,13.0,0,0.0,0.0,0.0,27.22
芒果,5,6,1,0,0.319,246.13,9.0,16.2,0,0.0,0.0,0.12,3.58
苹果,5,6,1,0,0.881,152.14,12.0,14.2,0,0.0,0.0,0.0,7.54
草莓,5,6,1,0,0.153,283.35,24.0,14.5,0,0.05,0.0,0.0,0.67
葡萄,5,6,1,0,0.508,259.51,12.0,16.6,0,0.0,0.0,0.0,2.57
西瓜,5,6,1,0,0.88,0.0,6.0,12.8,0,0.0,0.0,0.0,1.8
西红柿,5,6,1,0,0.746,114.42,11.7,12.0,0,0.0,0.0,0.0,8.63
香蕉,5,6,1,0,0.577,184.19,4.8,13.2,0,0.0,0.0,0.0,3.11
黄瓜,5,6,1,0,0.804,133.35,4.9,16.0,0,0.0,0.0,0.0,4.83
土豆,6,6,1,0,1.0,272.78,2.8,13.6,0,0.0,15.0,13.28,37.59
芒果,6,6,1,0,1.0,296.42,15.0,16.1,0,0.07,1.42,1.53,12.05
苹果,6,6,1,0,1.0,292.46,8.4,16.5,0,0.0,4.37,4.32,10.48
草莓,6,6,1,0,1.0,299.33,46.0,18.0,0,0.0,0.3,1.2,6.07
葡萄,6,6,1,0,1.0,297.43,20.0,15.9,0,0.0,4.41,0.38,5.34
西瓜,6,6,1,0,1.0,298.2,6.9,14.9,1,0.0,1.8,1.8,4.39
西红柿,6,6,1,0,1.0,291.37,7.65,17.4,0,0.0,2.92,7.16,8.54
香蕉,6,6,1,0,1.0,296.89,9.2,15.4,0,0.0,2.61,8.09,5.01
黄瓜,6,6,1,0,1.0,295.17,7.0,19.2,0,0.0,1.47,10.71,17.72
土豆,7,6,1,0,0.999,235.19,4.0,17.2,0,27.22,21.34,28.06,64.88
芒果,7,6,1,0,0.97,284.37,12.75,21.3,0,3.58,6.11,8.59,2.49
苹果,7,6,1,0,0.996,281.98,12.0,18.2,0,7.54,12.26,4.24,11.18
草莓,7,6,1,0,0.966,293.26,28.0,20.7,0,0.67,3.8,2.65,4.46
葡萄,7,6,1,0,0.99,292.09,20.0,16.2,0,2.57,5.47,5.33,6.29
西瓜,7,6,1,0,0.994,293.81,6.9,21.5,1,1.8,43.58,9.06,36.19
西红柿,7,6,1,0,0.992,282.83,9.0,17.2,1,8.63,7.97,11.69,15.2
香蕉,7,6,1,0,0.988,291.88,10.4,18.6,0,3.11,13.19,20.9,3.33
黄瓜,7,6,1,0,0.993,277.45,7.0,18.5,0,4.83,7.4,15.17,23.75
土豆,8,6,1,0,0.998,170.31,2.8,17.9,0,37.59,12.41,39.66,23.75
芒果,8,6,1,0,0.944,281.88,19.5,20.3,0,12.05,10.09,6.94,1.33
苹果,8,6,1,0,0.991,270.8,12.0,19.7,0,10.48,16.15,3.73,7.63
草莓,8,6,1,0,0.92,288.8,28.0,22.6,0,6.07,0.31,1.04,1.75
葡萄,8,6,1,0,0.96,285.8,20.0,23.9,0,5.34,1.41,7.48,2.75
西瓜,8,6,1,0,0.99,257.62,5.1,19.4,0,4.39,4.86,21.31,17.95
西红柿,8,6,1,0,0.982,267.63,9.0,19.9,0,8.54,2.14,27.61,7.21
香蕉,8,6,1,0,0.971,288.55,10.4,20.8,0,5.01,12.24,14.1,4.09
黄瓜,8,6,1,0,0.985,253.7,5.95,20.5,0,17.72,9.5,7.27,10.08
土豆,9,6,1,0,0.997,146.56,4.0,19.1,0,64.88,9.42,13.67,13.12
芒果,9,6,1,0,0.901,280.55,19.5,24.9,0,2.49,7.58,4.61,1.02
苹果,9,6,1,0,0.985,263.17,12.0,21.8,0,11.18,8.57,8.19,0.75
草莓,9,6,1,0,0.881,287.05,40.0,21.6,0,4.46,3.17,1.44,0.84
葡萄,9,6,1,0,0.933,283.05,20.0,22.9,0,6.29,0.43,2.77,3.26
西瓜,9,6,1,0,0.983,239.67,6.0,23.2,0,36.19,18.48,7.96,4.0
西红柿,9,6,1,0,0.971,260.42,9.0,21.1,0,15.2,10.0,11.92,4.4
香蕉,9,6,1,0,0.956,284.46,10.4,20.0,0,3.33,3.22,2.5,1.99
黄瓜,9,6,1,0,0.975,243.62,4.9,22.5,1,23.75,9.36,4.62,4.69
土豆,10,6,1,0,0.996,133.44,4.0,26.0,0,23.75,11.33,20.16,18.28
芒果,10,6,1,0,0.854,279.53,10.5,25.7,1,1.33,1.61,4.65,4.8
苹果,10,6,1,0,0.978,262.42,15.6,26.7,1,7.63,5.9,4.66,8.65
草莓,10,6,1,0,0.813,286.21,46.0,26.2,0,1.75,0.84,0.71,0.56
葡萄,10,6,1,0,0.904,279.79,14.0,23.5,0,2.75,2.62,1.31,1.83
西瓜,10,6,1,0,0.977,235.67,7.8,23.4,0,17.95,15.92,9.2,62.86
西红柿,10,6,1,0,0.96,256.02,9.0,21.8,0,7.21,8.53,6.7,5.35
香蕉,10,6,1,0,0.927,282.47,10.4,27.6,0,4.09,9.78,0.9,5.78
黄瓜,10,6,1,0,0.964,238.93,7.0,26.8,0,10.08,4.8,6.19,16.75
土豆,11,6,1,0,0.995,115.16,4.6,24.9,0,13.12,22.84,25.32,24.19
芒果,11,6,1,0,0.803,274.73,15.0,27.1,0,1.02,3.97,7.43,2.13
苹果,11,6,1,0,0.972,253.77,12.0,25.1,0,0.75,2.27,3.55,11.25
草莓,11,6,1,0,0.723,285.65,52.0,30.1,0,0.84,1.11,1.17,0.18
葡萄,11,6,1,0,0.866,277.96,26.0,27.1,0,3.26,4.52,3.06,2.76
西瓜,11,6,1,0,0.97,172.81,5.1,27.0,0,4.0,34.28,22.53,71.32
西红柿,11,6,1,0,0.943,250.67,9.0,28.8,1,4.4,17.25,5.89,17.73
香蕉,11,6,1,0,0.905,276.69,9.2,23.6,0,1.99,9.23,8.42,13.66
黄瓜,11,6,1,0,0.954,222.18,5.95,22.9,0,4.69,14.03,20.41,4.29
土豆,12,6,1,0,0.993,90.97,4.0,27.0,0,18.28,39.16,37.73,18.29
芒果,12,6,1,0,0.742,272.6,17.25,29.6,0,4.8,3.63,2.83,2.27
苹果,12,6,1,0,0.966,242.52,10.2,23.0,0,8.65,12.4,6.62,4.06
草莓,12,6,1,0,0.642,285.47,40.0,28.4,1,0.56,1.19,1.38,0.98
葡萄,12,6,1,0,0.817,275.2,20.0,31.6,0,1.83,4.56,5.17,1.33
西瓜,12,6,1,0,0.962,101.49,5.1,26.3,0,62.86,38.75,45.06,10.66
西红柿,12,6,1,0,0.93,232.94,6.3,24.1,0,5.35,7.3,19.41,3.12
香蕉,12,6,1,0,0.88,263.03,5.6,25.6,0,5.78,2.92,3.26,6.44
黄瓜,12,6,1,0,0.943,217.89,8.05,25.7,1,16.75,5.92,5.93,4.88
土豆,13,6,1,0,0.992,72.68,4.0,28.0,0,24.19,9.15,19.67,3.19
芒果,13,6,1,0,0.682,270.33,15.0,29.1,0,2.13,2.84,1.77,1.27
苹果,13,6,1,0,0.959,238.46,13.8,27.0,0,11.25,3.94,6.06,4.33
草莓,13,6,1,0,0.557,284.49,24.0,29.2,0,0.18,0.65,0.94,0.37
葡萄,13,6,1,0,0.782,273.87,23.0,26.1,0,2.76,1.79,2.28,0.96
西瓜,13,6,1,0,0.956,90.83,6.9,23.8,0,71.32,25.08,24.09,16.73
西红柿,13,6,1,0,0.914,229.82,10.35,28.8,1,17.73,5.84,15.97,4.74
香蕉,13,6,1,0,0.851,256.59,8.0,27.1,0,13.66,5.28,6.44,0.93
黄瓜,13,6,1,0,0.931,213.01,9.1,28.1,0,4.29,11.22,4.16,5.88
土豆,14,6,1,0,0.99,69.49,5.2,30.0,1,18.29,20.56,20.72,6.52
芒果,14,6,1,0,0.631,269.06,12.75,27.0,0,2.27,1.36,1.73,2.14
苹果,14,6,1,0,0.952,234.13,12.0,25.7,0,4.06,4.05,4.32,4.68
草莓,14,6,1,0,0.467,284.12,24.0,30.0,0,0.98,0.85,0.38,0.31
葡萄,14,6,1,0,0.74,272.91,20.0,28.9,0,1.33,0.38,1.15,0.65
西瓜,14,6,1,0,0.948,74.1,6.0,27.6,0,10.66,21.44,21.43,4.85
西红柿,14,6,1,0,0.899,225.08,7.65,26.8,0,3.12,3.01,5.44,3.64
香蕉,14,6,1,0,0.816,255.66,8.0,30.6,1,6.44,5.53,3.63,0.97
黄瓜,14,6,1,0,0.919,207.13,7.0,28.1,0,4.88,2.21,10.01,7.65
土豆,15,6,1,0,0.989,62.97,4.0,31.4,1,3.19,9.64,8.44,52.94
芒果,15,6,1,0,0.563,266.92,9.0,31.5,0,1.27,0.58,1.45,6.53
苹果,15,6,1,0,0.944,229.45,12.0,28.2,0,4.33,2.88,2.1,11.82
草莓,15,6,1,0,0.373,283.81,24.0,30.7,0,0.37,0.42,0.78,0.52
葡萄,15,6,1,0,0.706,272.26,23.0,25.6,0,0.96,1.13,2.24,2.82
西瓜,15,6,1,0,0.94,69.25,6.0,27.2,1,16.73,5.51,15.87,24.04
西红柿,15,6,1,0,0.88,221.44,10.35,31.1,0,4.74,8.44,5.14,6.63
香蕉,15,6,1,0,0.783,254.69,10.4,29.6,0,0.93,3.01,6.17,3.98
黄瓜,15,6,1,0,0.906,199.48,5.95,29.0,0,5.88,2.52,6.2,25.28
土豆,16,6,1,0,0.988,10.03,3.4,28.4,0,6.52,40.08,38.81,10.03
芒果,16,6,1,0,0.511,260.39,9.0,27.1,0,2.14,1.31,6.09,5.12
苹果,16,6,1,0,0.937,217.63,12.0,28.0,0,4.68,7.65,6.33,13.52
草莓,16,6,1,0,0.308,283.29,24.0,25.9,0,0.31,1.12,1.38,0.63
葡萄,16,6,1,0,0.66,269.44,20.0,30.0,0,0.65,1.08,1.4,2.2
西瓜,16,6,1,0,0.931,45.21,7.8,30.0,0,4.85,69.03,55.86,44.26
西红柿,16,6,1,0,0.864,214.81,9.0,28.5,1,3.64,10.36,21.06,19.12
香蕉,16,6,1,0,0.755,250.71,5.6,27.0,1,0.97,13.1,2.41,12.99
黄瓜,16,6,1,0,0.894,174.2,5.95,28.0,0,7.65,28.27,11.59,7.64
土豆,17,6,1,0,0.986,0.0,3.4,27.1,1,52.94,20.94,34.48,0.0
芒果,17,6,1,0,0.468,255.27,9.0,24.8,0,6.53,1.27,8.09,5.6
苹果,17,6,1,0,0.93,204.11,12.0,26.0,0,11.82,7.2,15.14,23.94
草莓,17,6,1,0,0.24,282.66,24.0,26.2,0,0.52,0.93,1.67,0.47
葡萄,17,6,1,0,0.621,267.24,23.0,27.8,0,2.82,1.68,3.58,7.86
西瓜,17,6,1,0,0.924,0.95,6.0,26.5,0,24.04,21.27,10.67,0.95
西红柿,17,6,1,0,0.85,195.69,9.0,25.1,0,6.63,28.09,19.73,17.26
香蕉,17,6,1,0,0.723,237.72,8.0,29.1,0,3.98,15.61,7.37,8.92
黄瓜,17,6,1,0,0.882,166.56,9.1,28.0,0,25.28,19.75,12.88,13.33
土豆,18,6,1,0,0.985,0.0,3.4,24.1,0,10.03,57.12,0.0,0.0
芒果,18,6,1,0,0.428,249.67,9.0,24.1,0,5.12,5.25,6.23,3.66
苹果,18,6,1,0,0.924,180.17,8.4,25.2,0,13.52,18.43,17.15,14.53
草莓,18,6,1,0,0.195,282.19,24.0,22.5,0,0.63,0.68,0.37,0.2
葡萄,18,6,1,0,0.596,259.38,12.0,21.9,0,2.2,1.1,0.51,6.29
西瓜,18,6,1,0,0.917,0.0,6.0,24.4,0,44.26,0.0,55.16,0.0
西红柿,18,6,1,0,0.837,178.43,9.0,23.5,0,19.12,26.65,19.38,9.62
香蕉,18,6,1,0,0.702,228.8,8.0,23.3,0,12.99,2.96,10.0,13.62
黄瓜,18,6,1,0,0.872,153.23,8.05,22.8,0,7.64,15.48,37.41,24.86
土豆,19,6,1,0,0.984,0.0,5.2,20.0,0,0.0,11.01,0.0,0.0
芒果,19,6,1,0,0.394,246.01,9.0,22.3,0,5.6,3.52,5.62,2.67
苹果,19,6,1,0,0.918,165.64,12.0,22.1,0,23.94,20.12,2.64,25.98
草莓,19,6,1,0,0.135,281.99,24.0,25.1,0,0.47,0.61,1.06,0.18
葡萄,19,6,1,0,0.573,253.09,12.0,21.2,0,7.86,4.21,4.9,3.35
西瓜,19,6,1,0,0.91,0.0,6.0,26.4,0,0.95,0.0,0.0,0.0
西红柿,19,6,1,0,0.829,168.81,10.35,18.1,0,17.26,19.28,15.21,23.68
香蕉,19,6,1,0,0.687,215.18,6.8,19.9,0,8.92,2.69,28.85,14.75
黄瓜,19,6,1,0,0.863,128.37,7.0,22.7,0,13.33,11.26,19.5,13.87
土豆,20,6,1,0,0.983,0.0,2.4,18.9,0,0.0,0.0,0.0,0.0
芒果,20,6,1,0,0.367,243.34,9.0,20.6,0,3.66,2.48,4.18,0.82
苹果,20,6,1,0,0.912,139.66,7.2,24.9,0,14.53,14.52,24.01,6.57
草莓,20,6,1,0,0.101,281.81,24.0,20.6,0,0.2,0.44,0.66,0.18
葡萄,20,6,1,0,0.545,249.74,12.0,23.1,0,6.29,4.08,1.17,1.28
西瓜,20,6,1,0,0.903,0.0,3.6,24.1,0,0.0,0.0,0.0,0.0
西红柿,20,6,1,0,0.82,145.13,5.4,18.1,0,9.62,22.34,25.89,10.23
香蕉,20,6,1,0,0.668,200.43,4.8,22.5,0,13.62,10.83,18.03,3.87
黄瓜,20,6,1,0,0.856,114.5,4.2,18.6,1,24.86,13.75,19.74,8.85
土豆,21,6,1,0,0.982,0.0,2.4,20.4,0,0.0,0.0,0.0,0.0
芒果,21,6,1,0,0.36,242.52,9.0,15.3,0,2.67,0.69,0.99,0.0
苹果,21,6,1,0,0.907,133.09,7.2,18.2,0,25.98,7.15,8.12,0.0
草莓,21,6,1,0,0.1,281.63,24.0,18.9,0,0.18,0.18,0.42,0.0
葡萄,21,6,1,0,0.528,248.46,12.0,19.1,0,3.35,1.62,1.4,0.0
西瓜,21,6,1,0,0.899,0.0,3.6,19.8,0,0.0,0.0,0.0,0.0
西红柿,21,6,1,0,0.817,134.9,5.4,11.4,0,23.68,5.46,7.26,0.0
香蕉,21,6,1,0,0.65,196.56,4.8,21.3,0,14.75,3.61,4.99,0.0
黄瓜,21,6,1,0,0.848,105.65,4.2,19.4,0,13.87,9.71,10.43,0.0
土豆,22,6,1,0,0.981,0.0,2.4,14.2,0,0.0,0.0,0.0,0.0
芒果,22,6,1,0,0.35,242.52,9.0,15.9,0,0.82,0.0,0.0,0.0
苹果,22,6,1,0,0.903,133.09,7.2,17.4,0,6.57,0.0,0.0,0.0
草莓,22,6,1,0,0.1,281.63,24.0,16.5,0,0.18,0.0,0.0,0.0
葡萄,22,6,1,0,0.511,248.46,12.0,18.5,0,1.28,0.0,0.0,0.0
西瓜,22,6,1,0,0.896,0.0,3.6,13.5,0,0.0,0.0,0.0,0.0
西红柿,22,6,1,0,0.81,134.9,5.4,15.4,1,10.23,0.0,0.0,0.0
香蕉,22,6,1,0,0.646,196.56,4.8,14.2,1,3.87,0.0,0.0,0.0
黄瓜,22,6,1,0,0.844,105.65,4.2,13.0,0,8.85,0.0,0.0,0.0
土豆,23,6,1,0,0.981,0.0,2.4,15.3,0,0.0,0.0,0.0,0.0
芒果,23,6,1,0,0.343,242.52,9.0,15.2,0,0.0,0.01,0.0,0.0
苹果,23,6,1,0,0.899,133.09,7.2,15.1,0,0.0,0.0,0.0,0.0
草莓,23,6,1,0,0.1,281.63,24.0,16.8,0,0.0,0.0,0.0,0.0
葡萄,23,6,1,0,0.504,248.46,12.0,14.8,0,0.0,0.0,0.0,0.0
西瓜,23,6,1,0,0.893,0.0,3.6,14.1,0,0.0,0.0,0.0,0.0
西红柿,23,6,1,0,0.806,134.9,5.4,12.9,1,0.0,0.0,0.0,0.0
香蕉,23,6,1,0,0.638,196.56,4.8,16.3,0,0.0,0.0,0.0,0.0
黄瓜,23,6,1,0,0.836,105.65,4.2,19.6,0,0.0,0.0,0.0,0.22
土豆,0,0,0,0,0.98,0.0,4.0,16.6,0,0.0,0.0,0.0,0.0
芒果,0,0,0,0,0.338,242.52,9.0,12.1,0,0.0,0.08,0.0,0.0
苹果,0,0,0,0,0.897,133.09,15.6,12.6,0,0.0,0.0,0.0,0.0
草莓,0,0,0,0,0.1,281.63,24.0,9.8,0,0.0,0.0,0.0,0.0
葡萄,0,0,0,0,0.5,248.46,12.0,11.2,0,0.0,0.0,0.0,0.0
西瓜,0,0,0,0,0.889,0.0,6.9,17.4,0,0.0,0.0,0.0,0.0
西红柿,0,0,0,0,0.802,134.9,9.0,11.8,0,0.0,0.0,0.0,0.21
香蕉,0,0,0,0,0.633,196.56,8.0,14.7,0,0.0,0.0,0.0,0.0
黄瓜,0,0,0,0,0.83,105.43,9.1,15.9,0,0.0,0.0,0.0,0.0
土豆,1,0,0,0,0.979,0.0,4.0,14.7,0,0.0,0.0,0.0,0.0
芒果,1,0,0,0,0.333,242.52,9.0,12.3,0,0.0,0.0,0.0,0.0
苹果,1,0,0,0,0.894,133.09,13.8,10.6,0,0.0,0.0,0.0,0.0
草莓,1,0,0,0,0.1,281.63,24.0,11.4,0,0.0,0.0,0.0,0.0
葡萄,1,0,0,0,0.496,248.46,12.0,13.7,0,0.0,0.0,0.0,0.0
西瓜,1,0,0,0,0.886,0.0,6.9,14.1,0,0.0,0.0,0.0,0.0
西红柿,1,0,0,0,0.797,134.69,9.0,13.1,0,0.0,0.0,0.0,0.0
香蕉,1,0,0,0,0.629,196.56,9.2,13.9,1,0.0,0.0,0.0,0.0
黄瓜,1,0,0,0,0.826,105.43,7.0,12.1,0,0.22,0.0,0.08,0.0
土豆,2,0,0,0,0.978,0.0,4.0,12.5,0,0.0,0.0,0.0,0.0
芒果,2,0,0,0,0.328,242.52,9.0,13.8,0,0.0,0.0,0.0,0.0
苹果,2,0,0,0,0.891,133.09,10.2,13.3,0,0.0,0.0,0.0,0.0
草莓,2,0,0,0,0.1,281.63,24.0,14.3,0,0.0,0.0,0.0,0.0
葡萄,2,0,0,0,0.485,248.46,12.0,16.3,0,0.0,0.0,0.0,0.25
西瓜,2,0,0,0,0.883,0.0,6.0,14.8,1,0.0,0.0,0.0,0.0
西红柿,2,0,0,0,0.791,134.69,9.0,14.6,0,0.21,0.0,0.0,0.0
香蕉,2,0,0,0,0.626,196.56,6.8,13.8,0,0.0,0.0,0.0,0.0
黄瓜,2,0,0,0,0.821,105.43,4.9,14.5,0,0.0,0.0,0.0,0.0
土豆,3,0,0,0,0.978,0.0,3.4,12.6,0,0.0,0.0,0.0,0.0
芒果,3,0,0,0,0.323,242.52,9.0,10.2,0,0.0,0.0,0.0,0.0
苹果,3,0,0,0,0.889,133.09,8.4,10.6,0,0.0,0.0,0.0,0.0
草莓,3,0,0,0,0.1,281.63,24.0,15.3,0,0.0,0.0,0.0,0.07
葡萄,3,0,0,0,0.478,248.21,12.0,15.0,0,0.0,0.0,0.0,0.0
西瓜,3,0,0,0,0.881,0.0,4.2,12.2,0,0.0,0.0,0.0,0.0
西红柿,3,0,0,0,0.786,134.69,9.0,13.4,0,0.0,0.0,0.0,0.0
香蕉,3,0,0,0,0.619,196.56,8.0,15.6,0,0.0,0.0,0.0,0.0
黄瓜,3,0,0,0,0.816,105.43,7.0,13.7,0,0.0,0.0,0.0,0.0
土豆,4,0,0,0,0.977,0.0,5.2,14.2,0,0.0,0.0,0.0,0.0
芒果,4,0,0,0,0.315,242.52,9.0,15.6,0,0.0,0.0,0.0,0.0
苹果,4,0,0,0,0.885,133.09,13.8,16.4,0,0.0,0.0,0.0,0.05
草莓,4,0,0,0,0.1,281.56,24.0,13.8,0,0.0,0.05,0.0,0.0
葡萄,4,0,0,0,0.47,248.21,12.0,15.3,0,0.25,0.0,0.0,0.0
西瓜,4,0,0,0,0.878,0.0,6.0,16.4,1,0.0,0.0,0.0,0.0
西红柿,4,0,0,0,0.778,134.69,9.0,17.0,0,0.0,0.0,0.0,0.0
香蕉,4,0,0,0,0.616,196.56,10.4,10.1,0,0.0,0.0,0.0,0.0
黄瓜,4,0,0,0,0.81,105.43,7.0,16.7,1,0.0,0.0,0.0,0.0
土豆,5,0,0,0,0.976,0.0,4.0,16.3,0,0.0,0.0,0.0,13.67
芒果,5,0,0,0,0.31,242.52,9.0,14.0,0,0.0,0.07,0.09,2.83
苹果,5,0,0,0,0.881,133.04,15.6,17.2,0,0.0,0.0,0.0,2.53
草莓,5,0,0,0,0.1,281.56,24.0,16.9,0,0.07,0.0,0.0,0.76
葡萄,5,0,0,0,0.45,248.21,12.0,19.8,0,0.0,0.0,0.0,1.72
西瓜,5,0,0,0,0.875,0.0,6.9,13.8,0,0.0,0.0,0.0,1.8
西红柿,5,0,0,0,0.773,134.69,9.0,13.0,0,0.0,0.0,0.0,4.52
香蕉,5,0,0,0,0.609,196.56,8.0,15.8,0,0.0,0.0,0.0,5.05
黄瓜,5,0,0,0,0.803,105.43,7.0,17.2,0,0.0,0.0,0.0,6.4
土豆,6,0,0,0,1.0,286.33,3.4,15.1,0,0.0,27.22,3.49,17.5
芒果,6,0,0,0,1.0,297.17,12.75,18.6,0,0.0,3.58,4.08,7.51
苹果,6,0,0,0,1.0,297.47,12.0,16.5,0,0.05,7.54,2.83,4.32
草莓,6,0,0,0,1.0,299.24,40.0,15.4,0,0.0,0.67,0.66,2.74
葡萄,6,0,0,0,1.0,298.28,20.0,14.1,0,0.0,2.57,2.88,1.53
西瓜,6,0,0,0,1.0,298.2,7.8,16.7,0,0.0,1.8,1.8,2.98
西红柿,6,0,0,0,1.0,295.48,9.0,17.4,0,0.0,8.63,4.94,7.36
香蕉,6,0,0,0,1.0,294.95,6.8,16.0,0,0.0,3.11,2.25,6.9
黄瓜,6,0,0,0,1.0,293.6,5.95,18.9,0,0.0,4.83,4.08,10.99
土豆,7,0,0,0,0.999,268.83,4.0,18.7,1,13.67,37.59,19.54,23.41
芒果,7,0,0,0,0.995,289.66,12.75,13.7,0,2.83,12.05,1.93,4.3
苹果,7,0,0,0,0.996,293.15,13.8,17.3,0,2.53,10.48,10.22,11.15
草莓,7,0,0,0,0.978,296.5,28.0,18.7,0,0.76,6.07,2.06,1.89
葡萄,7,0,0,0,0.976,296.75,26.0,21.7,0,1.72,5.34,5.59,1.42
西瓜,7,0,0,0,0.996,295.22,6.9,16.7,0,1.8,4.39,1.8,5.29
西红柿,7,0,0,0,0.988,288.12,9.0,22.2,0,4.52,8.54,5.48,6.12
香蕉,7,0,0,0,0.989,288.05,9.2,18.0,0,5.05,5.01,3.2,9.69
黄瓜,7,0,0,0,0.991,282.61,7.0,21.1,0,6.4,17.72,13.28,4.8
土豆,8,0,0,0,0.998,245.42,4.0,21.3,0,17.5,64.88,21.28,25.75
芒果,8,0,0,0,0.977,285.36,17.25,18.2,0,7.51,2.49,8.54,4.52
苹果,8,0,0,0,0.992,282.0,10.2,17.0,0,4.32,11.18,8.47,9.75
草莓,8,0,0,0,0.929,294.61,40.0,23.1,0,2.74,4.46,2.02,1.16
葡萄,8,0,0,0,0.955,295.33,20.0,20.4,1,1.53,6.29,2.64,3.17
西瓜,8,0,0,0,0.99,289.93,6.9,22.9,1,2.98,36.19,28.53,11.66
西红柿,8,0,0,0,0.977,282.0,10.35,22.3,0,7.36,15.2,8.84,5.62
香蕉,8,0,0,0,0.97,278.36,8.0,21.8,0,6.9,3.33,6.62,1.72
黄瓜,8,0,0,0,0.984,277.81,9.1,18.4,0,10.99,23.75,25.04,7.84
土豆,9,0,0,0,0.997,219.67,2.8,22.9,0,23.41,23.75,12.46,4.12
芒果,9,0,0,0,0.928,280.84,10.5,26.3,0,4.3,1.33,2.51,0.59
苹果,9,0,0,0,0.986,272.25,8.4,21.6,0,11.15,7.63,4.95,2.85
草莓,9,0,0,0,0.875,293.45,34.0,24.0,0,1.89,1.75,0.3,0.56
葡萄,9,0,0,0,0.924,292.16,14.0,24.3,0,1.42,2.75,3.91,1.03
西瓜,9,0,0,0,0.983,278.27,6.0,25.9,0,5.29,17.95,11.11,4.46
西红柿,9,0,0,0,0.964,276.38,9.0,24.0,0,6.12,7.21,7.13,2.95
香蕉,9,0,0,0,0.956,276.64,9.2,19.6,1,9.69,4.09,9.83,3.57
黄瓜,9,0,0,0,0.974,269.97,7.0,24.2,0,4.8,10.08,3.45,9.11
土豆,10,0,0,0,0.995,215.55,5.2,27.2,0,25.75,13.12,7.15,6.87
芒果,10,0,0,0,0.881,280.25,19.5,26.0,0,4.52,1.02,2.35,0.55
苹果,10,0,0,0,0.98,269.4,10.2,24.3,0,9.75,0.75,3.78,12.4
草莓,10,0,0,0,0.816,292.89,40.0,24.9,0,1.16,0.84,0.18,0.37
葡萄,10,0,0,0,0.894,291.13,20.0,24.1,0,3.17,3.26,0.95,3.69
西瓜,10,0,0,0,0.976,273.81,6.9,25.2,0,11.66,4.0,6.49,10.45
西红柿,10,0,0,0,0.951,273.43,10.35,23.4,0,5.62,4.4,3.89,7.95
香蕉,10,0,0,0,0.939,273.07,8.0,21.1,0,1.72,1.99,3.03,10.34
黄瓜,10,0,0,0,0.964,260.86,4.9,23.6,0,7.84,4.69,3.01,11.1
土豆,11,0,0,0,0.994,208.68,5.2,27.0,0,4.12,18.28,27.46,13.68
芒果,11,0,0,0,0.842,279.7,19.5,23.7,1,0.59,4.8,2.81,2.71
苹果,11,0,0,0,0.972,257.0,8.4,29.3,0,2.85,8.65,4.98,1.75
草莓,11,0,0,0,0.749,292.52,40.0,26.1,1,0.56,0.56,0.81,0.87
葡萄,11,0,0,0,0.854,287.44,14.0,27.9,0,1.03,1.83,1.7,2.18
西瓜,11,0,0,0,0.968,263.36,7.8,28.8,0,4.46,62.86,15.89,2.06
西红柿,11,0,0,0,0.936,265.48,9.0,27.3,0,2.95,5.35,5.81,1.9
香蕉,11,0,0,0,0.913,262.73,5.6,26.1,0,3.57,5.78,6.7,5.43
黄瓜,11,0,0,0,0.952,249.76,5.95,28.7,0,9.11,16.75,10.9,12.52
土豆,12,0,0,0,0.993,195.0,4.0,27.6,1,6.87,24.19,7.02,12.66
芒果,12,0,0,0,0.8,276.99,15.0,24.6,0,0.55,2.13,2.13,1.18
苹果,12,0,0,0,0.965,255.25,12.0,28.7,1,12.4,11.25,4.78,4.04
草莓,12,0,0,0,0.677,291.65,28.0,27.0,0,0.37,0.18,0.59,0.89
葡萄,12,0,0,0,0.81,285.26,20.0,29.5,0,3.69,2.76,2.3,1.28
西瓜,12,0,0,0,0.96,261.3,7.8,26.0,1,10.45,71.32,8.63,9.44
西红柿,12,0,0,0,0.92,263.58,11.7,28.1,1,7.95,17.73,7.59,8.19
香蕉,12,0,0,0,0.885,257.3,8.0,26.8,0,10.34,13.66,2.69,5.7
黄瓜,12,0,0,0,0.94,237.24,5.95,27.6,0,11.1,4.29,6.89,6.43
土豆,13,0,0,0,0.991,182.34,4.0,31.9,0,13.68,18.29,13.38,14.45
芒果,13,0,0,0,0.74,275.81,17.25,29.1,0,2.71,2.27,2.67,0.85
苹果,13,0,0,0,0.956,251.21,12.0,31.7,0,1.75,4.06,4.83,1.65
草莓,13,0,0,0,0.594,290.76,24.0,28.9,0,0.87,0.98,0.69,0.26
葡萄,13,0,0,0,0.771,283.98,20.0,27.6,0,2.18,1.33,1.11,1.12
西瓜,13,0,0,0,0.953,251.86,7.8,26.4,0,2.06,10.66,21.96,19.49
西红柿,13,0,0,0,0.904,255.39,7.65,27.4,0,1.9,3.12,3.15,2.63
香蕉,13,0,0,0,0.85,251.6,6.8,30.5,0,5.43,6.44,1.7,0.9
黄瓜,13,0,0,0,0.927,230.81,5.95,29.5,0,12.52,4.88,9.53,3.16
土豆,14,0,0,0,0.99,167.89,3.4,25.4,0,12.66,3.19,9.87,9.42
芒果,14,0,0,0,0.678,274.96,15.0,30.0,0,1.18,1.27,1.5,0.61
苹果,14,0,0,0,0.949,249.56,13.8,27.6,0,4.04,4.33,4.35,3.03
草莓,14,0,0,0,0.523,290.5,24.0,26.8,0,0.89,0.37,0.3,0.22
葡萄,14,0,0,0,0.734,282.86,17.0,27.1,0,1.28,0.96,0.59,0.68
西瓜,14,0,0,0,0.945,232.37,4.2,27.4,0,9.44,16.73,13.24,12.41
西红柿,14,0,0,0,0.886,252.76,9.0,31.3,0,8.19,4.74,1.05,3.24
香蕉,14,0,0,0,0.813,250.7,9.2,31.6,1,5.7,0.93,4.78,2.33
黄瓜,14,0,0,0,0.915,227.65,8.05,28.2,0,6.43,5.88,6.2,3.79
土豆,15,0,0,0,0.988,158.47,4.0,29.5,0,14.45,6.52,2.96,12.62
芒果,15,0,0,0,0.609,274.35,10.5,31.6,1,0.85,2.14,1.12,4.14
苹果,15,0,0,0,0.94,246.53,12.0,32.5,0,1.65,4.68,2.52,8.55
草莓,15,0,0,0,0.431,290.28,24.0,30.4,0,0.26,0.31,0.35,0.46
葡萄,15,0,0,0,0.697,282.18,23.0,26.6,0,1.12,0.65,0.72,1.66
西瓜,15,0,0,0,0.938,219.96,6.0,27.1,0,19.49,4.85,4.61,23.8
西红柿,15,0,0,0,0.869,249.52,9.0,28.6,0,2.63,3.64,5.61,8.19
香蕉,15,0,0,0,0.781,248.37,8.0,29.1,0,0.9,0.97,2.32,1.45
黄瓜,15,0,0,0,0.901,223.86,7.0,30.2,0,3.16,7.65,1.94,4.01
土豆,16,0,0,0,0.987,145.85,5.2,26.8,0,9.42,52.94,16.48,50.38
芒果,16,0,0,0,0.556,270.21,9.0,27.7,0,0.61,6.53,1.85,3.71
苹果,16,0,0,0,0.934,237.98,10.2,24.4,0,3.03,11.82,6.67,14.2
草莓,16,0,0,0,0.365,289.82,24.0,25.9,0,0.22,0.52,1.07,0.52
葡萄,16,0,0,0,0.658,280.52,20.0,27.5,0,0.68,2.82,2.22,2.33
西瓜,16,0,0,0,0.929,196.16,6.9,30.1,0,12.41,24.04,15.36,21.82
西红柿,16,0,0,0,0.855,241.33,9.0,25.6,0,3.24,6.63,16.32,12.6
香蕉,16,0,0,0,0.748,246.92,10.4,30.0,0,2.33,3.98,5.44,12.92
黄瓜,16,0,0,0,0.89,219.85,9.1,26.1,0,3.79,25.28,14.31,18.19
土豆,17,0,0,0,0.986,95.47,3.4,26.8,1,12.62,10.03,43.09,13.8
芒果,17,0,0,0,0.495,266.5,9.0,29.5,0,4.14,5.12,4.69,3.76
苹果,17,0,0,0,0.926,223.78,12.0,27.3,0,8.55,13.52,26.43,12.59
草莓,17,0,0,0,0.306,289.3,24.0,24.8,0,0.46,0.63,0.43,0.44
葡萄,17,0,0,0,0.617,278.19,17.0,28.5,0,1.66,2.2,5.64,1.51
西瓜,17,0,0,0,0.922,174.34,6.9,25.2,0,23.8,44.26,30.47,19.93
西红柿,17,0,0,0,0.841,228.73,9.0,25.1,0,8.19,19.12,18.5,14.31
香蕉,17,0,0,0,0.715,234.0,5.6,29.2,0,1.45,12.99,8.41,6.77
黄瓜,17,0,0,0,0.878,201.66,7.0,27.0,0,4.01,7.64,25.51,10.74
土豆,18,0,0,0,0.985,81.67,5.2,22.0,0,50.38,0.0,51.19,50.34
芒果,18,0,0,0,0.449,262.74,9.0,25.6,0,3.71,5.6,4.9,1.15
苹果,18,0,0,0,0.92,211.19,10.2,23.8,0,14.2,23.94,3.5,10.63
草莓,18,0,0,0,0.237,288.86,24.0,26.6,0,0.52,0.47,0.39,0.18
葡萄,18,0,0,0,0.587,276.68,12.0,24.1,1,2.33,7.86,2.08,4.34
西瓜,18,0,0,0,0.915,154.41,6.9,24.9,0,21.82,0.95,13.3,32.18
西红柿,18,0,0,0,0.826,214.42,9.0,27.2,0,12.6,17.26,11.41,3.78
香蕉,18,0,0,0,0.689,227.23,8.0,25.9,0,12.92,8.92,8.4,7.73
黄瓜,18,0,0,0,0.867,190.92,8.05,25.8,0,18.19,13.33,30.19,18.26
土豆,19,0,0,0,0.984,31.33,2.8,21.3,0,13.8,0.0,36.3,31.33
芒果,19,0,0,0,0.414,261.59,9.0,22.7,1,3.76,3.66,3.72,1.51
苹果,19,0,0,0,0.914,200.56,12.0,23.6,0,12.59,14.53,8.5,15.83
草莓,19,0,0,0,0.21,288.68,24.0,19.4,0,0.44,0.2,0.61,0.18
葡萄,19,0,0,0,0.563,272.34,12.0,21.7,0,1.51,6.29,3.42,2.2
西瓜,19,0,0,0,0.909,122.23,5.1,23.1,0,19.93,0.0,20.05,35.09
西红柿,19,0,0,0,0.815,210.64,11.7,21.1,0,14.31,9.62,15.18,15.29
香蕉,19,0,0,0,0.668,219.5,8.0,23.1,0,6.77,13.62,5.7,11.76
黄瓜,19,0,0,0,0.859,172.66,7.0,21.1,0,10.74,24.86,12.4,19.35
土豆,20,0,0,0,0.982,0.0,2.4,22.8,0,50.34,0.0,28.33,0.0
芒果,20,0,0,0,0.385,260.08,9.0,20.9,0,1.15,2.67,2.32,0.53
苹果,20,0,0,0,0.91,184.73,7.2,18.5,0,10.63,25.98,16.7,4.46
草莓,20,0,0,0,0.169,288.5,24.0,21.9,0,0.18,0.18,0.39,0.18
葡萄,20,0,0,0,0.538,270.14,12.0,21.8,0,4.34,3.35,3.42,0.96
西瓜,20,0,0,0,0.904,87.14,3.6,20.9,0,32.18,0.0,32.03,11.93
西红柿,20,0,0,0,0.803,195.35,5.4,22.2,0,3.78,23.68,21.95,5.62
香蕉,20,0,0,0,0.65,207.74,4.8,21.9,0,7.73,14.75,3.69,0.99
黄瓜,20,0,0,0,0.852,153.31,4.2,17.3,0,18.26,13.87,23.79,6.27
土豆,21,0,0,0,0.982,0.0,2.4,15.5,0,31.33,0.0,0.0,0.0
芒果,21,0,0,0,0.364,259.55,9.0,19.0,1,1.51,0.82,0.73,0.0
苹果,21,0,0,0,0.906,180.27,7.2,15.8,0,15.83,6.57,5.43,0.0
草莓,21,0,0,0,0.155,288.32,24.0,17.4,0,0.18,0.18,0.32,0.0
葡萄,21,0,0,0,0.523,269.18,12.0,18.2,0,2.2,1.28,1.34,0.05
西瓜,21,0,0,0,0.899,75.21,3.6,19.5,0,35.09,0.0,1.8,0.0
西红柿,21,0,0,0,0.795,189.73,5.4,18.2,0,15.29,10.23,6.72,0.0
香蕉,21,0,0,0,0.635,206.75,4.8,20.0,1,11.76,3.87,1.38,0.0
黄瓜,21,0,0,0,0.844,147.04,4.2,19.5,1,19.35,8.85,6.11,0.0
土豆,22,0,0,0,0.981,0.0,2.4,16.0,0,0.0,0.0,0.0,0.0
芒果,22,0,0,0,0.359,259.55,9.0,13.3,0,0.53,0.0,0.0,0.0
苹果,22,0,0,0,0.902,180.27,7.2,16.9,0,4.46,0.0,0.0,0.0
草莓,22,0,0,0,0.149,288.32,24.0,13.4,0,0.18,0.0,0.0,0.0
葡萄,22,0,0,0,0.504,269.13,12.0,19.3,0,0.96,0.0,0.0,0.0
西瓜,22,0,0,0,0.896,75.21,3.6,13.5,0,11.93,0.0,0.0,0.0
西红柿,22,0,0,0,0.787,189.73,5.4,16.5,0,5.62,0.0,0.0,0.0
香蕉,22,0,0,0,0.624,206.75,4.8,17.6,0,0.99,0.0,0.0,0.0
黄瓜,22,0,0,0,0.839,147.04,4.2,16.1,0,6.27,0.0,0.02,0.0
土豆,23,0,0,0,0.98,0.0,2.4,15.9,0,0.0,0.0,0.0,0.0
芒果,23,0,0,0,0.354,259.55,9.0,14.0,0,0.0,0.0,0.18,0.0
苹果,23,0,0,0,0.898,180.27,7.2,15.3,0,0.0,0.0,0.0,0.0
草莓,23,0,0,0,0.131,288.32,24.0,17.9,0,0.0,0.0,0.0,0.0
葡萄,23,0,0,0,0.492,269.13,12.0,17.0,1,0.05,0.0,0.0,0.0
西瓜,23,0,0,0,0.894,75.21,3.6,12.0,0,0.0,0.0,0.0,0.0
西红柿,23,0,0,0,0.78,189.73,5.4,16.6,0,0.0,0.0,0.0,0.0
香蕉,23,0,0,0,0.619,206.75,4.8,14.8,0,0.0,0.0,0.0,0.0
黄瓜,23,0,0,0,0.832,147.04,4.2,16.2,1,0.0,0.0,0.0,0.0
土豆,0,1,0,0,0.979,0.0,2.8,13.1,0,0.0,0.0,0.0,0.0
芒果,0,1,0,0,0.349,259.55,9.0,13.3,0,0.0,0.0,0.0,0.0
苹果,0,1,0,0,0.894,180.27,10.2,17.8,0,0.0,0.0,0.0,0.0
草莓,0,1,0,0,0.125,288.32,24.0,15.6,0,0.0,0.0,0.0,0.0
葡萄,0,1,0,0,0.488,269.13,12.0,12.4,0,0.0,0.0,0.0,0.0
西瓜,0,1,0,0,0.891,75.21,6.0,15.0,0,0.0,0.0,0.0,0.0
西红柿,0,1,0,0,0.775,189.73,7.65,12.9,0,0.0,0.0,0.28,0.0
香蕉,0,1,0,0,0.616,206.75,8.0,13.0,0,0.0,0.0,0.0,0.0
黄瓜,0,1,0,0,0.829,147.04,7.0,11.5,0,0.0,0.22,0.0,0.0
土豆,1,1,0,0,0.979,0.0,4.0,13.4,0,0.0,0.0,0.0,0.0
芒果,1,1,0,0,0.344,259.55,9.0,13.5,0,0.0,0.0,0.0,0.0
苹果,1,1,0,0,0.891,180.27,12.0,12.1,0,0.0,0.0,0.0,0.0
草莓,1,1,0,0,0.119,288.32,24.0,14.4,0,0.0,0.0,0.0,0.0
葡萄,1,1,0,0,0.48,269.13,12.0,15.1,0,0.0,0.0,0.0,0.0
西瓜,1,1,0,0,0.889,75.21,4.2,13.2,1,0.0,0.0,0.0,0.0
西红柿,1,1,0,0,0.768,189.73,9.0,15.4,0,0.0,0.21,0.21,0.0
香蕉,1,1,0,0,0.613,206.75,6.8,12.8,0,0.0,0.0,0.0,0.0
黄瓜,1,1,0,0,0.824,147.04,4.9,14.8,0,0.0,0.0,0.0,0.0
土豆,2,1,0,0,0.978,0.0,4.0,13.3,0,0.0,0.0,0.0,0.0
芒果,2,1,0,0,0.339,259.55,9.0,13.2,0,0.0,0.0,0.0,0.0
苹果,2,1,0,0,0.888,180.27,10.2,15.6,0,0.0,0.0,0.0,0.0
草莓,2,1,0,0,0.113,288.32,24.0,14.8,0,0.0,0.0,0.0,0.0
葡萄,2,1,0,0,0.463,269.13,12.0,18.7,0,0.0,0.0,0.0,0.0
西瓜,2,1,0,0,0.886,75.21,7.8,13.0,0,0.0,0.0,0.0,0.0
西红柿,2,1,0,0,0.764,189.73,9.0,12.5,1,0.0,0.0,0.0,0.0
香蕉,2,1,0,0,0.61,206.75,9.2,12.2,0,0.0,0.0,0.0,0.0
黄瓜,2,1,0,0,0.819,147.04,7.0,12.8,0,0.0,0.0,0.0,0.0
土豆,3,1,0,0,0.977,0.0,4.0,17.0,0,0.0,0.0,0.0,0.0
芒果,3,1,0,0,0.334,259.55,9.0,12.8,0,0.0,0.0,0.0,0.0
苹果,3,1,0,0,0.884,180.27,8.4,15.3,0,0.0,0.0,0.0,0.0
草莓,3,1,0,0,0.107,288.32,24.0,12.5,0,0.0,0.0,0.0,0.0
葡萄,3,1,0,0,0.459,269.13,12.0,11.5,0,0.0,0.25,0.0,0.0
西瓜,3,1,0,0,0.882,75.21,7.8,18.2,0,0.0,0.0,0.0,0.0
西红柿,3,1,0,0,0.76,189.73,10.35,12.5,1,0.0,0.0,0.0,0.0
香蕉,3,1,0,0,0.607,206.75,8.0,8.8,0,0.0,0.0,0.0,0.0
黄瓜,3,1,0,0,0.815,147.04,7.0,13.2,1,0.0,0.0,0.0,0.0
土豆,4,1,0,0,0.976,0.0,5.2,15.0,0,0.0,0.0,0.0,0.0
芒果,4,1,0,0,0.329,259.55,9.0,14.0,1,0.0,0.0,0.0,0.0
苹果,4,1,0,0,0.88,180.27,8.4,16.3,0,0.0,0.0,0.2,0.0
草莓,4,1,0,0,0.1,288.32,24.0,18.0,0,0.0,0.07,0.0,0.0
葡萄,4,1,0,0,0.452,269.13,12.0,14.9,0,0.0,0.0,0.0,0.0
西瓜,4,1,0,0,0.879,75.21,5.1,14.0,0,0.0,0.0,0.0,0.0
西红柿,4,1,0,0,0.754,189.73,7.65,14.7,0,0.0,0.0,0.0,0.15
香蕉,4,1,0,0,0.602,206.75,6.8,15.0,0,0.0,0.0,0.0,0.0
黄瓜,4,1,0,0,0.809,147.04,7.0,15.1,1,0.0,0.0,0.04,0.0
土豆,5,1,0,0,0.976,0.0,5.2,13.1,0,0.0,0.0,0.0,6.89
芒果,5,1,0,0,0.322,259.55,9.0,15.2,1,0.0,0.0,0.0,1.29
苹果,5,1,0,0,0.878,180.27,12.0,11.3,0,0.0,0.05,0.13,3.1
草莓,5,1,0,0,0.1,288.32,24.0,16.4,0,0.0,0.0,0.0,0.65
葡萄,5,1,0,0,0.442,269.13,12.0,16.1,1,0.0,0.0,0.0,2.81
西瓜,5,1,0,0,0.876,75.21,6.0,15.1,0,0.0,0.0,0.0,6.15
西红柿,5,1,0,0,0.743,189.58,9.0,20.3,0,0.0,0.0,0.0,5.72
香蕉,5,1,0,0,0.598,206.75,4.8,13.9,0,0.0,0.0,0.0,5.73
黄瓜,5,1,0,0,0.805,147.04,8.05,13.9,1,0.0,0.0,0.0,3.38
土豆,6,1,0,0,1.0,293.11,4.0,18.3,1,0.0,13.67,6.22,30.95
芒果,6,1,0,0,1.0,298.71,12.75,16.1,1,0.0,2.83,3.01,5.8
苹果,6,1,0,0,1.0,296.9,12.0,16.1,0,0.0,2.53,3.86,4.05
草莓,6,1,0,0,1.0,299.35,40.0,16.0,0,0.0,0.76,1.25,0.94
葡萄,6,1,0,0,1.0,297.19,14.0,17.6,0,0.0,1.72,2.68,3.79
西瓜,6,1,0,0,1.0,293.85,6.0,18.4,0,0.0,1.8,1.8,12.75
西红柿,6,1,0,0,1.0,294.28,6.3,16.5,0,0.15,4.52,2.79,11.92
香蕉,6,1,0,0,1.0,294.27,5.6,16.3,0,0.0,5.05,3.96,7.13
黄瓜,6,1,0,0,1.0,296.62,8.05,18.0,0,0.0,6.4,5.47,12.88
土豆,7,1,0,0,0.999,262.16,3.4,16.1,0,6.89,17.5,24.04,17.58
芒果,7,1,0,0,0.982,292.91,15.0,18.0,0,1.29,7.51,6.67,1.92
苹果,7,1,0,0,0.995,292.85,13.8,20.7,0,3.1,4.32,5.35,5.86
草莓,7,1,0,0,0.986,298.41,46.0,17.4,0,0.65,2.74,1.65,1.83
葡萄,7,1,0,0,0.984,293.4,20.0,18.6,0,2.81,1.53,4.16,4.63
西瓜,7,1,0,0,0.994,281.1,6.9,22.9,0,6.15,2.98,2.06,8.92
西红柿,7,1,0,0,0.99,282.36,9.0,20.0,0,5.72,7.36,6.38,5.02
香蕉,7,1,0,0,0.986,287.14,8.0,19.6,0,5.73,6.9,13.68,14.2
黄瓜,7,1,0,0,0.994,283.74,7.0,15.4,0,3.38,10.99,23.17,15.72
土豆,8,1,0,0,0.998,244.58,4.6,20.4,0,30.95,23.41,39.68,12.38
芒果,8,1,0,0,0.954,290.99,15.0,20.9,1,5.8,4.3,4.47,2.08
苹果,8,1,0,0,0.988,286.99,13.8,25.3,0,4.05,11.15,2.69,8.7
草莓,8,1,0,0,0.946,296.58,40.0,21.6,0,0.94,1.89,0.58,1.31
葡萄,8,1,0,0,0.96,288.77,17.0,21.6,0,3.79,1.42,2.44,2.38
西瓜,8,1,0,0,0.987,272.18,6.9,23.9,0,12.75,5.29,26.97,15.95
西红柿,8,1,0,0,0.981,277.34,11.7,18.7,0,11.92,6.12,10.75,4.26
香蕉,8,1,0,0,0.971,272.94,5.6,19.8,0,7.13,9.69,6.41,6.07
黄瓜,8,1,0,0,0.986,268.02,5.95,19.8,0,12.88,4.8,21.27,6.04
土豆,9,1,0,0,0.997,232.2,4.0,27.2,0,17.58,25.75,12.29,3.23
芒果,9,1,0,0,0.92,288.91,15.0,22.4,0,1.92,4.52,6.29,1.23
苹果,9,1,0,0,0.983,278.29,8.4,22.0,0,5.86,9.75,4.67,2.13
草莓,9,1,0,0,0.911,295.27,40.0,20.9,0,1.83,1.16,0.79,1.04
葡萄,9,1,0,0,0.938,286.39,17.0,20.6,0,4.63,3.17,2.13,0.93
西瓜,9,1,0,0,0.982,256.23,6.0,21.7,0,8.92,11.66,8.94,11.24
西红柿,9,1,0,0,0.967,273.08,9.0,25.7,0,5.02,5.62,9.5,4.97
香蕉,9,1,0,0,0.955,266.87,8.0,20.8,0,14.2,1.72,2.91,1.27
黄瓜,9,1,0,0,0.977,261.98,7.0,23.5,0,15.72,7.84,7.57,4.45
土豆,10,1,0,0,0.995,228.97,5.2,28.2,0,12.38,4.12,11.13,16.54
芒果,10,1,0,0,0.879,287.68,17.25,24.2,0,2.08,0.59,2.09,1.21
苹果,10,1,0,0,0.976,276.16,12.0,24.8,0,8.7,2.85,0.75,6.69
草莓,10,1,0,0,0.846,294.23,28.0,25.7,0,1.31,0.56,0.66,0.58
葡萄,10,1,0,0,0.915,285.46,14.0,21.4,1,2.38,1.03,1.09,0.73
西瓜,10,1,0,0,0.975,244.99,5.1,25.4,0,15.95,4.46,4.51,8.68
西红柿,10,1,0,0,0.954,268.11,9.0,23.1,0,4.26,2.95,2.07,7.04
香蕉,10,1,0,0,0.933,265.6,10.4,23.8,0,6.07,3.57,3.48,2.28
黄瓜,10,1,0,0,0.967,257.53,5.95,22.4,0,6.04,9.11,2.69,6.88
土豆,11,1,0,0,0.994,212.43,4.0,29.8,0,3.23,6.87,6.43,39.15
芒果,11,1,0,0,0.832,286.47,15.0,26.0,1,1.23,0.55,5.34,2.58
苹果,11,1,0,0,0.969,269.47,12.0,25.6,0,2.13,12.4,8.73,7.87
草莓,11,1,0,0,0.777,293.65,46.0,26.5,0,1.04,0.37,0.48,0.32
葡萄,11,1,0,0,0.879,284.73,20.0,26.1,1,0.93,3.69,4.9,0.59
西瓜,11,1,0,0,0.968,236.31,4.2,23.6,1,11.24,10.45,28.3,16.46
西红柿,11,1,0,0,0.936,261.07,9.0,31.4,0,4.97,7.95,5.93,7.62
香蕉,11,1,0,0,0.901,263.32,8.0,28.9,1,1.27,10.34,9.45,6.28
黄瓜,11,1,0,0,0.956,250.65,7.0,25.8,0,4.45,11.1,7.59,7.41
土豆,12,1,0,0,0.993,173.28,2.8,28.2,0,16.54,13.68,31.96,9.72
芒果,12,1,0,0,0.786,283.89,15.0,25.5,0,1.21,2.71,4.66,0.81
苹果,12,1,0,0,0.962,261.6,8.4,26.8,0,6.69,1.75,6.66,1.21
草莓,12,1,0,0,0.708,293.33,52.0,26.5,0,0.58,0.87,0.45,0.18
葡萄,12,1,0,0,0.833,284.14,26.0,30.6,0,0.73,2.18,1.97,2.48
西瓜,12,1,0,0,0.96,219.85,6.9,28.6,0,8.68,2.06,4.92,13.27
西红柿,12,1,0,0,0.917,253.45,9.0,32.0,0,7.04,1.9,3.0,5.68
香蕉,12,1,0,0,0.867,257.04,8.0,30.0,0,2.28,5.43,7.72,1.54
黄瓜,12,1,0,0,0.945,243.24,7.0,25.8,0,6.88,12.52,6.82,14.62
土豆,13,1,0,0,0.991,163.56,4.0,26.8,0,39.15,12.66,12.61,5.72
芒果,13,1,0,0,0.737,283.08,19.5,26.5,0,2.58,1.18,0.53,1.13
苹果,13,1,0,0,0.954,260.39,13.8,29.8,1,7.87,4.04,2.44,4.03
草莓,13,1,0,0,0.636,293.15,52.0,27.0,0,0.32,0.89,0.88,0.55
葡萄,13,1,0,0,0.793,281.66,14.0,27.9,0,0.59,1.28,1.96,0.96
西瓜,13,1,0,0,0.951,206.58,6.0,31.8,0,16.46,9.44,18.64,4.41
西红柿,13,1,0,0,0.902,247.77,9.0,26.4,0,7.62,8.19,3.36,5.51
香蕉,13,1,0,0,0.833,255.5,10.4,30.0,0,6.28,5.7,3.5,0.91
黄瓜,13,1,0,0,0.934,228.62,4.9,25.9,0,7.41,6.43,7.13,1.83
土豆,14,1,0,0,0.99,157.84,4.0,27.6,1,9.72,14.45,10.67,3.34
芒果,14,1,0,0,0.672,281.95,15.0,30.5,0,0.81,0.85,1.84,0.53
苹果,14,1,0,0,0.947,256.36,10.2,29.6,0,1.21,1.65,1.85,0.75
草莓,14,1,0,0,0.533,292.6,24.0,32.3,0,0.18,0.26,0.18,0.28
葡萄,14,1,0,0,0.76,280.7,20.0,25.4,0,2.48,1.12,0.88,1.03
西瓜,14,1,0,0,0.943,202.17,7.8,28.5,0,13.27,19.49,7.88,10.82
西红柿,14,1,0,0,0.885,242.26,7.65,29.7,0,5.68,2.63,3.89,2.66
香蕉,14,1,0,0,0.801,254.59,8.0,29.4,1,1.54,0.9,0.9,0.9
黄瓜,14,1,0,0,0.922,226.79,8.05,28.7,1,14.62,3.16,2.56,3.72
土豆,15,1,0,0,0.988,154.5,5.2,28.2,0,5.72,9.42,7.76,9.59
芒果,15,1,0,0,0.612,281.42,15.0,29.4,1,1.13,0.61,0.53,1.92
苹果,15,1,0,0,0.939,255.61,15.6,30.2,1,4.03,3.03,3.07,13.52
草莓,15,1,0,0,0.453,292.32,24.0,28.3,0,0.55,0.22,0.28,0.72
葡萄,15,1,0,0,0.711,279.67,17.0,31.4,0,0.96,0.68,1.41,1.76
西瓜,15,1,0,0,0.934,191.35,6.0,30.1,0,4.41,12.41,12.16,25.91
西红柿,15,1,0,0,0.869,239.6,9.0,27.3,1,5.51,3.24,2.69,3.67
香蕉,15,1,0,0,0.765,253.69,9.2,31.3,1,0.91,2.33,2.17,6.64
黄瓜,15,1,0,0,0.91,223.07,7.0,27.3,0,1.83,3.79,4.01,13.75
土豆,16,1,0,0,0.987,144.91,5.2,27.6,0,3.34,12.62,5.89,78.63
芒果,16,1,0,0,0.554,279.5,9.0,28.8,0,0.53,4.14,3.88,4.6
苹果,16,1,0,0,0.931,242.09,8.4,27.3,0,0.75,8.55,7.08,2.47
草莓,16,1,0,0,0.387,291.6,24.0,25.9,0,0.28,0.46,0.5,0.66
葡萄,16,1,0,0,0.665,277.91,20.0,30.6,0,1.03,1.66,0.38,1.2
西瓜,16,1,0,0,0.925,165.44,6.9,29.0,0,10.82,23.8,40.17,61.66
西红柿,16,1,0,0,0.853,235.93,11.7,28.3,0,2.66,8.19,8.5,11.47
香蕉,16,1,0,0,0.741,247.05,8.0,24.4,0,0.9,1.45,8.92,10.45
黄瓜,16,1,0,0,0.898,209.32,5.95,27.3,0,3.72,4.01,7.31,27.88
土豆,17,1,0,0,0.986,66.28,2.8,27.6,0,9.59,50.38,28.57,35.89
芒果,17,1,0,0,0.493,274.9,9.0,29.7,0,1.92,3.71,4.27,3.08
苹果,17,1,0,0,0.924,239.62,13.8,27.7,1,13.52,14.2,16.96,12.61
草莓,17,1,0,0,0.317,290.94,24.0,26.8,0,0.72,0.52,0.71,0.18
葡萄,17,1,0,0,0.632,276.71,26.0,25.1,0,1.76,2.33,2.02,5.08
西瓜,17,1,0,0,0.917,103.78,4.2,28.2,0,25.91,21.82,11.0,17.5
西红柿,17,1,0,0,0.836,224.46,9.0,29.7,0,3.67,12.6,10.24,9.18
香蕉,17,1,0,0,0.715,236.6,6.8,26.1,0,6.64,12.92,6.92,4.83
黄瓜,17,1,0,0,0.887,181.44,4.9,25.5,0,13.75,18.19,27.34,28.04
土豆,18,1,0,0,0.985,30.39,3.4,21.8,0,78.63,13.8,23.75,30.39
芒果,18,1,0,0,0.441,271.82,9.0,27.2,0,4.6,3.76,4.21,3.79
苹果,18,1,0,0,0.917,227.01,12.0,26.4,0,2.47,12.59,13.38,11.5
草莓,18,1,0,0,0.265,290.76,24.0,23.6,1,0.66,0.44,0.42,0.34
葡萄,18,1,0,0,0.596,271.63,12.0,26.2,0,1.2,1.51,2.84,4.53
西瓜,18,1,0,0,0.911,86.28,5.1,23.0,1,61.66,19.93,25.09,24.61
西红柿,18,1,0,0,0.822,215.28,9.0,24.6,0,11.47,14.31,7.09,24.31
香蕉,18,1,0,0,0.69,231.77,9.2,25.0,0,10.45,6.77,7.69,7.89
黄瓜,18,1,0,0,0.876,153.4,4.9,26.3,0,27.88,10.74,17.41,13.81
土豆,19,1,0,0,0.983,0.0,3.4,26.1,0,35.89,50.34,38.98,0.0
芒果,19,1,0,0,0.404,268.03,9.0,23.1,0,3.08,1.15,4.08,1.44
苹果,19,1,0,0,0.912,215.51,12.0,22.0,0,12.61,10.63,3.86,16.2
草莓,19,1,0,0,0.231,290.42,24.0,20.7,0,0.18,0.18,0.18,0.19
葡萄,19,1,0,0,0.562,267.1,12.0,25.7,0,5.08,4.34,1.24,2.15
西瓜,19,1,0,0,0.906,61.67,6.0,20.1,0,17.5,32.18,32.34,15.12
西红柿,19,1,0,0,0.809,190.97,6.3,23.9,0,9.18,3.78,7.47,12.87
香蕉,19,1,0,0,0.666,223.88,8.0,25.1,0,4.83,7.73,5.6,8.46
黄瓜,19,1,0,0,0.866,139.59,7.0,23.4,0,28.04,18.26,4.85,18.56
土豆,20,1,0,0,0.982,0.0,2.4,23.0,0,30.39,31.33,40.02,0.0
芒果,20,1,0,0,0.371,266.59,9.0,22.3,0,3.79,1.51,1.76,0.55
苹果,20,1,0,0,0.905,199.31,7.2,25.2,0,11.5,15.83,15.32,2.06
草莓,20,1,0,0,0.186,290.23,24.0,22.5,0,0.34,0.18,0.2,0.21
葡萄,20,1,0,0,0.534,264.95,12.0,23.4,0,4.53,2.2,1.47,0.78
西瓜,20,1,0,0,0.9,46.55,3.6,23.4,1,24.61,35.09,39.45,5.23
西红柿,20,1,0,0,0.799,178.1,5.4,20.3,1,24.31,15.29,18.69,5.23
香蕉,20,1,0,0,0.653,215.42,4.8,18.9,0,7.89,11.76,8.92,3.07
黄瓜,20,1,0,0,0.858,121.03,4.2,20.2,1,13.81,19.35,14.47,7.28
土豆,21,1,0,0,0.981,0.0,2.4,19.4,1,0.0,0.0,0.0,0.0
芒果,21,1,0,0,0.346,266.04,9.0,20.0,0,1.44,0.53,0.53,0.0
苹果,21,1,0,0,0.9,197.25,7.2,19.9,1,16.2,4.46,5.31,0.0
草莓,21,1,0,0,0.176,290.02,24.0,16.6,0,0.19,0.18,0.18,0.0
葡萄,21,1,0,0,0.516,264.17,12.0,18.9,0,2.15,0.96,1.19,0.0
西瓜,21,1,0,0,0.895,41.32,3.6,20.9,1,15.12,11.93,12.06,0.0
西红柿,21,1,0,0,0.787,172.87,5.4,22.6,0,12.87,5.62,5.12,0.0
香蕉,21,1,0,0,0.638,212.35,4.8,20.0,0,8.46,0.99,3.51,0.0
黄瓜,21,1,0,0,0.851,113.75,4.2,18.6,0,18.56,6.27,7.13,0.0
土豆,22,1,0,0,0.98,0.0,2.4,17.7,0,0.0,0.0,0.0,0.0
芒果,22,1,0,0,0.339,266.04,9.0,15.0,0,0.55,0.0,0.0,0.0
苹果,22,1,0,0,0.897,197.25,7.2,12.2,0,2.06,0.0,0.05,0.0
草莓,22,1,0,0,0.159,290.02,24.0,17.9,1,0.21,0.0,0.0,0.0
葡萄,22,1,0,0,0.504,264.17,12.0,16.9,0,0.78,0.05,0.0,0.0
西瓜,22,1,0,0,0.89,41.32,3.6,18.3,0,5.23,0.0,0.0,0.0
西红柿,22,1,0,0,0.782,172.87,5.4,13.0,0,5.23,0.0,0.0,0.0
香蕉,22,1,0,0,0.622,212.35,4.8,20.7,0,3.07,0.0,0.0,0.0
黄瓜,22,1,0,0,0.843,113.75,4.2,19.2,0,7.28,0.0,0.0,0.0
土豆,23,1,0,0,0.979,0.0,2.4,15.1,0,0.0,0.0,0.0,0.0
芒果,23,1,0,0,0.334,266.04,9.0,13.2,1,0.0,0.0,0.0,0.0
苹果,23,1,0,0,0.894,197.25,7.2,15.1,0,0.0,0.0,0.0,0.0
草莓,23,1,0,0,0.141,290.02,24.0,17.9,0,0.0,0.0,0.0,0.0
葡萄,23,1,0,0,0.493,264.17,12.0,16.6,0,0.0,0.0,0.25,0.0
西瓜,23,1,0,0,0.886,41.32,3.6,16.8,0,0.0,0.0,0.0,0.0
西红柿,23,1,0,0,0.778,172.87,5.4,12.9,0,0.0,0.0,0.0,0.0
香蕉,23,1,0,0,0.619,212.35,4.8,13.0,0,0.0,0.0,0.0,0.0
黄瓜,23,1,0,0,0.837,113.75,4.2,17.6,1,0.0,0.0,0.16,0.0
土豆,0,2,0,0,0.979,0.0,4.0,16.3,0,0.0,0.0,0.0,0.0
芒果,0,2,0,0,0.329,266.04,9.0,14.5,0,0.0,0.0,0.0,0.0
苹果,0,2,0,0,0.891,197.25,13.8,11.7,0,0.0,0.0,0.0,0.0
草莓,0,2,0,0,0.135,290.02,24.0,15.4,0,0.0,0.0,0.0,0.0
葡萄,0,2,0,0,0.476,264.17,12.0,18.5,0,0.0,0.0,0.0,0.0
西瓜,0,2,0,0,0.882,41.32,7.8,17.5,1,0.0,0.0,0.0,0.0
西红柿,0,2,0,0,0.772,172.87,9.0,14.5,0,0.0,0.0,0.0,0.08
香蕉,0,2,0,0,0.613,212.35,8.0,15.1,0,0.0,0.0,0.0,0.0
黄瓜,0,2,0,0,0.831,113.75,4.9,14.5,0,0.0,0.0,0.0,0.0
土豆,1,2,0,0,0.978,0.0,2.8,16.4,0,0.0,0.0,0.0,0.0
芒果,1,2,0,0,0.324,266.04,9.0,12.2,0,0.0,0.0,0.0,0.0
苹果,1,2,0,0,0.889,197.25,15.6,11.4,0,0.0,0.0,0.0,0.0
草莓,1,2,0,0,0.129,290.02,24.0,12.9,0,0.0,0.0,0.0,0.0
葡萄,1,2,0,0,0.465,264.17,12.0,16.4,0,0.0,0.0,0.0,0.0
西瓜,1,2,0,0,0.88,41.32,7.8,12.7,0,0.0,0.0,0.0,0.0
西红柿,1,2,0,0,0.767,172.79,10.35,13.1,0,0.0,0.0,0.0,0.0
香蕉,1,2,0,0,0.61,212.35,6.8,9.3,0,0.0,0.0,0.0,0.0
黄瓜,1,2,0,0,0.828,113.75,5.95,12.2,0,0.0,0.0,0.0,0.0
土豆,2,2,0,0,0.977,0.0,4.6,15.3,0,0.0,0.0,0.0,0.0
芒果,2,2,0,0,0.319,266.04,9.0,13.3,0,0.0,0.0,0.0,0.0
苹果,2,2,0,0,0.886,197.25,12.0,13.3,0,0.0,0.0,0.0,0.0
草莓,2,2,0,0,0.123,290.02,24.0,13.1,0,0.0,0.0,0.0,0.0
葡萄,2,2,0,0,0.453,264.17,12.0,16.9,0,0.0,0.0,0.0,0.0
西瓜,2,2,0,0,0.877,41.32,7.8,15.0,0,0.0,0.0,0.0,0.0
西红柿,2,2,0,0,0.761,172.79,9.0,14.7,0,0.08,0.0,0.13,0.23
香蕉,2,2,0,0,0.601,212.35,8.0,16.5,0,0.0,0.0,0.06,0.12
黄瓜,2,2,0,0,0.822,113.75,8.05,14.6,0,0.0,0.0,0.0,0.0
土豆,3,2,0,0,0.977,0.0,4.6,9.3,0,0.0,0.0,0.0,0.0
芒果,3,2,0,0,0.314,266.04,9.0,9.8,0,0.0,0.0,0.0,0.0
苹果,3,2,0,0,0.883,197.25,15.6,12.9,0,0.0,0.0,0.0,0.05
草莓,3,2,0,0,0.117,290.02,24.0,13.4,1,0.0,0.0,0.0,0.0
葡萄,3,2,0,0,0.449,264.17,12.0,11.7,0,0.0,0.0,0.0,0.0
西瓜,3,2,0,0,0.875,41.32,6.0,10.8,0,0.0,0.0,0.0,0.0
西红柿,3,2,0,0,0.757,172.56,7.65,12.0,1,0.0,0.0,0.0,0.0
香蕉,3,2,0,0,0.59,212.23,4.8,18.0,0,0.0,0.0,0.0,0.0
黄瓜,3,2,0,0,0.819,113.75,7.0,11.5,0,0.0,0.0,0.0,0.0
土豆,4,2,0,0,0.976,0.0,4.0,13.5,0,0.0,0.0,0.0,0.0
芒果,4,2,0,0,0.309,266.04,9.0,14.8,0,0.0,0.0,0.0,0.0
苹果,4,2,0,0,0.879,197.2,13.8,16.2,0,0.0,0.0,0.01,0.0
草莓,4,2,0,0,0.102,290.02,24.0,17.6,1,0.0,0.0,0.0,0.0
葡萄,4,2,0,0,0.439,264.17,12.0,16.1,0,0.0,0.0,0.03,0.08
西瓜,4,2,0,0,0.873,41.32,4.2,12.5,0,0.0,0.0,0.0,0.0
西红柿,4,2,0,0,0.753,172.56,9.0,12.7,0,0.23,0.0,0.0,0.0
香蕉,4,2,0,0,0.582,212.23,4.8,16.1,0,0.12,0.0,0.0,0.0
黄瓜,4,2,0,0,0.813,113.75,7.0,16.1,0,0.0,0.0,0.0,0.0
土豆,5,2,0,0,0.975,0.0,3.4,18.0,0,0.0,0.0,0.0,10.27
芒果,5,2,0,0,0.301,266.04,9.0,15.5,0,0.0,0.0,0.0,1.72
苹果,5,2,0,0,0.876,197.2,8.4,14.3,0,0.05,0.0,0.08,3.95
草莓,5,2,0,0,0.1,290.02,24.0,15.2,0,0.0,0.0,0.0,0.62
葡萄,5,2,0,0,0.425,264.09,12.0,17.5,0,0.0,0.0,0.0,0.38
西瓜,5,2,0,0,0.87,41.32,6.9,15.0,0,0.0,0.0,0.0,1.8
西红柿,5,2,0,0,0.747,172.56,9.0,14.1,0,0.0,0.15,0.0,3.03
香蕉,5,2,0,0,0.578,212.23,4.8,14.3,0,0.0,0.0,0.0,3.02
黄瓜,5,2,0,0,0.809,113.75,8.05,12.4,0,0.0,0.0,0.0,1.63
土豆,6,2,0,0,1.0,289.73,4.0,16.6,0,0.0,6.89,2.85,36.34
芒果,6,2,0,0,1.0,298.28,10.5,17.6,1,0.0,1.29,3.09,8.6
苹果,6,2,0,0,1.0,296.05,12.0,16.5,0,0.0,3.1,2.72,4.18
草莓,6,2,0,0,1.0,299.38,40.0,16.1,0,0.0,0.65,0.5,2.78
葡萄,6,2,0,0,1.0,299.62,26.0,17.3,1,0.08,2.81,1.96,1.67
西瓜,6,2,0,0,1.0,298.2,5.1,16.9,0,0.0,6.15,1.8,5.81
西红柿,6,2,0,0,1.0,296.97,10.35,15.9,0,0.0,5.72,9.32,10.8
香蕉,6,2,0,0,1.0,296.98,9.2,15.8,0,0.0,5.73,4.9,4.94
黄瓜,6,2,0,0,1.0,298.37,9.1,20.4,0,0.0,3.38,1.53,25.34
土豆,7,2,0,0,0.999,253.39,3.4,19.4,0,10.27,30.95,35.53,20.75
芒果,7,2,0,0,0.989,289.68,12.75,16.3,0,1.72,5.8,6.37,6.71
苹果,7,2,0,0,0.995,291.87,13.8,18.9,0,3.95,4.05,3.17,7.21
草莓,7,2,0,0,0.968,296.6,28.0,20.4,0,0.62,0.94,1.93,1.65
葡萄,7,2,0,0,0.987,297.95,26.0,17.3,0,0.38,3.79,3.89,1.38
西瓜,7,2,0,0,0.996,292.39,7.8,18.5,0,1.8,12.75,11.46,1.8
西红柿,7,2,0,0,0.99,286.17,9.0,20.1,0,3.03,11.92,4.87,10.14
香蕉,7,2,0,0,0.986,292.04,5.6,19.7,1,3.02,7.13,10.25,7.91
黄瓜,7,2,0,0,0.994,273.03,4.9,15.8,0,1.63,12.88,11.55,14.66
土豆,8,2,0,0,0.998,232.64,4.0,23.6,0,36.34,17.58,36.78,11.4
芒果,8,2,0,0,0.965,282.97,12.75,19.6,0,8.6,1.92,5.22,1.25
苹果,8,2,0,0,0.99,284.66,12.0,20.4,0,4.18,5.86,7.01,2.77
草莓,8,2,0,0,0.932,294.95,40.0,21.0,0,2.78,1.83,1.63,0.86
葡萄,8,2,0,0,0.97,296.57,20.0,18.8,1,1.67,4.63,2.6,2.04
西瓜,8,2,0,0,0.991,290.59,6.0,17.8,1,5.81,8.92,1.8,19.24
西红柿,8,2,0,0,0.979,276.03,9.0,21.2,1,10.8,5.02,17.1,13.02
香蕉,8,2,0,0,0.962,284.13,8.0,24.4,0,4.94,14.2,3.08,5.15
黄瓜,8,2,0,0,0.986,258.37,7.0,20.3,0,25.34,15.72,8.33,9.49
土豆,9,2,0,0,0.997,221.24,4.6,19.5,0,20.75,12.38,5.09,10.91
芒果,9,2,0,0,0.941,281.72,15.0,19.8,1,6.71,2.08,1.02,1.38
苹果,9,2,0,0,0.984,281.89,13.8,22.7,0,7.21,8.7,7.29,4.11
草莓,9,2,0,0,0.881,294.09,40.0,23.4,0,1.65,1.31,0.62,0.28
葡萄,9,2,0,0,0.948,294.53,20.0,20.8,0,1.38,2.38,4.23,0.38
西瓜,9,2,0,0,0.986,271.35,5.1,20.2,0,1.8,15.95,16.21,4.77
西红柿,9,2,0,0,0.968,263.01,6.3,21.7,0,10.14,4.26,2.32,4.0
香蕉,9,2,0,0,0.946,278.98,8.0,20.5,0,7.91,6.07,10.84,0.99
黄瓜,9,2,0,0,0.975,248.88,7.0,25.4,0,14.66,6.04,8.62,6.64
土豆,10,2,0,0,0.996,210.33,4.0,26.6,0,11.4,3.23,4.04,17.03
芒果,10,2,0,0,0.893,280.34,17.25,26.2,0,1.25,1.23,1.67,0.95
苹果,10,2,0,0,0.978,277.78,12.0,26.3,0,2.77,2.13,1.08,2.59
草莓,10,2,0,0,0.818,293.81,40.0,25.6,0,0.86,1.04,0.46,1.01
葡萄,10,2,0,0,0.916,294.15,26.0,24.8,0,2.04,0.93,2.22,2.45
西瓜,10,2,0,0,0.98,266.58,4.2,24.0,1,19.24,11.24,7.08,13.62
西红柿,10,2,0,0,0.953,259.01,9.0,26.0,0,13.02,4.97,1.51,11.06
香蕉,10,2,0,0,0.917,277.99,10.4,27.9,0,5.15,1.27,1.3,2.47
黄瓜,10,2,0,0,0.964,242.24,5.95,25.4,0,9.49,4.45,5.12,10.08
土豆,11,2,0,0,0.994,193.3,4.0,30.4,0,10.91,16.54,30.19,34.07
芒果,11,2,0,0,0.835,279.39,19.5,28.7,0,1.38,1.21,1.15,1.11
苹果,11,2,0,0,0.969,275.19,15.6,30.9,0,4.11,6.69,5.39,11.83
草莓,11,2,0,0,0.758,292.8,34.0,24.9,0,0.28,0.58,0.18,0.78
葡萄,11,2,0,0,0.891,291.7,20.0,22.0,0,0.38,0.73,3.8,1.42
西瓜,11,2,0,0,0.973,252.96,6.0,26.0,0,4.77,8.68,11.47,27.18
西红柿,11,2,0,0,0.937,247.95,7.65,27.7,0,4.0,7.04,5.06,6.94
香蕉,11,2,0,0,0.887,275.52,10.4,27.8,0,0.99,2.28,3.1,4.16
黄瓜,11,2,0,0,0.953,232.16,7.0,25.9,0,6.64,6.88,9.76,9.18
土豆,12,2,0,0,0.993,159.23,2.8,27.8,0,17.03,39.15,12.18,3.36
芒果,12,2,0,0,0.783,278.28,15.0,27.3,1,0.95,2.58,0.86,1.54
苹果,12,2,0,0,0.962,263.36,8.4,29.0,0,2.59,7.87,2.3,4.44
草莓,12,2,0,0,0.674,292.02,40.0,29.1,0,1.01,0.32,0.94,0.87
葡萄,12,2,0,0,0.857,290.28,14.0,25.3,1,2.45,0.59,3.39,1.59
西瓜,12,2,0,0,0.965,225.78,6.0,27.1,0,13.62,16.46,14.06,8.05
西红柿,12,2,0,0,0.923,241.01,9.0,25.4,0,11.06,7.62,4.52,7.17
香蕉,12,2,0,0,0.858,271.36,9.2,27.3,0,2.47,6.28,5.25,5.49
黄瓜,12,2,0,0,0.94,222.98,7.0,30.6,0,10.08,7.41,10.0,2.53
土豆,13,2,0,0,0.991,155.87,5.2,31.8,1,34.07,9.72,12.85,11.07
芒果,13,2,0,0,0.716,276.74,15.0,31.3,0,1.11,0.81,0.63,1.15
苹果,13,2,0,0,0.954,258.92,12.0,29.5,0,11.83,1.21,1.51,0.89
草莓,13,2,0,0,0.587,291.15,24.0,29.4,0,0.78,0.18,0.8,0.34
葡萄,13,2,0,0,0.817,288.69,17.0,28.2,0,1.42,2.48,2.56,0.69
西瓜,13,2,0,0,0.956,217.73,7.8,30.4,0,27.18,13.27,16.58,11.91
西红柿,13,2,0,0,0.906,233.84,7.65,30.1,0,6.94,5.68,8.97,1.43
香蕉,13,2,0,0,0.827,265.87,5.6,28.6,0,4.16,1.54,2.77,1.19
黄瓜,13,2,0,0,0.929,220.45,9.1,26.3,0,9.18,14.62,3.97,5.99
土豆,14,2,0,0,0.99,144.8,3.4,29.4,0,3.36,5.72,15.81,13.51
芒果,14,2,0,0,0.66,275.59,15.0,28.1,0,1.54,1.13,1.11,0.81
苹果,14,2,0,0,0.946,258.03,15.6,29.5,0,4.44,4.03,3.42,1.79
草莓,14,2,0,0,0.493,290.81,24.0,30.7,0,0.87,0.55,0.56,0.18
葡萄,14,2,0,0,0.774,288.0,20.0,29.0,0,1.59,0.96,0.48,0.62
西瓜,14,2,0,0,0.948,205.82,6.0,28.4,0,8.05,4.41,17.09,6.06
西红柿,14,2,0,0,0.888,232.41,11.7,29.9,0,7.17,5.51,4.02,2.06
香蕉,14,2,0,0,0.794,264.68,8.0,29.7,1,5.49,0.91,2.5,1.98
黄瓜,14,2,0,0,0.915,214.46,5.95,30.4,0,2.53,1.83,1.66,4.2
土豆,15,2,0,0,0.988,131.29,3.4,30.3,0,11.07,3.34,6.86,22.66
芒果,15,2,0,0,0.602,274.78,15.0,28.9,0,1.15,0.53,0.94,3.39
苹果,15,2,0,0,0.938,256.24,13.8,30.7,0,0.89,0.75,3.29,16.27
草莓,15,2,0,0,0.396,290.63,24.0,31.1,0,0.34,0.28,0.18,0.18
葡萄,15,2,0,0,0.735,287.38,20.0,27.8,0,0.69,1.03,0.77,2.21
西瓜,15,2,0,0,0.941,199.76,6.0,25.1,0,11.91,10.82,5.59,45.39
西红柿,15,2,0,0,0.872,230.35,10.35,28.7,0,1.43,2.66,5.58,6.07
香蕉,15,2,0,0,0.765,262.7,8.0,27.2,0,1.19,0.9,2.24,2.23
黄瓜,15,2,0,0,0.901,210.26,7.0,31.3,0,5.99,3.72,3.39,10.38
土豆,16,2,0,0,0.987,108.63,4.0,29.5,0,13.51,9.59,23.27,62.57
芒果,16,2,0,0,0.543,271.39,9.0,28.9,0,0.81,1.92,3.99,4.77
苹果,16,2,0,0,0.931,239.97,8.4,26.4,0,1.79,13.52,10.94,10.85
草莓,16,2,0,0,0.348,290.45,24.0,23.1,1,0.18,0.72,0.57,0.54
葡萄,16,2,0,0,0.703,285.17,20.0,24.8,0,0.62,1.76,3.28,5.17
西瓜,16,2,0,0,0.932,154.37,6.0,29.6,0,6.06,25.91,25.72,16.72
西红柿,16,2,0,0,0.856,224.28,10.35,28.5,0,2.06,3.67,7.69,20.81
香蕉,16,2,0,0,0.732,260.47,10.4,30.1,0,1.98,6.64,9.99,7.23
黄瓜,16,2,0,0,0.89,199.88,7.0,26.1,0,4.2,13.75,6.7,20.97
土豆,17,2,0,0,0.985,46.06,2.8,27.2,0,22.66,78.63,42.29,38.94
芒果,17,2,0,0,0.497,266.62,9.0,25.8,0,3.39,4.6,4.62,3.9
苹果,17,2,0,0,0.924,229.12,12.0,27.1,0,16.27,2.47,10.57,4.45
草莓,17,2,0,0,0.289,289.91,24.0,24.8,0,0.18,0.66,0.46,0.29
葡萄,17,2,0,0,0.679,280.0,17.0,21.7,0,2.21,1.2,1.29,5.38
西瓜,17,2,0,0,0.924,137.65,6.0,28.5,1,45.39,61.66,22.24,83.32
西红柿,17,2,0,0,0.838,203.47,7.65,30.4,0,6.07,11.47,7.42,7.7
香蕉,17,2,0,0,0.701,253.24,8.0,28.3,0,2.23,10.45,6.26,5.78
黄瓜,17,2,0,0,0.878,178.91,4.9,27.4,1,10.38,27.88,13.17,17.08
土豆,18,2,0,0,0.984,7.12,3.4,26.5,0,62.57,35.89,35.64,7.12
芒果,18,2,0,0,0.447,262.72,9.0,26.5,0,4.77,3.08,1.76,1.29
苹果,18,2,0,0,0.917,224.67,15.6,24.1,0,10.85,12.61,8.95,7.9
草莓,18,2,0,0,0.234,289.62,24.0,24.1,0,0.54,0.18,0.4,0.2
葡萄,18,2,0,0,0.65,274.62,14.0,23.6,0,5.17,5.08,1.87,4.86
西瓜,18,2,0,0,0.917,54.33,4.2,26.6,0,16.72,17.5,28.48,22.59
西红柿,18,2,0,0,0.826,195.77,10.35,22.9,0,20.81,9.18,4.38,8.07
香蕉,18,2,0,0,0.679,247.46,8.0,23.6,0,7.23,4.83,10.94,6.32
黄瓜,18,2,0,0,0.868,161.83,7.0,25.2,0,20.97,28.04,30.28,25.41
土豆,19,2,0,0,0.983,0.0,3.4,23.7,0,38.94,30.39,30.54,0.0
芒果,19,2,0,0,0.417,261.43,9.0,21.4,1,3.9,3.79,2.67,2.28
苹果,19,2,0,0,0.911,216.77,12.0,24.2,0,4.45,11.5,11.26,15.2
草莓,19,2,0,0,0.205,289.42,24.0,19.9,0,0.29,0.34,0.24,0.21
葡萄,19,2,0,0,0.623,269.76,14.0,22.6,0,5.38,4.53,4.71,3.03
西瓜,19,2,0,0,0.912,31.74,6.0,19.0,0,83.32,24.61,12.36,31.74
西红柿,19,2,0,0,0.81,187.7,10.35,27.0,0,7.7,24.31,8.82,11.28
香蕉,19,2,0,0,0.652,241.14,8.0,26.3,0,5.78,7.89,7.62,11.11
黄瓜,19,2,0,0,0.859,136.42,4.9,21.6,1,17.08,13.81,23.15,26.22
土豆,20,2,0,0,0.982,0.0,2.4,19.7,0,7.12,0.0,6.08,0.0
芒果,20,2,0,0,0.389,259.15,9.0,20.8,0,1.29,1.44,2.1,0.53
苹果,20,2,0,0,0.906,201.57,7.2,21.0,0,7.9,16.2,6.51,4.53
草莓,20,2,0,0,0.134,289.21,24.0,26.9,1,0.2,0.19,0.18,0.18
葡萄,20,2,0,0,0.596,266.73,12.0,22.7,0,4.86,2.15,3.79,0.38
西瓜,20,2,0,0,0.906,0.0,3.6,22.8,0,22.59,15.12,18.19,0.0
西红柿,20,2,0,0,0.801,176.42,5.4,19.6,1,8.07,12.87,19.02,6.08
香蕉,20,2,0,0,0.633,230.03,4.8,22.1,0,6.32,8.46,10.55,2.96
黄瓜,20,2,0,0,0.849,110.2,4.2,23.6,0,25.41,18.56,16.81,4.96
土豆,21,2,0,0,0.981,0.0,2.4,19.9,0,0.0,0.0,0.0,0.0
芒果,21,2,0,0,0.362,258.62,9.0,20.6,1,2.28,0.55,1.0,0.0
苹果,21,2,0,0,0.902,197.04,7.2,17.4,0,15.2,2.06,4.82,0.0
草莓,21,2,0,0,0.106,289.03,24.0,19.6,1,0.21,0.21,0.18,0.0
葡萄,21,2,0,0,0.582,266.35,12.0,17.7,1,3.03,0.78,1.56,0.0
西瓜,21,2,0,0,0.903,0.0,3.6,15.3,0,31.74,5.23,1.98,0.0
西红柿,21,2,0,0,0.792,170.34,5.4,17.8,0,11.28,5.23,4.28,0.0
香蕉,21,2,0,0,0.615,227.07,4.8,21.9,0,11.11,3.07,3.5,0.0
黄瓜,21,2,0,0,0.843,105.24,4.2,16.8,0,26.22,7.28,6.56,0.0
土豆,22,2,0,0,0.98,0.0,2.4,17.2,0,0.0,0.0,0.0,0.0
芒果,22,2,0,0,0.357,258.62,9.0,12.9,1,0.53,0.0,0.0,0.0
苹果,22,2,0,0,0.897,197.04,7.2,18.6,0,4.53,0.0,0.0,0.0
草莓,22,2,0,0,0.1,289.03,24.0,20.3,0,0.18,0.0,0.0,0.0
葡萄,22,2,0,0,0.569,266.35,12.0,17.4,0,0.38,0.0,0.0,0.0
西瓜,22,2,0,0,0.898,0.0,3.6,19.0,0,0.0,0.0,0.0,0.0
西红柿,22,2,0,0,0.784,170.34,5.4,17.0,0,6.08,0.0,0.0,0.0
香蕉,22,2,0,0,0.603,227.07,4.8,18.3,0,2.96,0.0,0.0,0.0
黄瓜,22,2,0,0,0.836,105.24,4.2,16.3,0,4.96,0.0,0.0,0.06
土豆,23,2,0,0,0.979,0.0,2.4,15.2,0,0.0,0.0,0.0,0.0
芒果,23,2,0,0,0.349,258.62,9.0,15.4,0,0.0,0.0,0.0,0.0
苹果,23,2,0,0,0.893,197.04,7.2,15.6,0,0.0,0.0,0.0,0.0
草莓,23,2,0,0,0.1,289.03,24.0,13.8,0,0.0,0.0,0.0,0.0
葡萄,23,2,0,0,0.549,266.35,12.0,19.8,0,0.0,0.0,0.0,0.0
西瓜,23,2,0,0,0.895,0.0,3.6,14.4,1,0.0,0.0,0.0,0.0
西红柿,23,2,0,0,0.778,170.34,5.4,15.9,0,0.0,0.0,0.0,0.0
香蕉,23,2,0,0,0.6,227.07,4.8,13.2,0,0.0,0.0,0.0,0.1
黄瓜,23,2,0,0,0.829,105.18,4.2,18.8,0,0.0,0.0,0.0,0.0
土豆,0,3,0,0,0.978,0.0,4.6,16.3,0,0.0,0.0,0.0,0.0
芒果,0,3,0,0,0.344,258.62,9.0,12.4,0,0.0,0.0,0.0,0.0
苹果,0,3,0,0,0.89,197.04,12.0,14.2,0,0.0,0.0,0.0,0.0
草莓,0,3,0,0,0.1,289.03,24.0,14.3,0,0.0,0.0,0.0,0.0
葡萄,0,3,0,0,0.545,266.35,12.0,12.4,0,0.0,0.0,0.0,0.0
西瓜,0,3,0,0,0.891,0.0,6.0,16.9,0,0.0,0.0,0.0,0.0
西红柿,0,3,0,0,0.771,170.34,7.65,15.2,1,0.0,0.0,0.0,0.0
香蕉,0,3,0,0,0.596,226.97,4.8,14.2,0,0.0,0.0,0.0,0.24
黄瓜,0,3,0,0,0.825,105.18,5.95,13.3,0,0.06,0.0,0.0,0.2
土豆,1,3,0,0,0.978,0.0,4.0,14.0,0,0.0,0.0,0.0,0.0
芒果,1,3,0,0,0.335,258.62,9.0,15.7,0,0.0,0.0,0.0,0.0
苹果,1,3,0,0,0.888,197.04,15.6,11.3,0,0.0,0.0,0.0,0.0
草莓,1,3,0,0,0.1,289.03,24.0,12.0,0,0.0,0.0,0.0,0.0
葡萄,1,3,0,0,0.539,266.35,12.0,14.6,0,0.0,0.0,0.0,0.0
西瓜,1,3,0,0,0.889,0.0,5.1,12.9,0,0.0,0.0,0.0,0.0
西红柿,1,3,0,0,0.767,170.34,6.3,12.6,0,0.0,0.08,0.0,0.0
香蕉,1,3,0,0,0.588,226.73,4.8,16.4,0,0.1,0.0,0.0,0.0
黄瓜,1,3,0,0,0.82,104.98,7.0,13.1,0,0.0,0.0,0.0,0.0
土豆,2,3,0,0,0.977,0.0,5.2,14.3,0,0.0,0.0,0.0,0.0
芒果,2,3,0,0,0.33,258.62,9.0,13.8,0,0.0,0.0,0.0,0.0
苹果,2,3,0,0,0.884,197.04,12.0,16.3,0,0.0,0.0,0.0,0.08
草莓,2,3,0,0,0.1,289.03,24.0,15.0,0,0.0,0.0,0.0,0.0
葡萄,2,3,0,0,0.535,266.35,12.0,13.4,0,0.0,0.0,0.0,0.0
西瓜,2,3,0,0,0.886,0.0,6.9,13.5,0,0.0,0.0,0.0,0.0
西红柿,2,3,0,0,0.764,170.34,9.0,10.1,0,0.0,0.0,0.0,0.0
香蕉,2,3,0,0,0.583,226.73,4.8,14.3,0,0.24,0.0,0.0,0.1
黄瓜,2,3,0,0,0.815,104.98,7.0,14.4,0,0.2,0.0,0.14,0.0
土豆,3,3,0,0,0.976,0.0,4.0,13.4,0,0.0,0.0,0.0,0.0
芒果,3,3,0,0,0.322,258.62,9.0,15.6,0,0.0,0.0,0.0,0.0
苹果,3,3,0,0,0.879,196.96,15.6,17.6,0,0.0,0.0,0.0,0.0
草莓,3,3,0,0,0.1,289.03,24.0,13.0,0,0.0,0.0,0.18,0.0
葡萄,3,3,0,0,0.531,266.35,12.0,12.5,0,0.0,0.0,0.0,0.0
西瓜,3,3,0,0,0.884,0.0,6.0,12.0,0,0.0,0.0,0.0,0.0
西红柿,3,3,0,0,0.757,170.34,9.0,15.8,0,0.0,0.23,0.04,0.0
香蕉,3,3,0,0,0.58,226.63,4.8,13.2,0,0.0,0.12,0.0,0.0
黄瓜,3,3,0,0,0.812,104.98,7.0,10.5,0,0.0,0.0,0.0,0.0
土豆,4,3,0,0,0.976,0.0,4.0,13.2,0,0.0,0.0,0.0,0.0
芒果,4,3,0,0,0.317,258.62,9.0,10.5,0,0.0,0.0,0.0,0.0
苹果,4,3,0,0,0.876,196.96,10.2,13.6,0,0.08,0.05,0.0,0.0
草莓,4,3,0,0,0.1,289.03,24.0,13.6,0,0.0,0.0,0.0,0.12
葡萄,4,3,0,0,0.524,266.35,12.0,14.8,0,0.0,0.0,0.0,0.0
西瓜,4,3,0,0,0.883,0.0,6.9,11.1,0,0.0,0.0,0.0,0.0
西红柿,4,3,0,0,0.753,170.34,6.3,12.9,0,0.0,0.0,0.0,0.0
香蕉,4,3,0,0,0.577,226.63,4.8,12.8,0,0.1,0.0,0.0,0.0
黄瓜,4,3,0,0,0.808,104.98,5.95,11.8,0,0.0,0.0,0.0,0.0
土豆,5,3,0,0,0.975,0.0,3.4,16.4,1,0.0,0.0,0.0,3.43
芒果,5,3,0,0,0.312,258.62,9.0,13.6,0,0.0,0.0,0.0,0.62
苹果,5,3,0,0,0.872,196.96,8.4,19.2,0,0.0,0.0,0.04,2.65
草莓,5,3,0,0,0.1,288.91,24.0,17.1,0,0.0,0.0,0.0,0.29
葡萄,5,3,0,0,0.511,266.35,12.0,17.2,0,0.0,0.08,0.0,1.88
西瓜,5,3,0,0,0.88,0.0,6.0,13.1,0,0.0,0.0,0.12,2.02
西红柿,5,3,0,0,0.746,170.34,11.7,15.9,1,0.0,0.0,0.0,2.84
香蕉,5,3,0,0,0.571,226.63,4.8,15.3,0,0.0,0.0,0.0,4.91
黄瓜,5,3,0,0,0.804,104.98,8.05,13.7,1,0.0,0.0,0.0,3.84
土豆,6,3,0,0,1.0,296.57,5.2,14.7,0,0.0,10.27,9.14,16.46
芒果,6,3,0,0,1.0,299.38,19.5,15.0,0,0.0,1.72,0.8,2.33
苹果,6,3,0,0,1.0,297.35,12.0,18.3,0,0.0,3.95,1.85,5.47
草莓,6,3,0,0,1.0,299.71,52.0,18.4,0,0.12,0.62,0.59,1.35
葡萄,6,3,0,0,1.0,298.12,17.0,17.3,0,0.0,0.38,1.31,1.29
西瓜,6,3,0,0,1.0,297.98,5.1,14.0,0,0.0,1.8,2.15,13.23
西红柿,6,3,0,0,1.0,297.16,9.0,14.2,0,0.0,3.03,2.04,9.63
香蕉,6,3,0,0,1.0,295.09,5.6,14.4,0,0.0,3.02,1.07,7.62
黄瓜,6,3,0,0,1.0,296.16,8.05,17.1,0,0.0,1.63,4.52,7.48
土豆,7,3,0,0,0.999,280.11,4.6,20.0,0,3.43,36.34,14.92,18.44
芒果,7,3,0,0,0.986,297.05,19.5,17.1,0,0.62,8.6,0.96,3.74
苹果,7,3,0,0,0.996,291.88,13.8,15.9,0,2.65,4.18,6.46,3.72
草莓,7,3,0,0,0.946,298.36,40.0,24.0,0,0.29,2.78,0.58,1.06
葡萄,7,3,0,0,0.978,296.83,26.0,20.8,0,1.88,1.67,1.54,1.72
西瓜,7,3,0,0,0.995,284.75,6.0,19.3,0,2.02,5.81,18.02,30.49
西红柿,7,3,0,0,0.991,287.53,9.0,19.3,0,2.84,10.8,3.63,10.12
香蕉,7,3,0,0,0.986,287.47,8.0,19.2,0,4.91,4.94,9.93,6.98
黄瓜,7,3,0,0,0.992,288.68,8.05,19.6,0,3.84,25.34,13.59,17.42
土豆,8,3,0,0,0.998,261.67,4.0,26.3,0,16.46,20.75,26.45,5.42
芒果,8,3,0,0,0.961,293.31,17.25,20.0,0,2.33,6.71,5.75,1.32
苹果,8,3,0,0,0.99,288.16,15.6,23.3,0,5.47,7.21,7.73,5.17
草莓,8,3,0,0,0.92,297.3,46.0,19.4,0,1.35,1.65,1.78,0.85
葡萄,8,3,0,0,0.952,295.11,14.0,22.4,1,1.29,1.38,5.7,3.0
西瓜,8,3,0,0,0.989,254.26,5.1,22.3,0,13.23,1.8,20.74,11.71
西红柿,8,3,0,0,0.984,277.41,9.0,15.4,0,9.63,10.14,6.77,4.52
香蕉,8,3,0,0,0.969,280.49,8.0,21.2,0,7.62,7.91,10.96,9.15
黄瓜,8,3,0,0,0.983,271.26,4.9,22.5,1,7.48,14.66,9.74,13.22
土豆,9,3,0,0,0.996,256.25,5.2,25.9,0,18.44,11.4,14.33,2.63
芒果,9,3,0,0,0.912,291.99,19.5,26.5,0,3.74,1.25,2.22,1.16
苹果,9,3,0,0,0.985,282.99,12.0,22.4,0,3.72,2.77,1.98,2.83
草莓,9,3,0,0,0.879,296.45,40.0,21.8,0,1.06,0.86,1.26,0.57
葡萄,9,3,0,0,0.922,292.11,17.0,23.9,0,1.72,2.04,2.22,0.42
西瓜,9,3,0,0,0.983,242.55,6.0,24.5,0,30.49,19.24,12.7,5.74
西红柿,9,3,0,0,0.971,272.89,10.35,24.0,0,10.12,13.02,6.03,3.44
香蕉,9,3,0,0,0.95,271.34,5.6,22.0,0,6.98,5.15,2.21,3.88
黄瓜,9,3,0,0,0.973,258.04,4.9,23.3,0,17.42,9.49,17.06,8.92
土豆,10,3,0,0,0.995,253.62,5.2,24.9,1,5.42,10.91,3.28,8.53
芒果,10,3,0,0,0.871,290.83,17.25,24.1,0,1.32,1.38,1.58,3.02
苹果,10,3,0,0,0.977,280.16,12.0,28.3,0,5.17,4.11,4.58,6.04
草莓,10,3,0,0,0.844,295.88,40.0,20.8,0,0.85,0.28,0.62,0.88
葡萄,10,3,0,0,0.889,291.69,20.0,25.2,1,3.0,0.38,0.65,3.45
西瓜,10,3,0,0,0.975,236.81,7.8,26.8,0,11.71,4.77,9.18,19.33
西红柿,10,3,0,0,0.958,269.45,9.0,24.6,0,4.52,4.0,3.03,7.73
香蕉,10,3,0,0,0.932,267.46,6.8,22.1,0,9.15,0.99,2.92,10.55
黄瓜,10,3,0,0,0.963,249.12,4.9,24.8,0,13.22,6.64,6.28,6.52
土豆,11,3,0,0,0.994,245.09,5.2,28.3,0,2.63,17.03,11.84,20.62
芒果,11,3,0,0,0.833,287.81,15.0,23.4,0,1.16,0.95,3.53,3.92
苹果,11,3,0,0,0.969,274.12,12.0,30.4,0,2.83,2.59,2.2,3.78
草莓,11,3,0,0,0.761,295.0,40.0,28.9,0,0.57,1.01,0.51,1.04
葡萄,11,3,0,0,0.85,288.24,17.0,27.9,0,0.42,2.45,0.98,2.88
西瓜,11,3,0,0,0.969,217.48,5.1,24.1,0,5.74,13.62,14.65,29.6
西红柿,11,3,0,0,0.942,261.72,9.0,27.3,0,3.44,11.06,9.61,4.3
香蕉,11,3,0,0,0.898,256.91,5.6,29.8,0,3.88,2.47,6.38,6.02
黄瓜,11,3,0,0,0.949,242.6,8.05,30.0,0,8.92,10.08,15.5,5.48
土豆,12,3,0,0,0.992,224.47,4.0,29.1,0,8.53,34.07,18.27,15.33
芒果,12,3,0,0,0.783,283.89,10.5,26.8,0,3.02,1.11,4.17,0.97
苹果,12,3,0,0,0.962,270.34,8.4,27.3,1,6.04,11.83,8.37,0.75
草莓,12,3,0,0,0.698,293.96,28.0,25.4,0,0.88,0.78,0.21,0.18
葡萄,12,3,0,0,0.808,285.36,14.0,28.8,0,3.45,1.42,1.66,0.61
西瓜,12,3,0,0,0.96,187.88,6.0,29.6,0,19.33,27.18,8.72,22.94
西红柿,12,3,0,0,0.925,257.42,10.35,29.6,0,7.73,6.94,7.25,3.63
香蕉,12,3,0,0,0.869,250.89,8.0,27.4,0,10.55,4.16,6.34,1.73
黄瓜,12,3,0,0,0.938,237.12,7.0,27.3,1,6.52,9.18,8.79,6.23
土豆,13,3,0,0,0.991,209.14,4.0,29.6,0,20.62,3.36,20.37,9.86
芒果,13,3,0,0,0.723,282.92,12.75,29.4,1,3.92,1.54,1.67,0.64
苹果,13,3,0,0,0.953,269.59,15.6,31.5,1,3.78,4.44,3.92,3.86
草莓,13,3,0,0,0.615,293.78,46.0,28.9,1,1.04,0.87,0.51,0.39
葡萄,13,3,0,0,0.77,284.75,26.0,27.2,0,2.88,1.59,1.38,0.77
西瓜,13,3,0,0,0.951,164.94,6.0,31.1,0,29.6,8.05,35.18,15.75
西红柿,13,3,0,0,0.908,253.79,10.35,28.7,0,4.3,7.17,5.56,3.24
香蕉,13,3,0,0,0.837,249.16,8.0,29.3,1,6.02,5.49,4.21,0.9
黄瓜,13,3,0,0,0.922,230.89,5.95,34.7,0,5.48,2.53,6.24,3.68
土豆,14,3,0,0,0.989,199.28,4.0,32.1,0,15.33,11.07,2.81,8.05
芒果,14,3,0,0,0.665,282.28,15.0,28.8,0,0.97,1.15,0.59,1.01
苹果,14,3,0,0,0.945,265.73,8.4,32.0,0,0.75,0.89,1.04,2.34
草莓,14,3,0,0,0.52,293.39,24.0,30.8,0,0.18,0.34,0.46,0.47
葡萄,14,3,0,0,0.729,283.98,20.0,28.3,0,0.61,0.69,0.93,0.38
西瓜,14,3,0,0,0.943,149.19,6.0,28.3,0,22.94,11.91,14.92,17.56
西红柿,14,3,0,0,0.891,250.55,9.0,29.7,0,3.63,1.43,3.72,3.32
香蕉,14,3,0,0,0.805,248.26,10.4,29.2,0,1.73,1.19,2.05,1.96
黄瓜,14,3,0,0,0.909,227.21,5.95,29.2,1,6.23,5.99,4.23,4.82
土豆,15,3,0,0,0.988,191.23,4.0,26.4,0,9.86,13.51,4.55,28.48
芒果,15,3,0,0,0.614,281.27,15.0,26.7,0,0.64,0.81,0.85,2.26
苹果,15,3,0,0,0.937,263.39,12.0,28.0,0,3.86,1.79,0.96,10.73
草莓,15,3,0,0,0.441,292.92,24.0,28.1,0,0.39,0.18,0.33,0.38
葡萄,15,3,0,0,0.686,283.6,26.0,29.3,1,0.77,0.62,0.46,2.71
西瓜,15,3,0,0,0.934,131.63,5.1,30.8,0,15.75,6.06,13.84,16.43
西红柿,15,3,0,0,0.873,247.23,9.0,30.3,0,3.24,2.06,3.88,9.37
香蕉,15,3,0,0,0.772,246.3,9.2,29.3,0,0.9,1.98,1.47,5.71
黄瓜,15,3,0,0,0.896,222.39,7.0,29.9,0,3.68,4.2,2.52,16.51
土豆,16,3,0,0,0.986,162.75,4.0,27.9,0,8.05,22.66,32.22,20.3
芒果,16,3,0,0,0.556,279.01,9.0,28.8,1,1.01,3.39,3.25,4.73
苹果,16,3,0,0,0.93,252.66,12.0,28.7,0,2.34,16.27,1.41,15.72
草莓,16,3,0,0,0.324,292.54,24.0,34.6,0,0.47,0.18,0.7,0.5
葡萄,16,3,0,0,0.654,280.89,17.0,24.7,0,0.38,2.21,0.86,2.79
西瓜,16,3,0,0,0.925,115.2,7.8,28.8,0,17.56,45.39,13.29,23.55
西红柿,16,3,0,0,0.858,237.86,9.0,27.0,0,3.32,6.07,7.35,8.96
香蕉,16,3,0,0,0.736,240.59,8.0,31.1,0,1.96,2.23,7.74,9.08
黄瓜,16,3,0,0,0.885,205.88,4.9,26.7,0,4.82,10.38,11.07,12.0
土豆,17,3,0,0,0.985,142.45,4.6,22.0,0,28.48,62.57,54.41,41.13
芒果,17,3,0,0,0.508,274.28,9.0,26.3,0,2.26,4.77,4.53,3.48
苹果,17,3,0,0,0.923,236.94,10.2,26.9,0,10.73,10.85,7.99,21.63
草莓,17,3,0,0,0.267,292.04,24.0,24.5,0,0.38,0.54,0.6,0.18
葡萄,17,3,0,0,0.607,278.1,20.0,30.6,0,2.71,5.17,2.43,1.69
西瓜,17,3,0,0,0.918,91.65,6.9,25.1,0,16.43,16.72,87.45,26.8
西红柿,17,3,0,0,0.846,228.9,9.0,22.1,0,9.37,20.81,9.29,16.92
香蕉,17,3,0,0,0.707,231.51,5.6,27.8,0,5.71,7.23,14.82,9.18
黄瓜,17,3,0,0,0.873,193.88,8.05,26.7,0,16.51,20.97,34.21,17.95
土豆,18,3,0,0,0.984,101.32,4.0,26.7,0,20.3,38.94,49.21,27.43
芒果,18,3,0,0,0.465,270.8,9.0,24.7,0,4.73,3.9,2.95,2.61
苹果,18,3,0,0,0.917,215.31,8.4,21.5,0,15.72,4.45,4.24,15.38
草莓,18,3,0,0,0.206,291.86,24.0,25.2,1,0.5,0.29,0.55,0.18
葡萄,18,3,0,0,0.576,276.41,12.0,24.4,1,2.79,5.38,2.96,2.64
西瓜,18,3,0,0,0.912,64.85,6.0,25.1,0,23.55,83.32,10.79,38.79
西红柿,18,3,0,0,0.833,211.98,7.65,24.6,0,8.96,7.7,14.14,4.09
香蕉,18,3,0,0,0.685,222.33,6.8,23.7,0,9.08,5.78,11.03,5.16
黄瓜,18,3,0,0,0.863,175.93,7.0,24.8,0,12.0,17.08,12.29,11.86
土豆,19,3,0,0,0.983,73.89,4.0,25.3,1,41.13,7.12,36.43,42.08
芒果,19,3,0,0,0.416,268.19,9.0,26.4,0,3.48,1.29,2.57,1.81
苹果,19,3,0,0,0.912,199.93,10.2,20.5,0,21.63,7.9,4.23,15.19
草莓,19,3,0,0,0.159,291.68,24.0,22.8,0,0.18,0.2,0.21,0.19
葡萄,19,3,0,0,0.552,273.77,12.0,21.6,0,1.69,4.86,1.74,2.35
西瓜,19,3,0,0,0.905,26.06,5.1,24.0,0,26.8,22.59,9.26,26.06
西红柿,19,3,0,0,0.82,207.89,11.7,24.4,0,16.92,8.07,10.84,10.64
香蕉,19,3,0,0,0.664,217.17,8.0,23.2,0,9.18,6.32,8.49,8.85
黄瓜,19,3,0,0,0.853,164.07,8.05,23.6,0,17.95,25.41,16.12,20.44
土豆,20,3,0,0,0.982,31.81,2.4,21.4,0,27.43,0.0,1.77,18.23
芒果,20,3,0,0,0.393,266.38,9.0,19.6,0,2.61,2.28,2.23,0.6
苹果,20,3,0,0,0.906,184.74,7.2,24.7,0,15.38,15.2,13.95,4.74
草莓,20,3,0,0,0.113,291.49,24.0,22.6,0,0.18,0.21,0.18,0.18
葡萄,20,3,0,0,0.532,271.42,12.0,20.1,0,2.64,3.03,2.75,0.83
西瓜,20,3,0,0,0.899,0.0,3.6,22.3,0,38.79,31.74,29.11,0.0
西红柿,20,3,0,0,0.806,197.25,5.4,24.9,0,4.09,11.28,14.31,5.84
香蕉,20,3,0,0,0.644,208.32,4.8,22.5,0,5.16,11.11,7.71,2.49
黄瓜,20,3,0,0,0.843,143.63,4.2,23.3,0,11.86,26.22,20.99,5.13
土豆,21,3,0,0,0.981,13.58,2.4,22.5,0,42.08,0.0,0.0,0.0
芒果,21,3,0,0,0.367,265.78,9.0,20.3,0,1.81,0.53,0.72,0.0
苹果,21,3,0,0,0.9,180.0,7.2,20.4,0,15.19,4.53,6.05,0.0
草莓,21,3,0,0,0.1,291.31,24.0,17.3,0,0.19,0.18,0.18,0.0
葡萄,21,3,0,0,0.516,270.59,12.0,18.4,0,2.35,0.38,1.02,0.0
西瓜,21,3,0,0,0.895,0.0,3.6,18.0,0,26.06,0.0,0.0,0.0
西红柿,21,3,0,0,0.797,191.41,5.4,18.4,0,10.64,6.08,4.03,0.0
香蕉,21,3,0,0,0.626,205.83,4.8,21.9,0,8.85,2.96,1.19,0.09
黄瓜,21,3,0,0,0.835,138.5,4.2,20.9,0,20.44,4.96,6.02,0.0
土豆,22,3,0,0,0.98,13.58,2.4,18.5,0,18.23,0.0,0.0,0.16
芒果,22,3,0,0,0.352,265.78,9.0,17.3,0,0.6,0.0,0.0,0.0
苹果,22,3,0,0,0.896,180.0,7.2,18.2,0,4.74,0.0,0.0,0.0
草莓,22,3,0,0,0.1,291.31,24.0,14.7,1,0.18,0.0,0.0,0.0
葡萄,22,3,0,0,0.505,270.59,12.0,16.4,0,0.83,0.0,0.06,0.0
西瓜,22,3,0,0,0.892,0.0,3.6,15.3,1,0.0,0.0,0.0,0.0
西红柿,22,3,0,0,0.791,191.41,5.4,14.6,1,5.84,0.0,0.0,0.0
香蕉,22,3,0,0,0.619,205.74,4.8,15.7,0,2.49,0.0,0.13,0.0
黄瓜,22,3,0,0,0.828,138.5,4.2,18.2,0,5.13,0.0,0.0,0.0
土豆,23,3,0,0,0.979,13.42,2.4,15.4,0,0.0,0.0,0.0,0.0
芒果,23,3,0,0,0.347,265.78,9.0,13.0,0,0.0,0.0,0.0,0.0
苹果,23,3,0,0,0.892,180.0,7.2,15.7,0,0.0,0.0,0.03,0.0
草莓,23,3,0,0,0.1,291.31,24.0,13.8,0,0.0,0.0,0.0,0.0
葡萄,23,3,0,0,0.496,270.59,12.0,15.5,1,0.0,0.0,0.0,0.0
西瓜,23,3,0,0,0.888,0.0,3.6,15.4,1,0.0,0.0,0.0,0.0
西红柿,23,3,0,0,0.784,191.41,5.4,16.9,1,0.0,0.0,0.0,0.0
香蕉,23,3,0,0,0.609,205.74,4.8,17.3,0,0.09,0.0,0.0,0.0
黄瓜,23,3,0,0,0.822,138.5,4.2,15.7,0,0.0,0.06,0.0,0.0
土豆,0,4,0,0,0.978,13.42,4.0,12.7,0,0.16,0.0,0.0,0.0
芒果,0,4,0,0,0.342,265.78,9.0,13.2,0,0.0,0.0,0.0,0.0
苹果,0,4,0,0,0.889,180.0,8.4,13.8,0,0.0,0.0,0.0,0.0
草莓,0,4,0,0,0.1,291.31,24.0,13.9,0,0.0,0.0,0.0,0.0
葡萄,0,4,0,0,0.492,270.59,12.0,11.6,0,0.0,0.0,0.0,0.04
西瓜,0,4,0,0,0.885,0.0,7.8,15.9,0,0.0,0.0,0.0,0.0
西红柿,0,4,0,0,0.778,191.41,11.7,14.0,0,0.0,0.0,0.11,0.0
香蕉,0,4,0,0,0.598,205.74,4.8,17.9,1,0.0,0.1,0.0,0.0
黄瓜,0,4,0,0,0.818,138.5,7.0,12.4,0,0.0,0.0,0.0,0.0
土豆,1,4,0,0,0.978,13.42,4.0,14.8,1,0.0,0.0,0.0,0.0
芒果,1,4,0,0,0.337,265.78,9.0,10.6,0,0.0,0.0,0.0,0.0
苹果,1,4,0,0,0.886,180.0,13.8,15.2,0,0.0,0.0,0.0,0.0
草莓,1,4,0,0,0.1,291.31,24.0,13.5,0,0.0,0.0,0.0,0.0
葡萄,1,4,0,0,0.488,270.55,12.0,11.5,0,0.0,0.0,0.0,0.0
西瓜,1,4,0,0,0.883,0.0,5.1,13.3,0,0.0,0.0,0.0,0.0
西红柿,1,4,0,0,0.773,191.41,10.35,13.2,0,0.0,0.0,0.0,0.0
香蕉,1,4,0,0,0.589,205.74,4.8,16.6,0,0.0,0.24,0.0,0.0
黄瓜,1,4,0,0,0.811,138.5,7.0,16.6,0,0.0,0.2,0.0,0.0
土豆,2,4,0,0,0.977,13.42,3.4,12.7,1,0.0,0.0,0.0,0.0
芒果,2,4,0,0,0.329,265.78,9.0,15.5,0,0.0,0.0,0.01,0.0
苹果,2,4,0,0,0.883,180.0,13.8,11.0,0,0.0,0.0,0.0,0.0
草莓,2,4,0,0,0.1,291.31,24.0,13.6,0,0.0,0.0,0.0,0.0
葡萄,2,4,0,0,0.482,270.55,12.0,14.4,0,0.04,0.0,0.0,0.0
西瓜,2,4,0,0,0.881,0.0,4.2,11.3,0,0.0,0.0,0.0,0.0
西红柿,2,4,0,0,0.766,191.41,7.65,15.8,0,0.0,0.0,0.0,0.0
香蕉,2,4,0,0,0.586,205.74,4.8,13.7,0,0.0,0.0,0.0,0.0
黄瓜,2,4,0,0,0.806,138.5,9.1,15.7,0,0.0,0.0,0.0,0.0
土豆,3,4,0,0,0.976,13.42,4.6,15.7,0,0.0,0.0,0.0,0.0
芒果,3,4,0,0,0.322,265.78,9.0,15.0,0,0.0,0.0,0.0,0.0
苹果,3,4,0,0,0.879,180.0,10.2,16.7,0,0.0,0.08,0.0,0.0
草莓,3,4,0,0,0.1,291.31,24.0,12.6,0,0.0,0.0,0.0,0.0
葡萄,3,4,0,0,0.478,270.55,12.0,11.3,0,0.0,0.0,0.09,0.0
西瓜,3,4,0,0,0.877,0.0,5.1,16.6,0,0.0,0.0,0.0,0.0
西红柿,3,4,0,0,0.762,191.41,11.7,12.8,0,0.0,0.0,0.0,0.0
香蕉,3,4,0,0,0.576,205.74,4.8,17.3,0,0.0,0.1,0.0,0.0
黄瓜,3,4,0,0,0.802,138.5,5.95,12.5,1,0.0,0.0,0.0,0.0
土豆,4,4,0,0,0.975,13.42,4.0,15.6,0,0.0,0.0,0.0,0.0
芒果,4,4,0,0,0.317,265.78,9.0,12.4,0,0.0,0.0,0.0,0.0
苹果,4,4,0,0,0.876,180.0,12.0,14.9,0,0.0,0.0,0.0,0.0
草莓,4,4,0,0,0.1,291.31,24.0,14.8,1,0.0,0.0,0.0,0.0
葡萄,4,4,0,0,0.474,270.55,12.0,12.4,0,0.0,0.0,0.0,0.0
西瓜,4,4,0,0,0.874,0.0,6.0,14.5,0,0.0,0.0,0.0,0.0
西红柿,4,4,0,0,0.757,191.41,9.0,13.5,1,0.0,0.0,0.09,0.0
香蕉,4,4,0,0,0.573,205.74,4.8,11.6,1,0.0,0.0,0.01,0.02
黄瓜,4,4,0,0,0.797,138.5,7.0,13.5,0,0.0,0.0,0.0,0.0
土豆,5,4,0,0,0.974,13.42,4.0,17.7,0,0.0,0.0,0.0,4.47
芒果,5,4,0,0,0.305,265.78,9.0,16.7,0,0.0,0.0,0.0,0.58
苹果,5,4,0,0,0.873,180.0,13.8,14.2,0,0.0,0.0,0.0,5.23
草莓,5,4,0,0,0.1,291.31,24.0,16.1,0,0.0,0.12,0.0,0.63
葡萄,5,4,0,0,0.46,270.55,12.0,17.8,0,0.0,0.0,0.0,2.54
西瓜,5,4,0,0,0.869,0.0,6.0,19.1,1,0.0,0.0,0.0,7.11
西红柿,5,4,0,0,0.749,191.41,9.0,16.8,0,0.0,0.0,0.0,4.86
香蕉,5,4,0,0,0.563,205.72,4.8,17.4,0,0.0,0.0,0.0,1.6
黄瓜,5,4,0,0,0.792,138.5,4.9,15.0,0,0.0,0.0,0.0,5.37
土豆,6,4,0,0,1.0,295.53,5.2,19.3,0,0.0,3.43,13.12,38.14
芒果,6,4,0,0,1.0,299.42,17.25,17.0,1,0.0,0.62,1.46,1.84
苹果,6,4,0,0,1.0,294.77,8.4,16.8,0,0.0,2.65,2.71,5.79
草莓,6,4,0,0,1.0,299.37,40.0,19.5,0,0.0,0.29,0.49,2.76
葡萄,6,4,0,0,1.0,297.46,14.0,17.0,0,0.0,1.88,1.81,3.49
西瓜,6,4,0,0,1.0,292.89,6.0,18.8,0,0.0,2.02,1.8,1.8
西红柿,6,4,0,0,1.0,295.14,9.0,18.3,0,0.0,2.84,5.73,17.17
香蕉,6,4,0,0,1.0,298.4,10.4,15.7,0,0.02,4.91,1.55,12.11
黄瓜,6,4,0,0,1.0,294.63,7.0,19.9,0,0.0,3.84,6.68,10.91
土豆,7,4,0,0,0.999,257.39,2.8,18.5,0,4.47,16.46,24.44,16.43
芒果,7,4,0,0,0.966,297.58,19.5,22.3,0,0.58,2.33,1.81,3.82
苹果,7,4,0,0,0.995,288.98,13.8,18.8,0,5.23,5.47,7.43,4.75
草莓,7,4,0,0,0.962,296.61,28.0,21.4,0,0.63,1.35,3.26,1.56
葡萄,7,4,0,0,0.984,293.97,17.0,18.2,0,2.54,1.29,0.57,1.1
西瓜,7,4,0,0,0.996,291.09,6.9,17.1,1,7.11,13.23,15.05,6.25
西红柿,7,4,0,0,0.989,277.97,6.3,21.2,1,4.86,9.63,5.08,9.72
香蕉,7,4,0,0,0.983,286.29,5.6,21.2,0,1.6,7.62,3.21,8.24
黄瓜,7,4,0,0,0.992,283.72,7.0,20.3,0,5.37,7.48,22.91,10.31
土豆,8,4,0,0,0.998,240.96,4.6,23.1,0,38.14,18.44,23.98,19.95
芒果,8,4,0,0,0.942,293.76,15.0,19.8,0,1.84,3.74,1.91,0.74
苹果,8,4,0,0,0.991,284.23,13.8,18.2,0,5.79,3.72,9.23,4.85
草莓,8,4,0,0,0.903,295.05,40.0,24.7,0,2.76,1.06,0.75,0.83
葡萄,8,4,0,0,0.973,292.87,20.0,16.7,1,3.49,1.72,3.62,1.73
西瓜,8,4,0,0,0.99,284.84,7.8,21.9,0,1.8,30.49,21.0,20.83
西红柿,8,4,0,0,0.978,268.25,7.65,21.3,0,17.17,10.12,10.25,14.79
香蕉,8,4,0,0,0.959,278.05,8.0,24.6,0,12.11,6.98,15.24,1.35
黄瓜,8,4,0,0,0.984,273.41,7.0,19.6,1,10.91,17.42,4.61,7.33
土豆,9,4,0,0,0.997,221.01,3.4,22.3,0,16.43,5.42,7.64,8.87
芒果,9,4,0,0,0.895,293.02,15.0,26.0,1,3.82,1.32,2.6,2.18
苹果,9,4,0,0,0.985,279.38,12.0,23.4,0,4.75,5.17,4.57,1.08
草莓,9,4,0,0,0.852,294.22,40.0,23.6,0,1.56,0.85,0.32,0.43
葡萄,9,4,0,0,0.944,291.14,23.0,23.3,0,1.1,3.0,2.52,0.48
西瓜,9,4,0,0,0.984,264.01,4.2,23.3,0,6.25,11.71,4.7,2.99
西红柿,9,4,0,0,0.965,253.46,6.3,24.0,0,9.72,4.52,6.43,3.36
香蕉,9,4,0,0,0.939,276.7,10.4,22.8,0,8.24,9.15,8.07,2.39
黄瓜,9,4,0,0,0.973,266.08,8.05,25.2,0,10.31,13.22,4.69,2.22
土豆,10,4,0,0,0.996,212.14,4.0,24.2,0,19.95,2.63,11.21,19.28
芒果,10,4,0,0,0.852,290.84,12.75,24.6,0,0.74,1.16,1.62,0.89
苹果,10,4,0,0,0.978,278.3,12.0,26.8,1,4.85,2.83,1.32,1.65
草莓,10,4,0,0,0.792,293.79,46.0,25.0,0,0.83,0.57,0.37,1.19
葡萄,10,4,0,0,0.902,290.66,26.0,28.9,0,1.73,0.42,2.34,2.72
西瓜,10,4,0,0,0.977,261.02,7.8,25.3,0,20.83,5.74,10.98,14.7
西红柿,10,4,0,0,0.951,250.1,9.0,25.6,1,14.79,3.44,3.4,11.63
香蕉,10,4,0,0,0.916,274.31,9.2,24.0,0,1.35,3.88,6.39,6.82
黄瓜,10,4,0,0,0.962,263.86,8.05,27.2,0,7.33,8.92,4.25,5.19
土豆,11,4,0,0,0.994,192.86,2.8,29.7,0,8.87,8.53,30.31,19.01
芒果,11,4,0,0,0.806,289.95,19.5,25.8,0,2.18,3.02,1.72,2.62
苹果,11,4,0,0,0.971,276.65,13.8,27.5,1,1.08,6.04,8.91,2.35
草莓,11,4,0,0,0.737,292.6,34.0,24.1,0,0.43,0.88,0.83,0.66
葡萄,11,4,0,0,0.862,287.94,20.0,28.2,0,0.48,3.45,3.27,2.81
西瓜,11,4,0,0,0.97,246.32,6.0,25.8,0,2.99,19.33,6.43,18.42
西红柿,11,4,0,0,0.934,238.47,7.65,29.1,0,3.36,7.73,7.03,4.72
香蕉,11,4,0,0,0.892,267.49,8.0,25.0,0,2.39,10.55,1.6,1.75
黄瓜,11,4,0,0,0.95,258.67,8.05,26.3,1,2.22,6.52,3.14,9.69
土豆,12,4,0,0,0.993,173.85,4.0,28.4,0,19.28,20.62,19.07,11.19
芒果,12,4,0,0,0.744,287.33,15.0,29.8,0,0.89,3.92,0.9,0.75
苹果,12,4,0,0,0.963,274.3,12.0,27.7,1,1.65,3.78,6.9,2.83
草莓,12,4,0,0,0.657,291.94,40.0,28.4,0,1.19,1.04,1.02,0.61
葡萄,12,4,0,0,0.824,285.13,17.0,27.1,0,2.72,2.88,1.05,1.48
西瓜,12,4,0,0,0.961,227.9,4.2,30.8,1,14.7,29.6,23.9,13.41
西红柿,12,4,0,0,0.917,233.75,10.35,29.4,0,11.63,4.3,7.47,2.98
香蕉,12,4,0,0,0.86,265.74,10.4,29.3,0,6.82,6.02,7.24,3.64
黄瓜,12,4,0,0,0.938,248.98,7.0,28.5,0,5.19,5.48,5.45,7.05
土豆,13,4,0,0,0.991,162.66,4.0,26.9,0,19.01,15.33,10.71,10.26
芒果,13,4,0,0,0.682,286.58,15.0,29.9,1,2.62,0.97,1.61,0.96
苹果,13,4,0,0,0.954,271.47,13.8,33.1,0,2.35,0.75,4.16,4.6
草莓,13,4,0,0,0.545,291.33,24.0,33.6,0,0.66,0.18,0.18,0.37
葡萄,13,4,0,0,0.784,283.65,20.0,27.9,0,2.81,0.61,1.03,0.39
西瓜,13,4,0,0,0.953,214.49,6.9,28.3,0,18.42,22.94,17.31,13.15
西红柿,13,4,0,0,0.899,230.77,10.35,30.9,0,4.72,3.63,8.89,4.52
香蕉,13,4,0,0,0.827,262.1,8.0,29.3,0,1.75,1.73,3.98,1.68
黄瓜,13,4,0,0,0.927,241.93,5.95,25.4,0,9.69,6.23,2.74,1.32
土豆,14,4,0,0,0.99,152.4,4.0,28.7,0,11.19,9.86,10.23,3.69
芒果,14,4,0,0,0.614,285.62,15.0,31.5,0,0.75,0.64,1.52,1.5
苹果,14,4,0,0,0.946,266.87,8.4,29.6,0,2.83,3.86,5.4,0.75
草莓,14,4,0,0,0.453,290.96,24.0,30.3,0,0.61,0.39,0.46,0.26
葡萄,14,4,0,0,0.742,283.26,20.0,28.8,1,1.48,0.77,1.46,0.38
西瓜,14,4,0,0,0.944,201.34,6.0,30.2,0,13.41,15.75,15.8,16.09
西红柿,14,4,0,0,0.881,226.25,7.65,30.8,0,2.98,3.24,2.04,2.85
香蕉,14,4,0,0,0.79,260.42,9.2,31.9,0,3.64,0.9,2.0,2.49
黄瓜,14,4,0,0,0.914,240.61,9.1,29.6,0,7.05,3.68,5.61,2.7
土豆,15,4,0,0,0.988,148.71,5.2,28.6,0,10.26,8.05,8.53,22.55
芒果,15,4,0,0,0.546,284.12,9.0,31.3,0,0.96,1.01,1.61,1.31
苹果,15,4,0,0,0.938,266.12,13.8,32.3,1,4.6,2.34,1.07,4.99
草莓,15,4,0,0,0.365,290.7,24.0,29.7,0,0.37,0.47,0.29,0.21
葡萄,15,4,0,0,0.701,282.88,17.0,28.6,1,0.39,0.38,0.38,2.82
西瓜,15,4,0,0,0.936,185.25,6.0,26.9,0,13.15,17.56,1.8,13.87
西红柿,15,4,0,0,0.863,223.4,9.0,30.7,0,4.52,3.32,2.55,8.61
香蕉,15,4,0,0,0.76,257.93,6.8,28.0,0,1.68,1.96,3.21,6.04
黄瓜,15,4,0,0,0.903,237.91,7.0,26.1,1,1.32,4.82,3.1,18.37
土豆,16,4,0,0,0.987,126.16,4.6,30.2,0,3.69,28.48,14.78,41.94
芒果,16,4,0,0,0.491,282.81,9.0,28.0,1,1.5,2.26,5.23,3.7
苹果,16,4,0,0,0.93,261.13,12.0,30.2,0,0.75,10.73,8.85,10.08
草莓,16,4,0,0,0.286,290.49,24.0,28.2,0,0.26,0.38,0.51,0.23
葡萄,16,4,0,0,0.658,280.06,14.0,29.2,0,0.38,2.71,3.91,0.71
西瓜,16,4,0,0,0.928,171.38,7.8,28.0,0,16.09,16.43,12.65,10.9
西红柿,16,4,0,0,0.844,214.79,9.0,32.0,0,2.85,9.37,11.8,10.81
香蕉,16,4,0,0,0.732,251.89,8.0,26.7,0,2.49,5.71,3.73,6.41
黄瓜,16,4,0,0,0.889,219.54,5.95,31.2,0,2.7,16.51,13.53,16.95
土豆,17,4,0,0,0.986,84.22,4.0,25.8,0,22.55,20.3,36.13,8.53
芒果,17,4,0,0,0.442,279.11,9.0,26.4,0,1.31,4.73,5.7,2.82
苹果,17,4,0,0,0.922,251.05,12.0,27.7,0,4.99,15.72,13.79,4.2
草莓,17,4,0,0,0.209,290.26,24.0,27.8,0,0.21,0.5,0.32,0.24
葡萄,17,4,0,0,0.623,279.35,23.0,26.0,1,2.82,2.79,2.76,1.54
西瓜,17,4,0,0,0.921,160.48,7.8,25.9,0,13.87,23.55,26.29,26.47
西红柿,17,4,0,0,0.827,203.98,9.0,29.5,0,8.61,8.96,13.42,10.11
香蕉,17,4,0,0,0.708,245.48,8.0,24.8,0,6.04,9.08,3.22,2.98
黄瓜,17,4,0,0,0.878,202.59,7.0,26.6,0,18.37,12.0,22.42,5.96
土豆,18,4,0,0,0.984,75.69,5.2,25.4,1,41.94,41.13,15.9,37.28
芒果,18,4,0,0,0.396,276.29,9.0,25.6,0,3.7,3.48,5.47,2.44
苹果,18,4,0,0,0.916,246.85,15.6,25.3,0,10.08,21.63,16.75,13.18
草莓,18,4,0,0,0.16,290.02,24.0,23.2,0,0.23,0.18,0.18,0.18
葡萄,18,4,0,0,0.593,277.81,12.0,23.9,1,0.71,1.69,5.01,4.14
西瓜,18,4,0,0,0.915,134.01,6.0,22.9,0,10.9,26.8,15.75,27.52
西红柿,18,4,0,0,0.814,193.87,9.0,23.0,0,10.81,16.92,12.56,4.11
香蕉,18,4,0,0,0.689,242.5,10.4,22.5,0,6.41,9.18,11.33,2.7
黄瓜,18,4,0,0,0.867,196.63,9.1,24.2,0,16.95,17.95,14.81,6.86
土豆,19,4,0,0,0.983,38.41,4.0,23.6,0,8.53,27.43,27.59,33.96
芒果,19,4,0,0,0.351,273.85,9.0,25.5,0,2.82,2.61,3.97,1.31
苹果,19,4,0,0,0.909,233.67,10.2,24.5,0,4.2,15.38,8.6,12.9
草莓,19,4,0,0,0.1,289.84,24.0,25.4,0,0.24,0.18,0.29,0.18
葡萄,19,4,0,0,0.564,273.67,12.0,23.8,0,1.54,2.64,3.64,0.86
西瓜,19,4,0,0,0.908,106.49,6.0,24.3,0,26.47,38.79,42.14,31.25
西红柿,19,4,0,0,0.799,189.76,11.7,27.0,0,10.11,4.09,11.86,12.93
香蕉,19,4,0,0,0.666,239.8,8.0,24.3,1,2.98,5.16,8.1,10.59
黄瓜,19,4,0,0,0.859,189.77,9.1,20.2,0,5.96,11.86,25.53,25.35
土豆,20,4,0,0,0.982,4.45,2.4,19.2,0,37.28,42.08,46.36,4.45
芒果,20,4,0,0,0.326,272.54,9.0,20.0,0,2.44,1.81,1.13,0.53
苹果,20,4,0,0,0.904,220.77,7.2,21.7,0,13.18,15.19,18.3,4.79
草莓,20,4,0,0,0.1,289.66,24.0,18.8,0,0.18,0.19,0.18,0.18
葡萄,20,4,0,0,0.549,272.81,12.0,17.9,1,4.14,2.35,2.08,0.76
西瓜,20,4,0,0,0.902,75.24,3.6,23.7,0,27.52,26.06,38.49,9.01
西红柿,20,4,0,0,0.789,176.83,5.4,20.1,1,4.11,10.64,11.91,4.94
香蕉,20,4,0,0,0.655,229.21,4.8,17.6,0,2.7,8.85,12.24,0.9
黄瓜,20,4,0,0,0.848,164.42,4.2,25.9,0,6.86,20.44,12.27,6.74
土豆,21,4,0,0,0.981,0.0,2.4,21.8,0,33.96,18.23,0.0,0.0
芒果,21,4,0,0,0.301,272.01,9.0,20.0,1,1.31,0.6,0.69,0.0
苹果,21,4,0,0,0.899,215.98,7.2,21.4,0,12.9,4.74,2.08,0.12
草莓,21,4,0,0,0.1,289.48,24.0,21.7,0,0.18,0.18,0.18,0.06
葡萄,21,4,0,0,0.532,272.05,12.0,18.7,0,0.86,0.83,0.89,0.0
西瓜,21,4,0,0,0.897,66.23,3.6,20.2,0,31.25,0.0,14.19,0.0
西红柿,21,4,0,0,0.781,171.89,5.4,17.1,0,12.93,5.84,5.43,0.0
香蕉,21,4,0,0,0.639,228.31,4.8,20.6,1,10.59,2.49,0.97,0.0
黄瓜,21,4,0,0,0.839,157.68,4.2,21.7,0,25.35,5.13,7.84,0.0
土豆,22,4,0,0,0.98,0.0,2.4,20.6,0,4.45,0.0,0.0,0.0
芒果,22,4,0,0,0.288,272.01,9.0,16.8,0,0.53,0.0,0.0,0.05
苹果,22,4,0,0,0.893,215.86,7.2,20.5,0,4.79,0.0,0.0,0.0
草莓,22,4,0,0,0.1,289.42,24.0,17.3,0,0.18,0.0,0.08,0.0
葡萄,22,4,0,0,0.516,272.05,12.0,18.2,0,0.76,0.0,0.0,0.0
西瓜,22,4,0,0,0.893,66.23,3.6,17.0,1,9.01,0.0,0.0,0.0
西红柿,22,4,0,0,0.774,171.89,5.4,16.6,0,4.94,0.0,0.0,0.0
香蕉,22,4,0,0,0.635,228.31,4.8,14.3,0,0.9,0.09,0.0,0.0
黄瓜,22,4,0,0,0.834,157.68,4.2,14.6,0,6.74,0.0,0.0,0.16
土豆,23,4,0,0,0.979,0.0,2.4,19.3,0,0.0,0.16,0.0,0.0
芒果,23,4,0,0,0.273,271.96,9.0,17.2,0,0.0,0.0,0.0,0.0
苹果,23,4,0,0,0.889,215.86,7.2,17.9,1,0.12,0.0,0.0,0.0
草莓,23,4,0,0,0.1,289.42,24.0,15.7,0,0.06,0.0,0.0,0.0
葡萄,23,4,0,0,0.511,272.05,12.0,14.0,1,0.0,0.0,0.0,0.0
西瓜,23,4,0,0,0.89,66.23,3.6,15.6,0,0.0,0.0,0.0,0.0
西红柿,23,4,0,0,0.765,171.89,5.4,18.8,0,0.0,0.0,0.0,0.0
香蕉,23,4,0,0,0.632,228.31,4.8,13.3,0,0.0,0.0,0.0,0.0
黄瓜,23,4,0,0,0.828,157.52,4.2,17.0,0,0.0,0.0,0.14,0.17
土豆,0,5,1,1,0.979,0.0,5.2,13.3,0,0.0,0.0,0.0,0.0
芒果,0,5,1,1,0.268,271.96,9.0,12.2,0,0.05,0.0,0.0,0.0
苹果,0,5,1,1,0.885,215.86,10.2,16.4,1,0.0,0.0,0.0,0.0
草莓,0,5,1,1,0.1,289.42,24.0,13.8,0,0.0,0.0,0.0,0.15
葡萄,0,5,1,1,0.497,272.05,12.0,17.7,0,0.0,0.0,0.0,0.0
西瓜,0,5,1,1,0.887,66.23,6.9,14.1,0,0.0,0.0,0.0,0.0
西红柿,0,5,1,1,0.759,171.89,9.0,14.4,0,0.0,0.0,0.0,0.0
香蕉,0,5,1,1,0.628,228.31,8.0,14.1,0,0.0,0.0,0.0,0.0
黄瓜,0,5,1,1,0.82,157.35,7.0,20.3,0,0.16,0.0,0.0,0.0
土豆,1,5,1,1,0.978,0.0,4.0,14.9,0,0.0,0.0,0.0,0.0
芒果,1,5,1,1,0.263,271.96,9.0,13.1,0,0.0,0.0,0.0,0.0
苹果,1,5,1,1,0.882,215.86,12.0,13.1,1,0.0,0.0,0.0,0.0
草莓,1,5,1,1,0.1,289.27,24.0,13.2,0,0.0,0.0,0.18,0.0
葡萄,1,5,1,1,0.493,272.05,12.0,12.5,0,0.0,0.04,0.0,0.0
西瓜,1,5,1,1,0.885,66.23,6.0,11.8,1,0.0,0.0,0.0,0.0
西红柿,1,5,1,1,0.755,171.89,10.35,12.5,0,0.0,0.0,0.0,0.0
香蕉,1,5,1,1,0.625,228.31,8.0,12.2,0,0.0,0.0,0.0,0.0
黄瓜,1,5,1,1,0.814,157.35,5.95,14.6,0,0.17,0.0,0.0,0.0
土豆,2,5,1,1,0.977,0.0,3.4,14.3,0,0.0,0.0,0.0,0.0
芒果,2,5,1,1,0.258,271.96,9.0,14.1,0,0.0,0.0,0.0,0.0
苹果,2,5,1,1,0.879,215.86,12.0,13.5,0,0.0,0.0,0.0,0.0
草莓,2,5,1,1,0.1,289.27,24.0,13.3,0,0.15,0.0,0.11,0.0
葡萄,2,5,1,1,0.489,272.05,12.0,13.0,0,0.0,0.0,0.0,0.0
西瓜,2,5,1,1,0.883,66.23,6.0,13.0,0,0.0,0.0,0.0,0.0
西红柿,2,5,1,1,0.75,171.89,6.3,13.1,0,0.0,0.0,0.0,0.0
香蕉,2,5,1,1,0.619,228.31,8.0,15.2,0,0.0,0.0,0.0,0.0
黄瓜,2,5,1,1,0.808,157.35,7.0,16.2,0,0.0,0.0,0.0,0.0
土豆,3,5,1,1,0.976,0.0,4.0,14.9,0,0.0,0.0,0.0,0.0
芒果,3,5,1,1,0.244,271.96,9.0,17.1,1,0.0,0.0,0.0,0.0
苹果,3,5,1,1,0.876,215.86,15.6,13.5,0,0.0,0.0,0.05,0.0
草莓,3,5,1,1,0.1,289.27,24.0,15.8,1,0.0,0.0,0.0,0.0
葡萄,3,5,1,1,0.485,272.05,12.0,9.7,0,0.0,0.0,0.0,0.11
西瓜,3,5,1,1,0.879,66.23,6.0,16.0,0,0.0,0.0,0.0,0.0
西红柿,3,5,1,1,0.743,171.89,9.0,15.2,0,0.0,0.0,0.0,0.0
香蕉,3,5,1,1,0.611,228.31,9.2,16.2,0,0.0,0.0,0.0,0.0
黄瓜,3,5,1,1,0.805,157.35,8.05,11.4,0,0.0,0.0,0.0,0.0
土豆,4,5,1,1,0.976,0.0,4.6,15.3,0,0.0,0.0,0.0,0.0
芒果,4,5,1,1,0.239,271.96,9.0,12.9,0,0.0,0.0,0.0,0.11
苹果,4,5,1,1,0.872,215.86,13.8,16.4,0,0.0,0.0,0.01,0.0
草莓,4,5,1,1,0.1,289.27,24.0,17.9,0,0.0,0.0,0.0,0.0
葡萄,4,5,1,1,0.479,271.94,12.0,14.6,0,0.0,0.0,0.0,0.0
西瓜,4,5,1,1,0.876,66.23,7.8,14.4,1,0.0,0.0,0.0,0.0
西红柿,4,5,1,1,0.737,171.89,9.0,15.2,0,0.0,0.0,0.0,0.0
香蕉,4,5,1,1,0.603,228.31,9.2,15.9,0,0.0,0.0,0.0,0.0
黄瓜,4,5,1,1,0.799,157.35,9.1,15.8,0,0.0,0.0,0.0,0.0
土豆,5,5,1,1,0.975,0.0,4.0,11.0,0,0.0,0.0,0.0,20.52
芒果,5,5,1,1,0.234,271.85,9.0,14.0,0,0.0,0.0,0.0,3.63
苹果,5,5,1,1,0.869,215.86,15.6,13.0,0,0.0,0.0,0.0,2.38
草莓,5,5,1,1,0.1,289.27,24.0,12.0,0,0.0,0.0,0.0,1.21
葡萄,5,5,1,1,0.472,271.94,12.0,14.7,0,0.11,0.0,0.0,1.36
西瓜,5,5,1,1,0.873,66.23,5.1,14.8,0,0.0,0.0,0.0,8.71
西红柿,5,5,1,1,0.729,171.89,9.0,17.7,0,0.0,0.0,0.0,9.28
香蕉,5,5,1,1,0.593,228.31,4.8,17.5,0,0.0,0.02,0.0,7.03
黄瓜,5,5,1,1,0.794,157.35,7.0,14.0,0,0.0,0.0,0.0,3.43
土豆,6,5,1,1,1.0,279.48,4.0,13.7,0,0.0,4.47,15.0,38.99
芒果,6,5,1,1,1.0,296.37,17.25,16.6,0,0.11,0.58,1.42,3.22
苹果,6,5,1,1,1.0,297.62,8.4,19.0,1,0.0,5.23,4.37,11.58
草莓,6,5,1,1,1.0,298.79,40.0,17.8,0,0.0,0.63,0.3,0.98
葡萄,6,5,1,1,1.0,298.64,14.0,17.3,1,0.0,2.54,4.41,14.29
西瓜,6,5,1,1,1.0,291.29,6.9,20.4,0,0.0,7.11,1.8,39.74
西红柿,6,5,1,1,1.0,290.72,9.0,21.0,0,0.0,4.86,2.92,9.72
香蕉,6,5,1,1,1.0,292.97,8.0,16.0,0,0.0,1.6,2.61,18.0
黄瓜,6,5,1,1,1.0,296.57,7.0,17.5,1,0.0,5.37,1.47,18.57
土豆,7,5,1,1,0.999,240.49,4.0,22.2,0,20.52,38.14,21.34,26.76
芒果,7,5,1,1,0.973,293.15,12.75,20.5,1,3.63,1.84,6.11,12.12
苹果,7,5,1,1,0.994,286.04,12.0,22.0,0,2.38,5.79,12.26,15.09
草莓,7,5,1,1,0.982,297.81,34.0,18.0,1,1.21,2.76,3.8,2.17
葡萄,7,5,1,1,0.979,284.35,14.0,20.3,0,1.36,3.49,5.47,0.92
西瓜,7,5,1,1,0.994,251.55,6.0,22.7,0,8.71,1.8,43.58,31.03
西红柿,7,5,1,1,0.991,281.0,11.7,19.3,0,9.28,17.17,7.97,21.8
香蕉,7,5,1,1,0.982,274.97,8.0,21.6,0,7.03,12.11,13.19,25.9
黄瓜,7,5,1,1,0.991,278.0,8.05,21.3,0,3.43,10.91,7.4,14.51
土豆,8,5,1,1,0.998,213.73,4.6,22.8,0,38.99,16.43,12.41,39.91
芒果,8,5,1,1,0.924,281.03,12.75,26.5,0,3.22,3.82,10.09,5.64
苹果,8,5,1,1,0.99,270.95,12.0,19.1,0,11.58,4.75,16.15,8.49
草莓,8,5,1,1,0.934,295.64,46.0,23.0,0,0.98,1.56,0.31,1.23
葡萄,8,5,1,1,0.951,283.43,23.0,23.4,1,14.29,1.1,1.41,4.05
西瓜,8,5,1,1,0.988,220.52,6.0,22.4,0,39.74,6.25,4.86,9.23
西红柿,8,5,1,1,0.978,259.2,9.0,23.4,0,9.72,9.72,2.14,5.11
香蕉,8,5,1,1,0.969,249.07,5.6,18.8,0,18.0,8.24,12.24,23.43
黄瓜,8,5,1,1,0.982,263.49,8.05,22.8,0,18.57,10.31,9.5,9.73
土豆,9,5,1,1,0.996,173.82,4.0,28.8,0,26.76,19.95,9.42,14.77
芒果,9,5,1,1,0.887,275.39,15.0,23.1,0,12.12,0.74,7.58,0.59
苹果,9,5,1,1,0.985,262.46,12.0,20.5,0,15.09,4.85,8.57,5.08
草莓,9,5,1,1,0.877,294.41,40.0,24.5,0,2.17,0.83,3.17,0.31
葡萄,9,5,1,1,0.918,279.38,20.0,25.1,0,0.92,1.73,0.43,2.44
西瓜,9,5,1,1,0.981,211.29,7.8,24.7,0,31.03,20.83,18.48,52.32
西红柿,9,5,1,1,0.964,254.09,9.0,24.8,1,21.8,14.79,10.0,9.46
香蕉,9,5,1,1,0.946,225.64,5.6,24.5,0,25.9,1.35,3.22,13.49
黄瓜,9,5,1,1,0.973,253.76,8.05,21.9,0,14.51,7.33,9.36,8.31
土豆,10,5,1,1,0.995,159.05,4.6,26.9,0,39.91,8.87,11.33,36.66
芒果,10,5,1,1,0.836,274.8,15.0,27.1,1,5.64,2.18,1.61,5.09
苹果,10,5,1,1,0.978,257.38,12.0,23.4,0,8.49,1.08,5.9,18.11
草莓,10,5,1,1,0.806,294.1,52.0,26.8,0,1.23,0.43,0.84,0.71
葡萄,10,5,1,1,0.877,276.94,20.0,28.5,0,4.05,0.48,2.62,2.96
西瓜,10,5,1,1,0.973,158.97,4.2,29.0,0,9.23,2.99,15.92,35.48
西红柿,10,5,1,1,0.95,244.63,7.65,25.5,0,5.11,3.36,8.53,15.7
香蕉,10,5,1,1,0.919,212.15,5.6,26.4,0,23.43,2.39,9.78,9.46
黄瓜,10,5,1,1,0.962,245.45,7.0,24.7,0,9.73,2.22,4.8,23.92
土豆,11,5,1,1,0.994,122.39,3.4,28.2,0,14.77,19.28,22.84,15.4
芒果,11,5,1,1,0.777,269.71,15.0,28.9,0,0.59,0.89,3.97,2.74
苹果,11,5,1,1,0.972,239.27,10.2,26.4,0,5.08,1.65,2.27,13.44
草莓,11,5,1,1,0.72,293.39,52.0,29.4,0,0.31,1.19,1.11,2.24
葡萄,11,5,1,1,0.841,273.98,20.0,26.1,0,2.44,2.72,4.52,4.12
西瓜,11,5,1,1,0.963,123.49,7.8,32.1,0,52.32,14.7,34.28,44.5
西红柿,11,5,1,1,0.934,228.93,9.0,28.8,0,9.46,11.63,17.25,21.81
香蕉,11,5,1,1,0.886,202.69,9.2,29.7,0,13.49,6.82,9.23,9.07
黄瓜,11,5,1,1,0.949,221.53,5.95,31.3,0,8.31,5.19,14.03,3.75
土豆,12,5,1,1,0.992,106.99,5.2,29.0,0,36.66,19.01,39.16,52.56
芒果,12,5,1,1,0.722,266.97,17.25,27.9,0,5.09,2.62,3.63,4.9
苹果,12,5,1,1,0.965,225.83,12.0,26.3,0,18.11,2.35,12.4,5.89
草莓,12,5,1,1,0.629,291.15,28.0,30.2,0,0.71,0.66,1.19,1.35
葡萄,12,5,1,1,0.8,269.86,17.0,28.4,0,2.96,2.81,4.56,1.06
西瓜,12,5,1,1,0.954,78.99,6.0,31.3,0,35.48,18.42,38.75,43.26
西红柿,12,5,1,1,0.918,207.12,7.65,27.1,0,15.7,4.72,7.3,4.26
香蕉,12,5,1,1,0.855,193.62,8.0,28.5,0,9.46,1.75,2.92,5.51
黄瓜,12,5,1,1,0.935,217.78,8.05,29.8,1,23.92,9.69,5.92,7.62
土豆,13,5,1,1,0.991,54.43,2.8,29.4,0,15.4,11.19,9.15,8.65
芒果,13,5,1,1,0.658,262.07,12.75,30.6,0,2.74,0.75,2.84,2.14
苹果,13,5,1,1,0.956,219.94,13.8,30.8,0,13.44,2.83,3.94,1.98
草莓,13,5,1,1,0.537,289.8,24.0,30.3,0,2.24,0.61,0.65,0.49
葡萄,13,5,1,1,0.758,268.8,14.0,28.8,1,4.12,1.48,1.79,0.67
西瓜,13,5,1,1,0.944,35.73,6.9,33.5,0,44.5,13.41,25.08,2.59
西红柿,13,5,1,1,0.901,202.86,10.35,29.8,0,21.81,2.98,5.84,8.27
香蕉,13,5,1,1,0.819,188.11,9.2,30.9,0,9.07,3.64,5.28,3.1
黄瓜,13,5,1,1,0.923,210.16,4.9,28.5,1,3.75,7.05,11.22,8.11
土豆,14,5,1,1,0.989,45.78,5.2,31.5,0,52.56,10.26,20.56,21.21
芒果,14,5,1,1,0.591,259.93,9.0,31.1,0,4.9,0.96,1.36,2.7
苹果,14,5,1,1,0.949,217.96,8.4,29.0,1,5.89,4.6,4.05,1.93
草莓,14,5,1,1,0.435,289.31,24.0,31.9,0,1.35,0.37,0.85,0.34
葡萄,14,5,1,1,0.708,268.13,26.0,32.1,0,1.06,0.39,0.38,0.38
西瓜,14,5,1,1,0.935,33.14,7.8,29.7,1,43.26,13.15,21.44,27.69
西红柿,14,5,1,1,0.884,194.59,7.65,29.2,0,4.26,4.52,3.01,7.9
香蕉,14,5,1,1,0.784,185.01,9.2,31.0,0,5.51,1.68,5.53,5.41
黄瓜,14,5,1,1,0.909,202.05,7.0,30.7,0,7.62,1.32,2.21,2.7
土豆,15,5,1,1,0.988,24.57,4.0,28.5,0,8.65,3.69,9.64,24.57
芒果,15,5,1,1,0.525,257.23,9.0,31.0,0,2.14,1.5,0.58,1.19
苹果,15,5,1,1,0.94,216.03,15.6,31.3,0,1.98,0.75,2.88,29.17
草莓,15,5,1,1,0.342,288.97,24.0,30.5,0,0.49,0.26,0.42,0.66
葡萄,15,5,1,1,0.661,267.75,26.0,30.8,1,0.67,0.38,1.13,1.44
西瓜,15,5,1,1,0.926,5.45,6.0,31.9,0,2.59,16.09,5.51,5.45
西红柿,15,5,1,1,0.867,186.69,9.0,29.8,0,8.27,2.85,8.44,22.43
香蕉,15,5,1,1,0.755,179.6,6.8,27.1,0,3.1,2.49,3.01,10.96
黄瓜,15,5,1,1,0.895,199.35,7.0,33.4,1,8.11,2.7,2.52,6.16
土豆,16,5,1,1,0.986,0.0,2.8,31.0,1,21.21,22.55,40.08,0.0
芒果,16,5,1,1,0.468,256.04,9.0,28.4,1,2.7,1.31,1.31,6.31
苹果,16,5,1,1,0.932,186.86,8.4,31.0,0,1.93,4.99,7.65,26.09
草莓,16,5,1,1,0.272,288.31,24.0,26.7,0,0.34,0.21,1.12,0.47
葡萄,16,5,1,1,0.618,266.31,26.0,29.2,0,0.38,2.82,1.08,7.93
西瓜,16,5,1,1,0.917,0.0,7.8,29.6,0,27.69,13.87,69.03,0.0
西红柿,16,5,1,1,0.849,164.26,7.65,30.6,0,7.9,8.61,10.36,25.93
香蕉,16,5,1,1,0.723,168.64,8.0,29.0,0,5.41,6.04,13.1,13.55
黄瓜,16,5,1,1,0.882,193.19,8.05,28.2,1,2.7,18.37,28.27,30.47
土豆,17,5,1,1,0.984,0.0,3.4,32.3,0,24.57,41.94,20.94,0.0
芒果,17,5,1,1,0.414,249.73,9.0,27.7,0,1.19,3.7,1.27,5.62
苹果,17,5,1,1,0.925,160.77,12.0,25.3,0,29.17,10.08,7.2,6.27
草莓,17,5,1,1,0.195,287.84,24.0,27.8,0,0.66,0.23,0.93,0.18
葡萄,17,5,1,1,0.576,258.38,12.0,28.8,0,1.44,0.71,1.68,9.22
西瓜,17,5,1,1,0.91,0.0,4.2,25.7,0,5.45,10.9,21.27,0.0
西红柿,17,5,1,1,0.834,138.33,9.0,26.7,0,22.43,10.81,28.09,10.53
香蕉,17,5,1,1,0.69,155.09,8.0,29.7,0,10.96,6.41,15.61,10.57
黄瓜,17,5,1,1,0.87,162.72,7.0,27.7,0,6.16,16.95,19.75,44.13
土豆,18,5,1,1,0.983,0.0,4.6,24.9,0,0.0,8.53,57.12,0.0
芒果,18,5,1,1,0.364,244.11,9.0,26.9,0,6.31,2.82,5.25,4.18
苹果,18,5,1,1,0.92,154.5,15.6,23.1,0,26.09,4.2,18.43,38.62
草莓,18,5,1,1,0.122,287.66,24.0,27.2,0,0.47,0.24,0.68,0.18
葡萄,18,5,1,1,0.538,249.16,12.0,27.2,0,7.93,1.54,1.1,5.79
西瓜,18,5,1,1,0.904,0.0,4.2,23.7,0,0.0,26.47,0.0,0.0
西红柿,18,5,1,1,0.817,127.8,9.0,28.4,1,25.93,10.11,26.65,32.79
香蕉,18,5,1,1,0.66,144.52,8.0,28.2,0,13.55,2.98,2.96,3.08
黄瓜,18,5,1,1,0.861,118.59,5.95,23.3,0,30.47,5.96,15.48,53.36
土豆,19,5,1,1,0.982,0.0,2.8,19.7,0,0.0,37.28,11.01,0.0
芒果,19,5,1,1,0.323,239.93,9.0,24.2,0,5.62,2.44,3.52,1.79
苹果,19,5,1,1,0.914,115.88,8.4,22.4,0,6.27,13.18,20.12,4.65
草莓,19,5,1,1,0.1,287.48,24.0,23.6,1,0.18,0.18,0.61,0.18
葡萄,19,5,1,1,0.501,243.37,12.0,26.9,0,9.22,4.14,4.21,3.36
西瓜,19,5,1,1,0.897,0.0,7.8,24.5,0,0.0,27.52,0.0,0.0
西红柿,19,5,1,1,0.805,95.01,6.3,22.8,0,10.53,4.11,19.28,15.05
香蕉,19,5,1,1,0.635,141.44,8.0,25.1,1,10.57,2.7,2.69,14.98
黄瓜,19,5,1,1,0.853,65.23,4.9,19.6,0,44.13,6.86,11.26,44.27
土豆,20,5,1,1,0.981,0.0,2.4,23.1,0,0.0,33.96,0.0,0.0
芒果,20,5,1,1,0.284,238.14,9.0,23.6,0,4.18,1.31,2.48,0.53
苹果,20,5,1,1,0.908,111.23,7.2,21.1,1,38.62,12.9,14.52,9.54
草莓,20,5,1,1,0.1,287.3,24.0,21.5,0,0.18,0.18,0.44,0.18
葡萄,20,5,1,1,0.477,240.01,12.0,21.5,0,5.79,0.86,4.08,0.93
西瓜,20,5,1,1,0.892,0.0,3.6,21.7,0,0.0,31.25,0.0,0.0
西红柿,20,5,1,1,0.793,79.96,5.4,23.7,1,32.79,12.93,22.34,11.14
香蕉,20,5,1,1,0.617,126.46,4.8,21.6,0,3.08,10.59,10.83,5.65
黄瓜,20,5,1,1,0.845,20.96,4.2,18.7,0,53.36,25.35,13.75,14.69
土豆,21,5,1,1,0.98,0.0,2.4,22.8,0,0.0,4.45,0.0,0.0
芒果,21,5,1,1,0.268,237.61,9.0,17.7,0,1.79,0.53,0.69,0.07
苹果,21,5,1,1,0.904,101.69,7.2,19.1,0,4.65,4.79,7.15,0.0
草莓,21,5,1,1,0.1,287.12,24.0,18.6,0,0.18,0.18,0.18,0.0
葡萄,21,5,1,1,0.454,239.08,12.0,21.4,0,3.36,0.76,1.62,0.0
西瓜,21,5,1,1,0.887,0.0,3.6,18.5,0,0.0,9.01,0.0,0.0
西红柿,21,5,1,1,0.78,68.82,5.4,23.1,0,15.05,4.94,5.46,0.0
香蕉,21,5,1,1,0.605,120.81,4.8,18.6,0,14.98,0.9,3.61,0.0
黄瓜,21,5,1,1,0.836,6.27,4.2,23.2,0,44.27,6.74,9.71,0.0
土豆,22,5,1,1,0.979,0.0,2.4,17.0,0,0.0,0.0,0.0,0.0
芒果,22,5,1,1,0.253,237.54,9.0,17.4,0,0.53,0.0,0.0,0.0
苹果,22,5,1,1,0.899,101.69,7.2,18.2,0,9.54,0.12,0.0,0.0
草莓,22,5,1,1,0.1,287.12,24.0,18.3,1,0.18,0.06,0.0,0.0
葡萄,22,5,1,1,0.431,239.08,12.0,21.2,0,0.93,0.0,0.0,0.0
西瓜,22,5,1,1,0.882,0.0,3.6,20.1,0,0.0,0.0,0.0,0.0
西红柿,22,5,1,1,0.773,68.82,5.4,16.3,0,11.14,0.0,0.0,0.0
香蕉,22,5,1,1,0.597,120.81,4.8,16.2,0,5.65,0.0,0.0,0.0
黄瓜,22,5,1,1,0.828,6.27,4.2,20.3,0,14.69,0.0,0.0,0.0
土豆,23,5,1,1,0.978,0.0,2.4,20.0,0,0.0,0.0,0.0,0.0
芒果,23,5,1,1,0.242,237.54,9.0,16.3,0,0.07,0.05,0.01,0.0
苹果,23,5,1,1,0.896,101.69,7.2,14.9,1,0.0,0.0,0.0,0.0
草莓,23,5,1,1,0.1,287.12,24.0,14.1,0,0.0,0.0,0.0,0.0
葡萄,23,5,1,1,0.423,239.08,12.0,15.0,0,0.0,0.0,0.0,0.0
西瓜,23,5,1,1,0.879,0.0,3.6,14.5,0,0.0,0.0,0.0,0.0
西红柿,23,5,1,1,0.765,68.82,5.4,17.8,0,0.0,0.0,0.0,0.0
香蕉,23,5,1,1,0.59,120.81,4.8,15.6,0,0.0,0.0,0.0,0.0
黄瓜,23,5,1,1,0.823,6.27,4.2,14.0,0,0.0,0.16,0.0,0.0
土豆,0,6,1,1,0.977,0.0,3.4,16.6,0,0.0,0.0,0.0,0.0
芒果,0,6,1,1,0.233,237.54,9.0,15.6,0,0.0,0.0,0.08,0.0
苹果,0,6,1,1,0.892,101.69,15.6,16.7,0,0.0,0.0,0.0,0.0
草莓,0,6,1,1,0.1,287.12,24.0,14.8,0,0.0,0.0,0.0,0.0
葡萄,0,6,1,1,0.418,239.08,12.0,13.9,0,0.0,0.0,0.0,0.0
西瓜,0,6,1,1,0.877,0.0,4.2,13.6,0,0.0,0.0,0.0,0.0
西红柿,0,6,1,1,0.757,68.82,10.35,17.4,0,0.0,0.0,0.0,0.0
香蕉,0,6,1,1,0.585,120.81,4.8,15.0,0,0.0,0.0,0.0,0.0
黄瓜,0,6,1,1,0.818,6.27,9.1,13.7,0,0.0,0.17,0.0,0.0
土豆,1,6,1,1,0.977,0.0,2.8,13.4,1,0.0,0.0,0.0,0.0
芒果,1,6,1,1,0.228,237.54,9.0,12.1,1,0.0,0.0,0.0,0.0
苹果,1,6,1,1,0.888,101.69,12.0,16.4,1,0.0,0.0,0.0,0.0
草莓,1,6,1,1,0.1,287.12,24.0,14.1,1,0.0,0.15,0.0,0.0
葡萄,1,6,1,1,0.414,239.08,12.0,12.2,0,0.0,0.0,0.0,0.0
西瓜,1,6,1,1,0.873,0.0,6.9,15.2,0,0.0,0.0,0.0,0.0
西红柿,1,6,1,1,0.75,68.82,11.7,15.3,0,0.0,0.0,0.0,0.0
香蕉,1,6,1,1,0.582,120.81,4.8,13.5,1,0.0,0.0,0.0,0.0
黄瓜,1,6,1,1,0.813,6.27,4.9,14.1,0,0.0,0.0,0.0,0.0
土豆,2,6,1,1,0.976,0.0,5.2,13.6,0,0.0,0.0,0.0,0.0
芒果,2,6,1,1,0.223,237.54,9.0,13.3,1,0.0,0.0,0.0,0.0
苹果,2,6,1,1,0.885,101.69,12.0,13.2,0,0.0,0.0,0.0,0.0
草莓,2,6,1,1,0.1,287.12,24.0,18.1,0,0.0,0.0,0.0,0.0
葡萄,2,6,1,1,0.405,239.08,12.0,15.6,1,0.0,0.0,0.0,0.0
西瓜,2,6,1,1,0.871,0.0,6.9,13.6,0,0.0,0.0,0.0,0.0
西红柿,2,6,1,1,0.745,68.82,9.0,13.8,0,0.0,0.0,0.0,0.0
香蕉,2,6,1,1,0.579,120.81,4.8,11.8,0,0.0,0.0,0.0,0.0
黄瓜,2,6,1,1,0.807,6.27,9.1,16.1,0,0.0,0.0,0.0,0.0
土豆,3,6,1,1,0.975,0.0,4.6,16.7,0,0.0,0.0,0.0,0.0
芒果,3,6,1,1,0.207,237.54,9.0,17.7,0,0.0,0.0,0.0,0.0
苹果,3,6,1,1,0.881,101.69,10.2,16.2,1,0.0,0.0,0.0,0.0
草莓,3,6,1,1,0.1,287.12,24.0,15.4,0,0.0,0.0,0.0,0.0
葡萄,3,6,1,1,0.393,239.08,12.0,17.0,1,0.0,0.0,0.0,0.0
西瓜,3,6,1,1,0.87,0.0,7.8,9.1,0,0.0,0.0,0.0,0.0
西红柿,3,6,1,1,0.737,68.82,9.0,16.6,1,0.0,0.0,0.0,0.0
香蕉,3,6,1,1,0.574,120.81,4.8,14.4,0,0.0,0.0,0.0,0.0
黄瓜,3,6,1,1,0.8,6.27,8.05,18.9,0,0.0,0.0,0.0,0.0
土豆,4,6,1,1,0.974,0.0,4.6,17.8,0,0.0,0.0,0.0,0.0
芒果,4,6,1,1,0.193,237.54,9.0,16.9,0,0.0,0.0,0.0,0.0
苹果,4,6,1,1,0.877,101.69,10.2,16.1,0,0.0,0.0,0.0,0.29
草莓,4,6,1,1,0.1,287.12,24.0,15.2,0,0.0,0.0,0.05,0.0
葡萄,4,6,1,1,0.384,239.08,12.0,15.6,0,0.0,0.11,0.0,0.0
西瓜,4,6,1,1,0.865,0.0,6.0,18.9,0,0.0,0.0,0.0,0.0
西红柿,4,6,1,1,0.732,68.82,9.0,13.3,0,0.0,0.0,0.0,0.0
香蕉,4,6,1,1,0.563,120.81,4.8,18.0,1,0.0,0.0,0.0,0.0
黄瓜,4,6,1,1,0.795,6.27,9.1,13.2,0,0.0,0.0,0.0,0.0
土豆,5,6,1,1,0.973,0.0,3.4,18.1,0,0.0,0.0,0.0,21.7
芒果,5,6,1,1,0.186,237.54,9.0,15.2,0,0.0,0.11,0.07,1.77
苹果,5,6,1,1,0.873,101.4,15.6,18.1,0,0.0,0.0,0.0,12.85
草莓,5,6,1,1,0.1,287.12,24.0,17.5,1,0.0,0.0,0.0,1.32
葡萄,5,6,1,1,0.374,239.08,12.0,16.0,0,0.0,0.0,0.0,1.01
西瓜,5,6,1,1,0.863,0.0,7.8,13.1,0,0.0,0.0,0.0,4.9
西红柿,5,6,1,1,0.725,68.82,9.0,16.4,0,0.0,0.0,0.0,9.74
香蕉,5,6,1,1,0.551,120.81,4.8,18.5,0,0.0,0.0,0.0,11.03
黄瓜,5,6,1,1,0.789,6.27,5.95,16.5,0,0.0,0.0,0.0,4.93
土豆,6,6,1,1,1.0,278.3,3.4,17.1,0,0.0,20.52,27.22,57.42
芒果,6,6,1,1,1.0,298.23,19.5,21.0,0,0.0,3.63,3.58,13.09
苹果,6,6,1,1,1.0,287.15,8.4,15.3,0,0.29,2.38,7.54,9.03
草莓,6,6,1,1,1.0,298.68,40.0,19.2,0,0.0,1.21,0.67,3.93
葡萄,6,6,1,1,1.0,298.99,26.0,18.1,0,0.0,1.36,2.57,12.28
西瓜,6,6,1,1,1.0,295.1,4.2,17.6,0,0.0,8.71,1.8,39.81
西红柿,6,6,1,1,1.0,290.26,9.0,15.5,0,0.0,9.28,8.63,22.3
香蕉,6,6,1,1,1.0,288.97,6.8,19.0,0,0.0,7.03,3.11,15.75
黄瓜,6,6,1,1,1.0,295.07,9.1,17.0,0,0.0,3.43,4.83,17.62
土豆,7,6,1,1,0.999,220.88,3.4,21.9,0,21.7,38.99,37.59,81.93
芒果,7,6,1,1,0.968,285.14,10.5,22.0,0,1.77,3.22,12.05,6.51
苹果,7,6,1,1,0.996,278.12,13.8,18.1,0,12.85,11.58,10.48,27.22
草莓,7,6,1,1,0.959,294.75,40.0,21.8,0,1.32,0.98,6.07,0.72
葡萄,7,6,1,1,0.978,286.71,17.0,20.6,0,1.01,14.29,5.34,2.39
西瓜,7,6,1,1,0.994,255.29,6.0,21.8,0,4.9,39.74,4.39,43.43
西红柿,7,6,1,1,0.989,267.96,7.65,21.6,0,9.74,9.72,8.54,33.36
香蕉,7,6,1,1,0.988,273.22,8.0,18.4,0,11.03,18.0,5.01,17.78
黄瓜,7,6,1,1,0.993,277.45,8.05,18.7,0,4.93,18.57,17.72,39.86
土豆,8,6,1,1,0.998,138.95,2.8,19.8,0,57.42,26.76,64.88,33.04
芒果,8,6,1,1,0.942,278.63,17.25,20.0,0,13.09,12.12,2.49,1.13
苹果,8,6,1,1,0.99,250.9,8.4,21.7,0,9.03,15.09,11.18,12.1
草莓,8,6,1,1,0.918,294.03,40.0,21.8,1,3.93,2.17,4.46,0.8
葡萄,8,6,1,1,0.957,284.32,26.0,20.7,0,12.28,0.92,6.29,3.13
西瓜,8,6,1,1,0.988,211.86,6.0,23.4,0,39.81,31.03,36.19,21.5
西红柿,8,6,1,1,0.976,234.6,6.3,24.3,0,22.3,21.8,15.2,9.28
香蕉,8,6,1,1,0.968,255.44,8.0,22.9,0,15.75,25.9,3.33,6.44
黄瓜,8,6,1,1,0.983,237.59,5.95,22.3,0,17.62,14.51,23.75,16.36
土豆,9,6,1,1,0.997,105.91,4.0,24.6,0,81.93,39.91,23.75,9.01
芒果,9,6,1,1,0.902,277.5,15.0,24.2,1,6.51,5.64,1.33,2.93
苹果,9,6,1,1,0.983,238.8,12.0,25.6,0,27.22,8.49,7.63,6.36
草莓,9,6,1,1,0.862,293.23,52.0,24.4,0,0.72,1.23,1.75,0.41
葡萄,9,6,1,1,0.927,281.19,20.0,23.9,0,2.39,4.05,2.75,4.07
西瓜,9,6,1,1,0.982,190.36,6.0,22.3,0,43.43,9.23,17.95,30.76
西红柿,9,6,1,1,0.963,225.32,10.35,23.2,0,33.36,5.11,7.21,9.45
香蕉,9,6,1,1,0.947,249.0,9.2,23.1,0,17.78,23.43,4.09,5.59
黄瓜,9,6,1,1,0.973,221.23,7.0,24.6,0,39.86,9.73,10.08,7.52
土豆,10,6,1,1,0.995,96.9,5.2,24.1,0,33.04,14.77,13.12,12.72
芒果,10,6,1,1,0.862,274.57,15.0,23.9,0,1.13,0.59,1.02,0.7
苹果,10,6,1,1,0.976,232.44,12.0,27.0,0,12.1,5.08,0.75,14.38
草莓,10,6,1,1,0.788,292.82,52.0,27.3,0,0.8,0.31,0.84,1.35
葡萄,10,6,1,1,0.9,277.12,17.0,22.8,0,3.13,2.44,3.26,0.8
西瓜,10,6,1,1,0.974,159.6,6.0,28.7,0,21.5,52.32,4.0,18.3
西红柿,10,6,1,1,0.946,215.87,7.65,29.5,0,9.28,9.46,4.4,5.52
香蕉,10,6,1,1,0.924,243.41,8.0,24.0,0,6.44,13.49,1.99,7.93
黄瓜,10,6,1,1,0.961,213.71,8.05,27.3,0,16.36,8.31,4.69,16.31
土豆,11,6,1,1,0.994,84.18,5.2,30.2,0,9.01,36.66,18.28,30.43
芒果,11,6,1,1,0.798,273.87,17.25,30.4,1,2.93,5.09,4.8,4.38
苹果,11,6,1,1,0.969,218.06,10.2,28.2,0,6.36,18.11,8.65,16.77
草莓,11,6,1,1,0.731,291.47,40.0,24.6,0,0.41,0.71,0.56,0.4
葡萄,11,6,1,1,0.859,276.32,20.0,28.3,1,4.07,2.96,1.83,0.69
西瓜,11,6,1,1,0.966,141.3,7.8,28.0,0,30.76,35.48,62.86,67.97
西红柿,11,6,1,1,0.93,210.35,11.7,28.3,0,9.45,15.7,5.35,11.73
香蕉,11,6,1,1,0.891,235.48,9.2,30.0,0,5.59,9.46,5.78,11.19
黄瓜,11,6,1,1,0.949,197.4,7.0,28.4,0,7.52,23.92,16.75,17.44
土豆,12,6,1,1,0.993,53.75,4.0,28.6,0,12.72,15.4,24.19,13.32
芒果,12,6,1,1,0.746,269.49,15.0,27.2,0,0.7,2.74,2.13,2.39
苹果,12,6,1,1,0.961,201.29,8.4,29.2,0,14.38,13.44,11.25,3.28
草莓,12,6,1,1,0.663,291.07,52.0,26.3,0,1.35,2.24,0.18,1.37
葡萄,12,6,1,1,0.819,275.63,20.0,28.0,1,0.8,4.12,2.76,2.0
西瓜,12,6,1,1,0.958,73.33,6.0,29.0,0,18.3,44.5,71.32,35.28
西红柿,12,6,1,1,0.914,198.62,9.0,28.3,0,5.52,21.81,17.73,6.8
香蕉,12,6,1,1,0.86,224.29,8.0,28.2,0,7.93,9.07,13.66,2.52
黄瓜,12,6,1,1,0.937,179.96,7.0,28.0,0,16.31,3.75,4.29,15.97
土豆,13,6,1,1,0.991,40.43,4.6,28.1,0,30.43,52.56,18.29,5.67
芒果,13,6,1,1,0.694,267.1,17.25,27.1,0,4.38,4.9,2.27,1.47
苹果,13,6,1,1,0.952,198.01,15.6,34.7,0,16.77,5.89,4.06,6.21
草莓,13,6,1,1,0.596,289.7,24.0,26.1,0,0.4,1.35,0.98,0.7
葡萄,13,6,1,1,0.77,273.63,23.0,31.6,0,0.69,1.06,1.33,3.95
西瓜,13,6,1,1,0.949,38.05,6.0,30.3,0,67.97,43.26,10.66,38.05
西红柿,13,6,1,1,0.894,191.82,10.35,33.2,0,11.73,4.26,3.12,6.9
香蕉,13,6,1,1,0.831,221.77,5.6,27.6,1,11.19,5.51,6.44,3.77
黄瓜,13,6,1,1,0.923,163.99,4.9,31.0,0,17.44,7.62,4.88,9.34
土豆,14,6,1,1,0.99,34.76,4.0,29.9,1,13.32,8.65,3.19,12.18
芒果,14,6,1,1,0.632,265.63,15.0,30.0,0,2.39,2.14,1.27,2.16
苹果,14,6,1,1,0.944,191.8,10.2,27.9,0,3.28,1.98,4.33,9.39
草莓,14,6,1,1,0.517,289.0,24.0,28.2,0,1.37,0.49,0.37,0.34
葡萄,14,6,1,1,0.733,269.68,14.0,26.9,0,2.0,0.67,0.96,1.49
西瓜,14,6,1,1,0.939,0.0,6.0,33.6,0,35.28,2.59,16.73,0.0
西红柿,14,6,1,1,0.873,184.92,9.0,34.2,0,6.8,8.27,4.74,4.58
香蕉,14,6,1,1,0.801,218.0,8.0,28.1,0,2.52,3.1,0.93,1.78
黄瓜,14,6,1,1,0.911,154.65,7.0,28.1,0,15.97,8.11,5.88,12.42
土豆,15,6,1,1,0.988,22.58,4.6,25.9,0,5.67,21.21,6.52,22.58
芒果,15,6,1,1,0.571,263.47,9.0,29.7,0,1.47,2.7,2.14,6.99
苹果,15,6,1,1,0.936,182.41,8.4,30.2,0,6.21,1.93,4.68,18.4
草莓,15,6,1,1,0.425,288.66,24.0,30.3,0,0.7,0.34,0.31,0.85
葡萄,15,6,1,1,0.687,268.19,20.0,30.3,0,3.95,0.38,0.65,3.54
西瓜,15,6,1,1,0.931,0.0,6.0,26.1,0,38.05,27.69,4.85,0.0
西红柿,15,6,1,1,0.858,180.34,10.35,26.2,0,6.9,7.9,3.64,6.88
香蕉,15,6,1,1,0.762,216.22,10.4,32.8,0,3.77,5.41,0.97,9.85
黄瓜,15,6,1,1,0.897,142.23,5.95,31.0,0,9.34,2.7,7.65,43.5
土豆,16,6,1,1,0.987,0.0,4.6,31.2,0,12.18,24.57,52.94,0.0
芒果,16,6,1,1,0.517,256.48,9.0,27.7,0,2.16,1.19,6.53,8.02
苹果,16,6,1,1,0.929,164.01,12.0,27.2,0,9.39,29.17,11.82,33.35
草莓,16,6,1,1,0.326,287.81,24.0,31.5,0,0.34,0.66,0.52,0.95
葡萄,16,6,1,1,0.647,264.65,20.0,28.1,0,1.49,1.44,2.82,4.58
西瓜,16,6,1,1,0.923,0.0,6.0,27.6,0,0.0,5.45,24.04,0.0
西红柿,16,6,1,1,0.843,173.46,11.7,27.5,0,4.58,22.43,6.63,13.37
香蕉,16,6,1,1,0.73,206.37,9.2,28.8,0,1.78,10.96,3.98,15.48
黄瓜,16,6,1,1,0.885,98.73,4.9,28.2,0,12.42,6.16,25.28,9.15
土豆,17,6,1,1,0.985,0.0,4.0,27.1,0,22.58,0.0,10.03,0.0
芒果,17,6,1,1,0.465,248.46,9.0,27.2,0,6.99,6.31,5.12,6.04
苹果,17,6,1,1,0.921,130.66,8.4,29.0,0,18.4,26.09,13.52,9.3
草莓,17,6,1,1,0.254,286.86,24.0,27.1,0,0.85,0.47,0.63,0.3
葡萄,17,6,1,1,0.607,260.07,20.0,28.0,0,3.54,7.93,2.2,8.41
西瓜,17,6,1,1,0.916,0.0,6.0,26.3,0,0.0,0.0,44.26,0.0
西红柿,17,6,1,1,0.828,160.09,6.3,26.1,1,6.88,25.93,19.12,8.82
香蕉,17,6,1,1,0.697,190.89,8.0,29.5,0,9.85,13.55,12.99,12.36
黄瓜,17,6,1,1,0.871,89.58,8.05,30.8,1,43.5,30.47,7.64,15.06
土豆,18,6,1,1,0.984,0.0,5.2,24.2,0,0.0,0.0,0.0,0.0
芒果,18,6,1,1,0.429,242.42,9.0,23.0,0,8.02,5.62,5.6,4.88
苹果,18,6,1,1,0.914,121.36,15.6,26.6,0,33.35,6.27,23.94,26.43
草莓,18,6,1,1,0.19,286.56,24.0,25.6,0,0.95,0.18,0.47,0.2
葡萄,18,6,1,1,0.563,251.66,12.0,29.7,0,4.58,9.22,7.86,9.41
西瓜,18,6,1,1,0.91,0.0,6.0,23.3,0,0.0,0.0,0.95,0.0
西红柿,18,6,1,1,0.814,151.27,11.7,25.4,0,13.37,10.53,17.26,19.24
香蕉,18,6,1,1,0.671,178.53,9.2,26.2,0,15.48,10.57,8.92,26.81
黄瓜,18,6,1,1,0.859,74.52,8.05,28.4,0,9.15,44.13,13.33,33.98
土豆,19,6,1,1,0.983,0.0,4.0,22.6,0,0.0,0.0,0.0,0.0
芒果,19,6,1,1,0.38,237.54,9.0,26.2,0,6.04,4.18,3.66,3.58
苹果,19,6,1,1,0.909,94.93,8.4,22.2,0,9.3,38.62,14.53,37.27
草莓,19,6,1,1,0.164,286.36,24.0,19.4,0,0.3,0.18,0.2,0.18
葡萄,19,6,1,1,0.538,242.25,12.0,22.0,0,8.41,5.79,6.29,4.79
西瓜,19,6,1,1,0.904,0.0,6.0,21.8,0,0.0,0.0,0.0,0.0
西红柿,19,6,1,1,0.8,132.03,9.0,25.8,0,8.82,32.79,9.62,33.51
香蕉,19,6,1,1,0.653,151.72,5.6,21.7,0,12.36,3.08,13.62,17.34
黄瓜,19,6,1,1,0.85,40.54,7.0,22.4,0,15.06,53.36,24.86,39.33
土豆,20,6,1,1,0.982,0.0,2.4,21.8,0,0.0,0.0,0.0,0.0
芒果,20,6,1,1,0.341,233.96,9.0,23.9,0,4.88,1.79,2.67,0.94
苹果,20,6,1,1,0.903,57.66,7.2,20.8,0,26.43,4.65,25.98,2.53
草莓,20,6,1,1,0.116,286.18,24.0,22.9,1,0.2,0.18,0.18,0.18
葡萄,20,6,1,1,0.518,237.46,12.0,19.7,0,9.41,3.36,3.35,1.8
西瓜,20,6,1,1,0.899,0.0,3.6,21.2,0,0.0,0.0,0.0,0.0
西红柿,20,6,1,1,0.789,98.52,5.4,21.4,0,19.24,15.05,23.68,10.15
香蕉,20,6,1,1,0.632,134.38,4.8,23.0,0,26.81,14.98,14.75,4.56
黄瓜,20,6,1,1,0.84,1.21,4.2,23.0,0,33.98,44.27,13.87,1.21
土豆,21,6,1,1,0.981,0.0,2.4,18.5,0,0.0,0.0,0.0,0.0
芒果,21,6,1,1,0.321,233.02,9.0,18.5,0,3.58,0.53,0.82,0.0
苹果,21,6,1,1,0.899,55.13,7.2,17.7,1,37.27,9.54,6.57,0.0
草莓,21,6,1,1,0.1,286.0,24.0,21.6,1,0.18,0.18,0.18,0.0
葡萄,21,6,1,1,0.5,235.66,12.0,19.3,0,4.79,0.93,1.28,0.0
西瓜,21,6,1,1,0.895,0.0,3.6,17.8,1,0.0,0.0,0.0,0.0
西红柿,21,6,1,1,0.78,88.37,5.4,17.8,0,33.51,11.14,10.23,0.0
香蕉,21,6,1,1,0.613,129.82,4.8,22.2,0,17.34,5.65,3.87,0.0
黄瓜,21,6,1,1,0.833,0.0,4.2,18.4,0,39.33,14.69,8.85,0.0
土豆,22,6,1,1,0.98,0.0,2.4,18.3,0,0.0,0.0,0.0,0.0
芒果,22,6,1,1,0.302,233.02,9.0,18.5,0,0.94,0.07,0.0,0.0
苹果,22,6,1,1,0.894,55.13,7.2,21.3,0,2.53,0.0,0.0,0.0
草莓,22,6,1,1,0.1,286.0,24.0,18.6,0,0.18,0.0,0.0,0.1
葡萄,22,6,1,1,0.484,235.66,12.0,18.3,0,1.8,0.0,0.0,0.0
西瓜,22,6,1,1,0.89,0.0,3.6,18.5,0,0.0,0.0,0.0,0.0
西红柿,22,6,1,1,0.773,88.37,5.4,17.0,0,10.15,0.0,0.0,0.0
香蕉,22,6,1,1,0.598,129.82,4.8,19.8,0,4.56,0.0,0.0,0.0
黄瓜,22,6,1,1,0.827,0.0,4.2,15.5,0,1.21,0.0,0.0,0.0
土豆,23,6,1,1,0.979,0.0,2.4,15.6,0,0.0,0.0,0.0,0.0
芒果,23,6,1,1,0.29,233.02,9.0,16.5,0,0.0,0.0,0.0,0.0
苹果,23,6,1,1,0.89,55.13,7.2,16.7,0,0.0,0.0,0.0,0.0
草莓,23,6,1,1,0.1,285.9,24.0,18.9,0,0.0,0.0,0.0,0.0
葡萄,23,6,1,1,0.468,235.66,12.0,18.7,0,0.0,0.0,0.0,0.0
西瓜,23,6,1,1,0.886,0.0,3.6,18.7,0,0.0,0.0,0.0,0.0
西红柿,23,6,1,1,0.765,88.37,5.4,16.2,0,0.0,0.0,0.0,0.0
香蕉,23,6,1,1,0.589,129.82,4.8,16.7,0,0.0,0.0,0.0,0.0
黄瓜,23,6,1,1,0.819,0.0,4.2,21.2,1,0.0,0.0,0.0,0.0
土豆,0,0,0,1,0.979,0.0,3.4,15.9,0,0.0,0.0,0.0,0.0
芒果,0,0,0,1,0.268,233.02,9.0,19.2,1,0.0,0.0,0.0,0.0
苹果,0,0,0,1,0.887,55.13,10.2,12.5,0,0.0,0.0,0.0,0.0
草莓,0,0,0,1,0.1,285.9,24.0,16.7,0,0.1,0.0,0.0,0.0
葡萄,0,0,0,1,0.455,235.66,12.0,17.1,0,0.0,0.0,0.0,0.0
西瓜,0,0,0,1,0.882,0.0,6.0,17.5,0,0.0,0.0,0.0,0.0
西红柿,0,0,0,1,0.759,88.37,9.0,15.3,0,0.0,0.0,0.0,0.0
香蕉,0,0,0,1,0.578,129.82,4.8,17.9,0,0.0,0.0,0.0,0.0
黄瓜,0,0,0,1,0.815,0.0,7.0,12.2,0,0.0,0.0,0.22,0.0
土豆,1,0,0,1,0.978,0.0,2.8,13.3,1,0.0,0.0,0.0,0.0
芒果,1,0,0,1,0.258,233.02,9.0,15.9,0,0.0,0.0,0.0,0.0
苹果,1,0,0,1,0.884,55.13,15.6,13.4,0,0.0,0.0,0.0,0.0
草莓,1,0,0,1,0.1,285.9,24.0,13.5,0,0.0,0.0,0.0,0.0
葡萄,1,0,0,1,0.451,235.66,12.0,12.7,1,0.0,0.0,0.0,0.01
西瓜,1,0,0,1,0.877,0.0,4.2,19.1,0,0.0,0.0,0.0,0.0
西红柿,1,0,0,1,0.753,88.37,9.0,14.2,0,0.0,0.0,0.21,0.0
香蕉,1,0,0,1,0.575,129.82,4.8,12.9,0,0.0,0.0,0.0,0.0
黄瓜,1,0,0,1,0.809,0.0,7.0,14.8,0,0.0,0.0,0.0,0.0
土豆,2,0,0,1,0.977,0.0,2.8,11.2,0,0.0,0.0,0.0,0.0
芒果,2,0,0,1,0.253,233.02,9.0,13.8,0,0.0,0.0,0.0,0.0
苹果,2,0,0,1,0.881,55.13,12.0,12.7,0,0.0,0.0,0.0,0.0
草莓,2,0,0,1,0.1,285.9,24.0,13.7,0,0.0,0.0,0.0,0.0
葡萄,2,0,0,1,0.444,235.65,12.0,15.0,0,0.0,0.0,0.0,0.0
西瓜,2,0,0,1,0.873,0.0,4.2,17.5,0,0.0,0.0,0.0,0.0
西红柿,2,0,0,1,0.747,88.37,9.0,15.8,0,0.0,0.0,0.0,0.0
香蕉,2,0,0,1,0.572,129.82,4.8,13.6,0,0.0,0.0,0.0,0.0
黄瓜,2,0,0,1,0.805,0.0,7.0,13.7,1,0.0,0.0,0.0,0.0
土豆,3,0,0,1,0.977,0.0,4.6,15.8,0,0.0,0.0,0.0,0.0
芒果,3,0,0,1,0.248,233.02,9.0,10.3,0,0.0,0.0,0.0,0.0
苹果,3,0,0,1,0.877,55.13,12.0,17.1,1,0.0,0.0,0.0,0.0
草莓,3,0,0,1,0.1,285.9,24.0,13.2,0,0.0,0.0,0.0,0.05
葡萄,3,0,0,1,0.436,235.65,12.0,14.8,0,0.01,0.0,0.25,0.0
西瓜,3,0,0,1,0.871,0.0,6.9,12.7,0,0.0,0.0,0.0,0.0
西红柿,3,0,0,1,0.741,88.37,9.0,13.8,0,0.0,0.0,0.0,0.0
香蕉,3,0,0,1,0.568,129.82,4.8,14.3,0,0.0,0.0,0.0,0.0
黄瓜,3,0,0,1,0.799,0.0,7.0,15.5,0,0.0,0.0,0.0,0.0
土豆,4,0,0,1,0.976,0.0,2.8,12.7,0,0.0,0.0,0.0,0.0
芒果,4,0,0,1,0.241,233.02,9.0,15.4,0,0.0,0.0,0.0,0.0
苹果,4,0,0,1,0.873,55.13,12.0,17.4,0,0.0,0.0,0.0,0.0
草莓,4,0,0,1,0.1,285.85,24.0,16.2,1,0.0,0.0,0.07,0.0
葡萄,4,0,0,1,0.43,235.65,12.0,14.7,0,0.0,0.0,0.0,0.0
西瓜,4,0,0,1,0.867,0.0,6.9,16.9,0,0.0,0.0,0.0,0.0
西红柿,4,0,0,1,0.733,88.37,7.65,17.5,0,0.0,0.0,0.0,0.2
香蕉,4,0,0,1,0.554,129.82,4.8,19.4,0,0.0,0.0,0.0,0.0
黄瓜,4,0,0,1,0.795,0.0,5.95,12.8,0,0.0,0.0,0.0,0.0
土豆,5,0,0,1,0.975,0.0,4.0,17.1,0,0.0,0.0,0.0,10.14
芒果,5,0,0,1,0.216,233.02,9.0,19.8,0,0.0,0.0,0.0,1.57
苹果,5,0,0,1,0.868,55.13,13.8,18.2,1,0.0,0.29,0.05,1.55
草莓,5,0,0,1,0.1,285.85,24.0,15.4,0,0.05,0.0,0.0,1.99
葡萄,5,0,0,1,0.426,235.65,12.0,13.5,0,0.0,0.0,0.0,2.56
西瓜,5,0,0,1,0.863,0.0,6.0,15.7,0,0.0,0.0,0.0,12.36
西红柿,5,0,0,1,0.728,88.17,10.35,13.5,0,0.0,0.0,0.0,8.38
香蕉,5,0,0,1,0.549,129.82,4.8,14.6,0,0.0,0.0,0.0,7.97
黄瓜,5,0,0,1,0.787,0.0,8.05,18.6,1,0.0,0.0,0.0,8.55
土豆,6,0,0,1,1.0,289.86,4.6,17.1,0,0.0,21.7,13.67,49.61
芒果,6,0,0,1,1.0,298.43,10.5,16.8,1,0.0,1.77,2.83,6.64
苹果,6,0,0,1,1.0,298.45,10.2,16.6,1,0.0,12.85,2.53,21.91
草莓,6,0,0,1,1.0,298.01,34.0,19.4,0,0.0,1.32,0.76,4.28
葡萄,6,0,0,1,1.0,297.44,20.0,21.8,0,0.0,1.01,1.72,6.57
西瓜,6,0,0,1,1.0,287.64,6.0,20.0,0,0.0,4.9,1.8,11.22
西红柿,6,0,0,1,1.0,291.62,9.0,21.0,0,0.2,9.74,4.52,7.32
香蕉,6,0,0,1,1.0,292.03,8.0,17.4,0,0.0,11.03,5.05,34.78
黄瓜,6,0,0,1,1.0,291.45,7.0,20.7,0,0.0,4.93,6.4,28.59
土豆,7,0,0,1,0.999,240.25,4.0,21.6,0,10.14,57.42,17.5,15.88
芒果,7,0,0,1,0.968,291.79,17.25,21.8,0,1.57,13.09,7.51,13.84
苹果,7,0,0,1,0.994,276.54,10.2,21.9,0,1.55,9.03,4.32,16.78
草莓,7,0,0,1,0.953,293.73,28.0,22.9,0,1.99,3.93,2.74,0.81
葡萄,7,0,0,1,0.985,290.87,20.0,18.0,0,2.56,12.28,1.53,6.48
西瓜,7,0,0,1,0.996,276.42,4.2,16.8,0,12.36,39.81,2.98,34.48
西红柿,7,0,0,1,0.99,284.3,11.7,20.0,0,8.38,22.3,7.36,35.81
香蕉,7,0,0,1,0.978,257.25,5.6,23.9,0,7.97,15.75,6.9,2.71
黄瓜,7,0,0,1,0.991,262.86,5.95,21.7,0,8.55,17.62,10.99,7.96
土豆,8,0,0,1,0.998,224.37,5.2,21.9,0,49.61,81.93,23.41,36.94
芒果,8,0,0,1,0.934,277.95,12.75,22.5,0,6.64,6.51,4.3,2.78
苹果,8,0,0,1,0.989,259.76,12.0,20.4,0,21.91,27.22,11.15,1.73
草莓,8,0,0,1,0.914,292.92,40.0,21.5,1,4.28,0.72,1.89,1.42
葡萄,8,0,0,1,0.957,284.39,20.0,23.3,0,6.57,2.39,1.42,3.14
西瓜,8,0,0,1,0.99,241.94,6.0,23.4,0,11.22,43.43,5.29,76.88
西红柿,8,0,0,1,0.978,248.49,6.3,22.6,0,7.32,33.36,6.12,18.7
香蕉,8,0,0,1,0.959,254.54,8.0,21.9,1,34.78,17.78,9.69,8.29
黄瓜,8,0,0,1,0.981,254.9,7.0,23.5,1,28.59,39.86,4.8,23.72
土豆,9,0,0,1,0.997,187.43,3.4,19.3,0,15.88,33.04,25.75,19.04
芒果,9,0,0,1,0.894,275.17,19.5,24.0,0,13.84,1.13,4.52,4.03
苹果,9,0,0,1,0.983,258.03,13.8,24.7,1,16.78,12.1,9.75,7.74
草莓,9,0,0,1,0.857,291.5,40.0,24.4,0,0.81,0.8,1.16,1.66
葡萄,9,0,0,1,0.93,281.25,20.0,22.6,0,6.48,3.13,3.17,2.02
西瓜,9,0,0,1,0.982,165.06,4.2,26.9,0,34.48,21.5,11.66,19.86
西红柿,9,0,0,1,0.966,229.79,6.3,23.0,0,35.81,9.28,5.62,2.09
香蕉,9,0,0,1,0.943,246.25,9.2,20.7,0,2.71,6.44,1.72,7.54
黄瓜,9,0,0,1,0.973,231.18,5.95,19.9,0,7.96,16.36,7.84,8.76
土豆,10,0,0,1,0.996,168.39,4.0,26.3,0,36.94,9.01,4.12,12.61
芒果,10,0,0,1,0.84,271.14,12.75,27.7,0,2.78,2.93,0.59,4.49
苹果,10,0,0,1,0.976,250.29,8.4,27.0,0,1.73,6.36,2.85,10.46
草莓,10,0,0,1,0.806,289.84,34.0,23.6,0,1.42,0.41,0.56,0.18
葡萄,10,0,0,1,0.899,279.23,20.0,24.6,0,3.14,4.07,1.03,10.34
西瓜,10,0,0,1,0.975,145.2,6.0,27.1,0,76.88,30.76,4.46,22.08
西红柿,10,0,0,1,0.952,227.7,10.35,25.3,1,18.7,9.45,2.95,22.97
香蕉,10,0,0,1,0.919,238.71,6.8,24.6,0,8.29,5.59,3.57,14.18
黄瓜,10,0,0,1,0.962,222.42,7.0,27.1,0,23.72,7.52,9.11,17.04
土豆,11,0,0,1,0.994,155.78,5.2,26.4,0,19.04,12.72,6.87,15.23
芒果,11,0,0,1,0.79,266.65,15.0,26.7,0,4.03,0.7,0.55,4.56
苹果,11,0,0,1,0.969,239.83,12.0,26.2,0,7.74,14.38,12.4,9.42
草莓,11,0,0,1,0.735,289.66,40.0,26.7,1,1.66,1.35,0.37,0.22
葡萄,11,0,0,1,0.87,268.89,14.0,23.3,0,2.02,0.8,3.69,3.56
西瓜,11,0,0,1,0.967,123.12,7.8,26.2,0,19.86,18.3,10.45,70.76
西红柿,11,0,0,1,0.935,204.73,7.65,29.7,0,2.09,5.52,7.95,6.1
香蕉,11,0,0,1,0.89,224.53,8.0,27.5,0,7.54,7.93,10.34,17.07
黄瓜,11,0,0,1,0.95,205.38,7.0,26.3,0,8.76,16.31,11.1,9.01
土豆,12,0,0,1,0.993,140.55,4.0,29.5,1,12.61,30.43,13.68,22.18
芒果,12,0,0,1,0.733,262.09,12.75,28.6,0,4.49,4.38,2.71,1.14
苹果,12,0,0,1,0.961,230.41,12.0,29.4,0,10.46,16.77,1.75,8.16
草莓,12,0,0,1,0.66,289.44,40.0,27.5,1,0.18,0.4,0.87,1.08
葡萄,12,0,0,1,0.82,265.33,20.0,32.3,0,10.34,0.69,2.18,4.73
西瓜,12,0,0,1,0.959,52.36,4.2,27.7,0,22.08,67.97,2.06,47.52
西红柿,12,0,0,1,0.918,198.63,9.0,28.2,1,22.97,11.73,1.9,5.5
香蕉,12,0,0,1,0.852,207.46,6.8,32.3,0,14.18,11.19,5.43,9.52
黄瓜,12,0,0,1,0.937,196.37,8.05,30.7,0,17.04,17.44,12.52,17.16
土豆,13,0,0,1,0.991,118.37,4.0,31.4,0,15.23,13.32,12.66,20.79
芒果,13,0,0,1,0.686,260.95,19.5,25.8,0,4.56,2.39,1.18,0.53
苹果,13,0,0,1,0.953,222.25,12.0,30.3,0,9.42,3.28,4.04,1.27
草莓,13,0,0,1,0.567,288.36,24.0,30.6,0,0.22,1.37,0.89,0.18
葡萄,13,0,0,1,0.782,260.6,14.0,27.2,0,3.56,2.0,1.28,1.84
西瓜,13,0,0,1,0.95,4.84,5.1,30.8,0,70.76,35.28,9.44,2.18
西红柿,13,0,0,1,0.9,193.13,10.35,31.0,0,6.1,6.8,8.19,10.6
香蕉,13,0,0,1,0.811,197.94,8.0,33.8,0,17.07,2.52,5.7,3.62
黄瓜,13,0,0,1,0.924,179.21,5.95,28.9,0,9.01,15.97,6.43,2.79
土豆,14,0,0,1,0.99,97.58,4.0,31.1,0,22.18,5.67,14.45,13.28
芒果,14,0,0,1,0.613,260.42,12.75,32.7,1,1.14,1.47,0.85,0.53
苹果,14,0,0,1,0.944,220.98,10.2,33.0,1,8.16,6.21,1.65,1.68
草莓,14,0,0,1,0.468,288.18,24.0,31.4,1,1.08,0.7,0.26,0.38
葡萄,14,0,0,1,0.746,258.76,20.0,26.3,0,4.73,3.95,1.12,0.38
西瓜,14,0,0,1,0.942,2.66,7.8,29.5,1,47.52,38.05,19.49,2.66
西红柿,14,0,0,1,0.883,182.53,6.3,29.5,0,5.5,6.9,2.63,11.09
香蕉,14,0,0,1,0.782,194.32,8.0,27.6,0,9.52,3.77,0.9,5.0
黄瓜,14,0,0,1,0.911,176.42,9.1,30.6,0,17.16,9.34,3.16,12.52
土豆,15,0,0,1,0.988,84.3,4.6,29.8,0,20.79,12.18,9.42,10.03
芒果,15,0,0,1,0.546,259.89,9.0,31.3,1,0.53,2.16,0.61,1.24
苹果,15,0,0,1,0.936,219.3,15.6,29.9,0,1.27,9.39,3.03,25.76
草莓,15,0,0,1,0.382,287.8,24.0,29.4,0,0.18,0.34,0.22,0.32
葡萄,15,0,0,1,0.708,258.38,20.0,27.4,1,1.84,1.49,0.68,1.73
西瓜,15,0,0,1,0.931,0.0,6.0,35.3,0,2.18,0.0,12.41,0.0
西红柿,15,0,0,1,0.867,171.44,7.65,28.0,0,10.6,4.58,3.24,16.87
香蕉,15,0,0,1,0.752,189.32,8.0,27.8,0,3.62,1.78,2.33,13.85
黄瓜,15,0,0,1,0.898,163.9,4.9,29.5,0,2.79,12.42,3.79,24.31
土豆,16,0,0,1,0.987,74.27,5.2,31.4,1,13.28,22.58,12.62,15.02
芒果,16,0,0,1,0.492,258.65,9.0,27.8,1,0.53,6.99,4.14,5.94
苹果,16,0,0,1,0.928,193.54,8.4,31.0,0,1.68,18.4,8.55,28.82
草莓,16,0,0,1,0.308,287.48,24.0,27.4,1,0.38,0.85,0.46,0.6
葡萄,16,0,0,1,0.664,256.65,26.0,29.2,0,0.38,3.54,1.66,4.65
西瓜,16,0,0,1,0.923,0.0,6.0,28.8,0,2.66,0.0,23.8,0.0
西红柿,16,0,0,1,0.851,154.57,9.0,28.1,0,11.09,6.88,8.19,9.66
香蕉,16,0,0,1,0.714,175.47,8.0,32.7,0,5.0,9.85,1.45,15.58
黄瓜,16,0,0,1,0.884,139.59,7.0,30.9,0,12.52,43.5,4.01,30.96
土豆,17,0,0,1,0.985,59.25,4.6,28.8,1,10.03,0.0,50.38,59.25
芒果,17,0,0,1,0.426,252.71,9.0,30.9,0,1.24,8.02,3.71,5.04
苹果,17,0,0,1,0.919,164.72,12.0,32.0,0,25.76,33.35,14.2,15.71
草莓,17,0,0,1,0.22,286.88,24.0,29.6,0,0.32,0.95,0.52,0.55
葡萄,17,0,0,1,0.609,252.0,20.0,34.1,0,1.73,4.58,2.33,8.35
西瓜,17,0,0,1,0.915,0.0,6.0,26.8,1,0.0,0.0,21.82,0.0
西红柿,17,0,0,1,0.836,144.91,9.0,26.8,1,16.87,13.37,12.6,19.78
香蕉,17,0,0,1,0.685,159.89,8.0,27.4,0,13.85,15.48,12.92,5.77
黄瓜,17,0,0,1,0.871,108.63,7.0,30.4,0,24.31,9.15,18.19,30.31
土豆,18,0,0,1,0.984,0.0,3.4,25.3,0,15.02,0.0,13.8,0.0
芒果,18,0,0,1,0.382,247.67,9.0,25.0,0,5.94,6.04,3.76,4.51
苹果,18,0,0,1,0.913,149.01,13.8,23.3,0,28.82,9.3,12.59,15.55
草莓,18,0,0,1,0.192,286.33,24.0,19.7,0,0.6,0.3,0.44,0.24
葡萄,18,0,0,1,0.589,243.65,12.0,20.2,0,4.65,8.41,1.51,9.46
西瓜,18,0,0,1,0.907,0.0,6.0,27.4,1,0.0,0.0,19.93,0.0
西红柿,18,0,0,1,0.821,125.13,9.0,27.1,0,9.66,8.82,14.31,28.86
香蕉,18,0,0,1,0.657,154.12,10.4,26.8,0,15.58,12.36,6.77,4.81
黄瓜,18,0,0,1,0.86,78.32,7.0,25.6,0,30.96,15.06,10.74,55.46
土豆,19,0,0,1,0.983,0.0,4.0,21.2,0,59.25,0.0,50.34,0.0
芒果,19,0,0,1,0.339,243.16,9.0,24.9,0,5.04,4.88,1.15,0.53
苹果,19,0,0,1,0.907,133.46,13.8,24.2,0,15.71,26.43,10.63,23.33
草莓,19,0,0,1,0.154,286.09,24.0,21.3,0,0.55,0.2,0.18,0.18
葡萄,19,0,0,1,0.556,234.19,12.0,25.2,0,8.35,9.41,4.34,0.98
西瓜,19,0,0,1,0.9,0.0,6.9,26.6,0,0.0,0.0,32.18,0.0
西红柿,19,0,0,1,0.806,96.27,7.65,26.6,0,19.78,19.24,3.78,36.75
香蕉,19,0,0,1,0.632,149.31,10.4,25.3,0,5.77,26.81,7.73,18.26
黄瓜,19,0,0,1,0.849,22.86,4.9,25.3,0,30.31,33.98,18.26,22.86
土豆,20,0,0,1,0.982,0.0,2.4,20.4,0,0.0,0.0,31.33,0.0
芒果,20,0,0,1,0.316,242.63,9.0,19.4,1,4.51,3.58,1.51,0.53
苹果,20,0,0,1,0.902,110.13,7.2,20.6,0,15.55,37.27,15.83,1.72
草莓,20,0,0,1,0.113,285.91,24.0,21.9,0,0.24,0.18,0.18,0.18
葡萄,20,0,0,1,0.529,233.21,12.0,22.8,1,9.46,4.79,2.2,1.27
西瓜,20,0,0,1,0.894,0.0,3.6,21.7,0,0.0,0.0,35.09,0.0
西红柿,20,0,0,1,0.794,59.52,5.4,22.6,0,28.86,33.51,15.29,13.06
香蕉,20,0,0,1,0.615,131.05,4.8,21.1,0,4.81,17.34,11.76,0.93
黄瓜,20,0,0,1,0.84,0.0,4.2,22.3,0,55.46,39.33,19.35,0.0
土豆,21,0,0,1,0.981,0.0,2.4,22.9,0,0.0,0.0,0.0,0.0
芒果,21,0,0,1,0.302,242.1,9.0,17.1,1,0.53,0.94,0.53,0.0
苹果,21,0,0,1,0.898,108.41,7.2,17.7,1,23.33,2.53,4.46,0.0
草莓,21,0,0,1,0.1,285.73,24.0,19.5,1,0.18,0.18,0.18,0.0
葡萄,21,0,0,1,0.5,231.94,12.0,23.3,0,0.98,1.8,0.96,0.0
西瓜,21,0,0,1,0.892,0.0,3.6,13.6,0,0.0,0.0,11.93,0.0
西红柿,21,0,0,1,0.785,46.46,5.4,18.2,0,36.75,10.15,5.62,0.0
香蕉,21,0,0,1,0.594,130.12,4.8,23.2,1,18.26,4.56,0.99,0.0
黄瓜,21,0,0,1,0.832,0.0,4.2,20.4,0,22.86,1.21,6.27,0.0
土豆,22,0,0,1,0.98,0.0,2.4,17.8,0,0.0,0.0,0.0,0.0
芒果,22,0,0,1,0.275,242.1,9.0,20.4,0,0.53,0.0,0.0,0.0
苹果,22,0,0,1,0.893,108.41,7.2,18.9,0,1.72,0.0,0.0,0.0
草莓,22,0,0,1,0.1,285.73,24.0,18.5,0,0.18,0.0,0.0,0.0
葡萄,22,0,0,1,0.484,231.94,12.0,18.5,0,1.27,0.0,0.05,0.0
西瓜,22,0,0,1,0.888,0.0,3.6,17.2,0,0.0,0.0,0.0,0.0
西红柿,22,0,0,1,0.775,46.46,5.4,19.9,1,13.06,0.0,0.0,0.0
香蕉,22,0,0,1,0.582,130.12,4.8,18.1,0,0.93,0.0,0.0,0.0
黄瓜,22,0,0,1,0.825,0.0,4.2,16.5,0,0.0,0.0,0.0,0.0
土豆,23,0,0,1,0.979,0.0,2.4,15.9,0,0.0,0.0,0.0,0.0
芒果,23,0,0,1,0.269,242.1,9.0,15.0,0,0.0,0.0,0.0,0.0
苹果,23,0,0,1,0.889,108.41,7.2,15.6,0,0.0,0.0,0.0,0.0
草莓,23,0,0,1,0.1,285.73,24.0,20.0,0,0.0,0.1,0.0,0.0
葡萄,23,0,0,1,0.472,231.94,12.0,16.8,0,0.0,0.0,0.0,0.0
西瓜,23,0,0,1,0.884,0.0,3.6,17.9,0,0.0,0.0,0.0,0.0
西红柿,23,0,0,1,0.768,46.46,5.4,16.0,0,0.0,0.0,0.0,0.0
香蕉,23,0,0,1,0.575,130.12,4.8,16.2,0,0.0,0.0,0.0,0.0
黄瓜,23,0,0,1,0.817,0.0,4.2,20.9,1,0.0,0.0,0.0,0.0
土豆,0,1,0,0,0.978,0.0,4.6,14.7,0,0.0,0.0,0.0,0.0
芒果,0,1,0,0,0.263,242.1,9.0,15.0,0,0.0,0.0,0.0,0.0
苹果,0,1,0,0,0.886,108.41,10.2,15.1,0,0.0,0.0,0.0,0.0
草莓,0,1,0,0,0.1,285.73,24.0,14.4,0,0.0,0.0,0.0,0.0
葡萄,0,1,0,0,0.468,231.94,12.0,11.4,0,0.0,0.0,0.0,0.0
西瓜,0,1,0,0,0.881,0.0,7.8,14.6,0,0.0,0.0,0.0,0.0
西红柿,0,1,0,0,0.761,46.46,9.0,15.6,0,0.0,0.0,0.0,0.0
香蕉,0,1,0,0,0.567,130.12,4.8,16.2,0,0.0,0.0,0.0,0.0
黄瓜,0,1,0,0,0.812,0.0,7.0,14.8,0,0.0,0.0,0.0,0.0
土豆,1,1,0,0,0.977,0.0,4.0,14.6,0,0.0,0.0,0.0,0.0
芒果,1,1,0,0,0.252,242.1,9.0,16.2,0,0.0,0.0,0.0,0.0
苹果,1,1,0,0,0.881,108.41,10.2,17.2,0,0.0,0.0,0.0,0.0
草莓,1,1,0,0,0.1,285.73,24.0,17.7,0,0.0,0.0,0.0,0.0
葡萄,1,1,0,0,0.464,231.94,12.0,12.8,0,0.0,0.0,0.0,0.0
西瓜,1,1,0,0,0.876,0.0,6.0,18.9,0,0.0,0.0,0.0,0.0
西红柿,1,1,0,0,0.755,46.46,9.0,14.5,0,0.0,0.0,0.0,0.0
香蕉,1,1,0,0,0.557,130.12,4.8,17.1,0,0.0,0.0,0.0,0.0
黄瓜,1,1,0,0,0.806,0.0,9.1,15.8,0,0.0,0.0,0.0,0.0
土豆,2,1,0,0,0.977,0.0,3.4,15.1,0,0.0,0.0,0.0,0.0
芒果,2,1,0,0,0.246,242.1,9.0,14.9,0,0.0,0.0,0.0,0.0
苹果,2,1,0,0,0.877,108.41,12.0,17.2,0,0.0,0.0,0.0,0.0
草莓,2,1,0,0,0.1,285.73,24.0,18.7,0,0.0,0.0,0.0,0.0
葡萄,2,1,0,0,0.45,231.94,12.0,17.5,0,0.0,0.01,0.0,0.0
西瓜,2,1,0,0,0.874,0.0,4.2,12.4,0,0.0,0.0,0.0,0.0
西红柿,2,1,0,0,0.749,46.46,11.7,15.5,0,0.0,0.0,0.0,0.0
香蕉,2,1,0,0,0.554,130.12,4.8,12.1,0,0.0,0.0,0.0,0.0
黄瓜,2,1,0,0,0.8,0.0,5.95,15.7,0,0.0,0.0,0.0,0.0
土豆,3,1,0,0,0.976,0.0,4.6,17.7,0,0.0,0.0,0.0,0.0
芒果,3,1,0,0,0.241,242.1,9.0,11.7,0,0.0,0.0,0.0,0.0
苹果,3,1,0,0,0.875,108.41,13.8,12.3,0,0.0,0.0,0.0,0.0
草莓,3,1,0,0,0.1,285.73,24.0,14.0,0,0.0,0.0,0.0,0.0
葡萄,3,1,0,0,0.441,231.94,12.0,15.6,0,0.0,0.0,0.0,0.0
西瓜,3,1,0,0,0.872,0.0,6.0,11.7,0,0.0,0.0,0.0,0.0
西红柿,3,1,0,0,0.744,46.46,7.65,13.3,0,0.0,0.0,0.0,0.0
香蕉,3,1,0,0,0.549,130.12,4.8,14.9,1,0.0,0.0,0.0,0.0
黄瓜,3,1,0,0,0.795,0.0,4.9,14.7,0,0.0,0.0,0.0,0.0
土豆,4,1,0,0,0.975,0.0,5.2,13.3,0,0.0,0.0,0.0,0.0
芒果,4,1,0,0,0.228,242.1,9.0,16.8,0,0.0,0.0,0.0,0.27
苹果,4,1,0,0,0.87,108.41,13.8,17.5,0,0.0,0.0,0.0,0.0
草莓,4,1,0,0,0.1,285.73,24.0,15.7,0,0.0,0.05,0.0,0.0
葡萄,4,1,0,0,0.437,231.94,12.0,11.5,0,0.0,0.0,0.0,0.0
西瓜,4,1,0,0,0.868,0.0,7.8,16.7,0,0.0,0.0,0.0,0.0
西红柿,4,1,0,0,0.737,46.46,11.7,16.0,0,0.0,0.0,0.0,0.0
香蕉,4,1,0,0,0.538,130.12,4.8,17.7,0,0.0,0.0,0.0,0.0
黄瓜,4,1,0,0,0.79,0.0,4.9,13.6,1,0.0,0.0,0.0,0.0
土豆,5,1,0,0,0.974,0.0,2.8,20.0,0,0.0,0.0,0.0,4.11
芒果,5,1,0,0,0.208,241.83,9.0,18.7,0,0.0,0.0,0.0,0.53
苹果,5,1,0,0,0.866,108.41,12.0,16.8,1,0.0,0.0,0.0,0.84
草莓,5,1,0,0,0.1,285.73,24.0,13.5,0,0.0,0.0,0.0,0.31
葡萄,5,1,0,0,0.424,231.94,12.0,17.2,0,0.0,0.0,0.0,1.52
西瓜,5,1,0,0,0.864,0.0,6.0,18.0,1,0.0,0.0,0.0,1.8
西红柿,5,1,0,0,0.732,46.46,11.7,13.5,0,0.0,0.2,0.15,3.41
香蕉,5,1,0,0,0.528,130.12,4.8,17.6,0,0.0,0.0,0.0,2.33
黄瓜,5,1,0,0,0.784,0.0,4.9,15.8,0,0.0,0.0,0.0,4.87
土豆,6,1,0,0,1.0,295.89,5.2,18.0,0,0.0,10.14,6.89,8.6
芒果,6,1,0,0,1.0,299.47,17.25,17.2,1,0.27,1.57,1.29,4.93
苹果,6,1,0,0,1.0,299.16,13.8,15.9,1,0.0,1.55,3.1,12.64
草莓,6,1,0,0,1.0,299.69,52.0,16.1,0,0.0,1.99,0.65,1.86
葡萄,6,1,0,0,1.0,298.48,20.0,17.9,0,0.0,2.56,2.81,3.04
西瓜,6,1,0,0,1.0,298.2,7.8,19.5,1,0.0,12.36,6.15,23.52
西红柿,6,1,0,0,1.0,296.59,9.0,18.9,0,0.0,8.38,5.72,4.49
香蕉,6,1,0,0,1.0,297.67,9.2,16.4,0,0.0,7.97,5.73,11.39
黄瓜,6,1,0,0,1.0,295.13,7.0,16.9,0,0.0,8.55,3.38,13.7
土豆,7,1,0,0,0.999,287.29,5.2,18.0,0,4.11,49.61,30.95,25.58
芒果,7,1,0,0,0.983,294.54,15.0,17.9,0,0.53,6.64,5.8,2.1
苹果,7,1,0,0,0.995,286.52,8.4,21.0,0,0.84,21.91,4.05,3.82
草莓,7,1,0,0,0.965,297.83,40.0,20.9,0,0.31,4.28,0.94,2.88
葡萄,7,1,0,0,0.973,295.44,20.0,22.9,0,1.52,6.57,3.79,6.9
西瓜,7,1,0,0,0.994,274.68,6.0,21.4,0,1.8,11.22,12.75,14.14
西红柿,7,1,0,0,0.99,292.1,11.7,20.1,0,3.41,7.32,11.92,14.66
香蕉,7,1,0,0,0.982,286.28,6.8,21.5,0,2.33,34.78,7.13,8.07
黄瓜,7,1,0,0,0.989,281.43,5.95,25.0,1,4.87,28.59,12.88,3.87
土豆,8,1,0,0,0.998,261.71,3.4,23.2,1,8.6,15.88,17.58,10.91
芒果,8,1,0,0,0.948,292.44,15.0,22.5,1,4.93,13.84,1.92,1.51
苹果,8,1,0,0,0.988,282.7,10.2,24.6,1,12.64,16.78,5.86,0.8
草莓,8,1,0,0,0.922,294.95,28.0,22.1,0,1.86,0.81,1.83,0.9
葡萄,8,1,0,0,0.949,288.54,14.0,21.6,0,3.04,6.48,4.63,3.83
西瓜,8,1,0,0,0.99,260.54,6.9,19.1,0,23.52,34.48,8.92,20.45
西红柿,8,1,0,0,0.975,277.44,7.65,26.1,0,4.49,35.81,5.02,4.9
香蕉,8,1,0,0,0.963,278.21,8.0,22.1,0,11.39,2.71,14.2,2.09
黄瓜,8,1,0,0,0.978,277.56,9.1,25.6,0,13.7,7.96,15.72,8.34
土豆,9,1,0,0,0.997,250.8,4.0,26.6,1,25.58,36.94,12.38,9.38
芒果,9,1,0,0,0.897,290.93,12.75,27.0,1,2.1,2.78,2.08,1.6
苹果,9,1,0,0,0.983,281.9,15.6,20.6,1,3.82,1.73,8.7,3.5
草莓,9,1,0,0,0.866,294.05,40.0,24.4,0,2.88,1.42,1.31,0.43
葡萄,9,1,0,0,0.926,284.71,14.0,21.0,0,6.9,3.14,2.38,0.86
西瓜,9,1,0,0,0.982,240.09,6.0,27.0,0,14.14,76.88,15.95,4.97
西红柿,9,1,0,0,0.96,272.54,9.0,26.5,0,14.66,18.7,4.26,3.82
香蕉,9,1,0,0,0.936,276.12,10.4,26.3,0,8.07,8.29,6.07,5.72
黄瓜,9,1,0,0,0.968,269.22,7.0,25.7,0,3.87,23.72,6.04,5.15
土豆,10,1,0,0,0.995,241.42,4.0,24.1,0,10.91,19.04,3.23,21.18
芒果,10,1,0,0,0.846,289.33,15.0,27.0,0,1.51,4.03,1.23,2.61
苹果,10,1,0,0,0.976,278.4,8.4,26.2,0,0.8,7.74,2.13,4.76
草莓,10,1,0,0,0.789,293.62,40.0,27.8,0,0.9,1.66,1.04,0.91
葡萄,10,1,0,0,0.892,283.85,23.0,25.8,0,3.83,2.02,0.93,2.64
西瓜,10,1,0,0,0.975,235.12,4.2,25.9,1,20.45,19.86,11.24,41.68
西红柿,10,1,0,0,0.946,268.72,9.0,26.5,0,4.9,2.09,4.97,5.91
香蕉,10,1,0,0,0.911,270.4,5.6,25.8,0,2.09,7.54,1.27,9.55
黄瓜,10,1,0,0,0.957,264.07,5.95,24.5,0,8.34,8.76,4.45,7.62
土豆,11,1,0,0,0.994,220.24,3.4,25.9,0,9.38,12.61,16.54,15.76
芒果,11,1,0,0,0.785,286.72,15.0,29.7,0,1.6,4.49,1.21,3.63
苹果,11,1,0,0,0.969,273.64,13.8,26.4,0,3.5,10.46,6.69,6.76
草莓,11,1,0,0,0.699,292.71,40.0,30.0,0,0.43,0.18,0.58,1.4
葡萄,11,1,0,0,0.847,281.21,17.0,29.8,0,0.86,10.34,0.73,2.76
西瓜,11,1,0,0,0.966,193.44,5.1,30.5,0,4.97,22.08,8.68,8.47
西红柿,11,1,0,0,0.931,262.81,10.35,25.5,0,3.82,22.97,7.04,8.37
香蕉,11,1,0,0,0.88,260.85,5.6,28.3,0,5.72,14.18,2.28,6.1
黄瓜,11,1,0,0,0.946,256.45,7.0,26.4,0,5.15,17.04,6.88,9.63
土豆,12,1,0,0,0.993,204.48,4.0,29.0,1,21.18,15.23,39.15,13.21
芒果,12,1,0,0,0.722,283.09,10.5,30.0,0,2.61,4.56,2.58,0.55
苹果,12,1,0,0,0.962,266.88,12.0,27.5,0,4.76,9.42,7.87,1.78
草莓,12,1,0,0,0.593,291.31,24.0,32.7,0,0.91,0.22,0.32,0.39
葡萄,12,1,0,0,0.802,278.45,20.0,30.1,0,2.64,3.56,0.59,0.71
西瓜,12,1,0,0,0.959,184.97,6.9,25.2,0,41.68,70.76,16.46,16.13
西红柿,12,1,0,0,0.913,254.44,9.0,31.5,0,5.91,6.1,7.62,7.98
香蕉,12,1,0,0,0.844,254.75,8.0,31.1,0,9.55,17.07,6.28,4.84
黄瓜,12,1,0,0,0.933,246.82,7.0,30.0,0,7.62,9.01,7.41,4.39
土豆,13,1,0,0,0.991,191.27,4.0,29.8,0,15.76,22.18,9.72,3.54
芒果,13,1,0,0,0.66,282.54,19.5,29.8,0,3.63,1.14,0.81,1.35
苹果,13,1,0,0,0.953,265.1,12.0,32.5,1,6.76,8.16,1.21,0.75
草莓,13,1,0,0,0.528,290.92,24.0,25.8,1,1.4,1.08,0.18,0.18
葡萄,13,1,0,0,0.756,277.74,26.0,30.4,0,2.76,4.73,2.48,0.81
西瓜,13,1,0,0,0.951,168.84,6.9,27.1,0,8.47,47.52,13.27,27.58
西红柿,13,1,0,0,0.895,246.46,7.65,30.1,0,8.37,5.5,5.68,3.43
香蕉,13,1,0,0,0.809,249.91,8.0,31.0,0,6.1,9.52,1.54,1.89
黄瓜,13,1,0,0,0.92,242.43,8.05,29.1,0,9.63,17.16,14.62,4.13
土豆,14,1,0,0,0.99,187.73,5.2,30.0,0,13.21,20.79,5.72,7.4
芒果,14,1,0,0,0.599,281.19,9.0,29.7,0,0.55,0.53,1.13,1.24
苹果,14,1,0,0,0.945,264.35,15.6,32.7,1,1.78,1.27,4.03,2.83
草莓,14,1,0,0,0.424,290.74,24.0,32.3,0,0.39,0.18,0.55,0.36
葡萄,14,1,0,0,0.716,276.93,20.0,27.9,0,0.71,1.84,0.96,0.66
西瓜,14,1,0,0,0.943,141.26,4.2,28.9,0,16.13,2.18,4.41,19.21
西红柿,14,1,0,0,0.879,243.03,9.0,28.9,0,7.98,10.6,5.51,4.53
香蕉,14,1,0,0,0.772,248.02,5.6,31.5,1,4.84,3.62,0.91,0.9
黄瓜,14,1,0,0,0.907,238.3,7.0,29.8,0,4.39,2.79,1.83,2.4
土豆,15,1,0,0,0.988,180.33,4.0,31.8,0,3.54,13.28,3.34,28.03
芒果,15,1,0,0,0.532,279.95,9.0,31.2,0,1.35,0.53,0.53,3.05
苹果,15,1,0,0,0.937,261.52,12.0,27.4,0,0.75,1.68,0.75,12.11
草莓,15,1,0,0,0.351,290.38,24.0,27.1,0,0.18,0.38,0.28,0.28
葡萄,15,1,0,0,0.677,276.27,17.0,27.9,0,0.81,0.38,1.03,1.65
西瓜,15,1,0,0,0.935,122.05,5.1,27.0,0,27.58,2.66,10.82,44.59
西红柿,15,1,0,0,0.861,238.5,6.3,30.7,1,3.43,11.09,2.66,10.65
香蕉,15,1,0,0,0.736,247.12,10.4,31.3,1,1.89,5.0,0.9,4.36
黄瓜,15,1,0,0,0.896,235.9,8.05,26.0,0,4.13,12.52,3.72,3.54
土豆,16,1,0,0,0.987,152.3,4.0,29.4,0,7.4,10.03,9.59,12.36
芒果,16,1,0,0,0.471,276.9,9.0,29.6,0,1.24,1.24,1.92,3.03
苹果,16,1,0,0,0.928,249.41,8.4,32.8,0,2.83,25.76,13.52,7.29
草莓,16,1,0,0,0.287,290.1,24.0,25.8,0,0.36,0.32,0.72,0.28
葡萄,16,1,0,0,0.629,274.62,20.0,30.9,0,0.66,1.73,1.76,5.28
西瓜,16,1,0,0,0.927,77.46,6.0,29.0,0,19.21,0.0,25.91,26.51
西红柿,16,1,0,0,0.841,227.85,7.65,32.5,0,4.53,16.87,3.67,11.26
香蕉,16,1,0,0,0.702,242.76,8.0,30.1,0,0.9,13.85,6.64,3.98
黄瓜,16,1,0,0,0.882,232.36,9.1,31.4,1,2.4,24.31,13.75,15.3
土豆,17,1,0,0,0.985,139.94,5.2,31.2,1,28.03,15.02,78.63,25.67
芒果,17,1,0,0,0.42,273.87,9.0,26.9,0,3.05,5.94,4.6,2.59
苹果,17,1,0,0,0.921,242.12,12.0,28.0,0,12.11,28.82,2.47,19.87
草莓,17,1,0,0,0.216,289.82,24.0,26.8,0,0.28,0.6,0.66,0.26
葡萄,17,1,0,0,0.599,269.34,12.0,24.1,0,1.65,4.65,1.2,3.38
西瓜,17,1,0,0,0.92,50.95,6.0,25.7,0,44.59,0.0,61.66,35.08
西红柿,17,1,0,0,0.823,216.59,9.0,30.5,0,10.65,9.66,11.47,13.03
香蕉,17,1,0,0,0.664,238.78,9.2,32.1,0,4.36,15.58,10.45,5.24
黄瓜,17,1,0,0,0.87,217.06,7.0,27.1,0,3.54,30.96,27.88,4.74
土豆,18,1,0,0,0.984,114.27,4.6,25.1,0,12.36,59.25,35.89,33.13
芒果,18,1,0,0,0.369,271.28,9.0,26.9,0,3.03,5.04,3.08,1.99
苹果,18,1,0,0,0.915,222.25,8.4,23.9,0,7.29,15.71,12.61,13.95
草莓,18,1,0,0,0.141,289.56,24.0,27.4,0,0.28,0.55,0.18,0.18
葡萄,18,1,0,0,0.553,265.96,12.0,30.6,0,5.28,8.35,5.08,3.54
西瓜,18,1,0,0,0.912,15.87,6.9,27.3,0,26.51,0.0,17.5,10.05
西红柿,18,1,0,0,0.813,203.56,9.0,20.9,0,11.26,19.78,9.18,12.25
香蕉,18,1,0,0,0.638,233.54,8.0,26.2,0,3.98,5.77,4.83,4.02
黄瓜,18,1,0,0,0.859,212.32,9.1,25.1,1,15.3,30.31,28.04,15.77
土豆,19,1,0,0,0.983,81.14,4.0,23.5,0,25.67,0.0,30.39,45.02
芒果,19,1,0,0,0.33,269.29,9.0,23.7,0,2.59,4.51,3.79,1.35
苹果,19,1,0,0,0.908,208.3,10.2,25.2,0,19.87,15.55,11.5,14.19
草莓,19,1,0,0,0.1,289.38,24.0,27.4,0,0.26,0.24,0.34,0.18
葡萄,19,1,0,0,0.528,262.42,12.0,21.9,0,3.38,9.46,4.53,2.3
西瓜,19,1,0,0,0.905,5.82,7.8,25.1,0,35.08,0.0,24.61,5.82
西红柿,19,1,0,0,0.798,191.31,9.0,25.8,0,13.03,28.86,24.31,13.09
香蕉,19,1,0,0,0.609,229.52,9.2,27.2,0,5.24,4.81,7.89,7.78
黄瓜,19,1,0,0,0.85,196.55,7.0,23.1,0,4.74,55.46,13.81,18.1
土豆,20,1,0,0,0.982,36.12,2.4,22.2,0,33.13,0.0,0.0,14.78
芒果,20,1,0,0,0.304,267.94,9.0,20.3,0,1.99,0.53,1.44,0.53
苹果,20,1,0,0,0.902,194.11,7.2,23.7,0,13.95,23.33,16.2,4.92
草莓,20,1,0,0,0.1,289.2,24.0,25.1,0,0.18,0.18,0.19,0.18
葡萄,20,1,0,0,0.5,260.12,12.0,23.3,0,3.54,0.98,2.15,0.56
西瓜,20,1,0,0,0.899,0.0,3.6,22.2,0,10.05,0.0,15.12,0.0
西红柿,20,1,0,0,0.788,178.22,5.4,20.9,0,12.25,36.75,12.87,5.41
香蕉,20,1,0,0,0.586,221.74,4.8,24.5,0,4.02,18.26,8.46,2.26
黄瓜,20,1,0,0,0.84,178.45,4.2,23.4,0,15.77,22.86,18.56,6.69
土豆,21,1,0,0,0.981,21.34,2.4,18.3,0,45.02,0.0,0.0,0.0
芒果,21,1,0,0,0.272,267.41,9.0,22.0,0,1.35,0.53,0.55,0.0
苹果,21,1,0,0,0.897,189.19,7.2,20.2,0,14.19,1.72,2.06,0.01
草莓,21,1,0,0,0.1,289.02,24.0,21.2,1,0.18,0.18,0.21,0.0
葡萄,21,1,0,0,0.486,259.56,12.0,17.4,0,2.3,1.27,0.78,0.0
西瓜,21,1,0,0,0.895,0.0,3.6,19.7,0,5.82,0.0,5.23,0.0
西红柿,21,1,0,0,0.779,172.81,5.4,18.3,0,13.09,13.06,5.23,0.0
香蕉,21,1,0,0,0.57,219.48,4.8,20.1,0,7.78,0.93,3.07,0.0
黄瓜,21,1,0,0,0.83,171.76,4.2,24.3,0,18.1,0.0,7.28,0.0
土豆,22,1,0,0,0.98,21.34,2.4,18.4,0,14.78,0.0,0.0,0.0
芒果,22,1,0,0,0.259,267.41,9.0,16.8,0,0.53,0.0,0.0,0.0
苹果,22,1,0,0,0.894,189.18,7.2,15.3,0,4.92,0.0,0.0,0.0
草莓,22,1,0,0,0.1,289.02,24.0,22.0,0,0.18,0.0,0.0,0.0
葡萄,22,1,0,0,0.468,259.56,12.0,19.0,1,0.56,0.0,0.0,0.0
西瓜,22,1,0,0,0.89,0.0,3.6,17.9,0,0.0,0.0,0.0,0.0
西红柿,22,1,0,0,0.77,172.81,5.4,19.0,0,5.41,0.0,0.0,0.0
香蕉,22,1,0,0,0.555,219.48,4.8,20.3,1,2.26,0.0,0.0,0.0
黄瓜,22,1,0,0,0.824,171.76,4.2,15.4,0,6.69,0.0,0.0,0.0
土豆,23,1,0,0,0.979,21.34,2.4,17.7,0,0.0,0.0,0.0,0.0
芒果,23,1,0,0,0.241,267.41,9.0,18.2,0,0.0,0.0,0.0,0.0
苹果,23,1,0,0,0.888,189.18,7.2,20.5,0,0.01,0.0,0.0,0.0
草莓,23,1,0,0,0.1,289.02,24.0,16.2,0,0.0,0.0,0.0,0.0
葡萄,23,1,0,0,0.456,259.56,12.0,16.9,0,0.0,0.0,0.0,0.0
西瓜,23,1,0,0,0.887,0.0,3.6,15.1,0,0.0,0.0,0.0,0.0
西红柿,23,1,0,0,0.763,172.81,5.4,15.1,0,0.0,0.0,0.0,0.12
香蕉,23,1,0,0,0.549,219.48,4.8,15.2,1,0.0,0.0,0.0,0.0
黄瓜,23,1,0,0,0.819,171.76,4.2,13.8,0,0.0,0.0,0.0,0.07
土豆,0,2,0,0,0.978,21.34,4.6,14.5,1,0.0,0.0,0.0,0.0
芒果,0,2,0,0,0.223,267.41,9.0,18.0,0,0.0,0.0,0.0,0.0
苹果,0,2,0,0,0.885,189.18,13.8,15.0,0,0.0,0.0,0.0,0.0
草莓,0,2,0,0,0.1,289.02,24.0,14.0,0,0.0,0.0,0.0,0.0
葡萄,0,2,0,0,0.442,259.56,12.0,17.8,0,0.0,0.0,0.0,0.0
西瓜,0,2,0,0,0.884,0.0,5.1,16.0,0,0.0,0.0,0.0,0.0
西红柿,0,2,0,0,0.758,172.69,6.3,14.1,0,0.0,0.0,0.0,0.0
香蕉,0,2,0,0,0.54,219.48,4.8,16.8,0,0.0,0.0,0.0,0.0
黄瓜,0,2,0,0,0.812,171.69,5.95,19.2,1,0.0,0.0,0.0,0.0
土豆,1,2,0,0,0.977,21.34,4.6,12.9,0,0.0,0.0,0.0,0.01
芒果,1,2,0,0,0.218,267.41,9.0,12.4,1,0.0,0.0,0.0,0.0
苹果,1,2,0,0,0.881,189.18,10.2,16.6,1,0.0,0.0,0.0,0.0
草莓,1,2,0,0,0.1,289.02,24.0,16.0,0,0.0,0.0,0.0,0.0
葡萄,1,2,0,0,0.429,259.56,12.0,17.1,0,0.0,0.0,0.0,0.0
西瓜,1,2,0,0,0.88,0.0,6.0,15.7,0,0.0,0.0,0.0,0.0
西红柿,1,2,0,0,0.752,172.69,11.7,14.8,0,0.12,0.0,0.08,0.0
香蕉,1,2,0,0,0.537,219.48,4.8,13.4,1,0.0,0.0,0.0,0.0
黄瓜,1,2,0,0,0.806,171.69,9.1,15.6,0,0.07,0.0,0.0,0.0
土豆,2,2,0,0,0.977,21.33,4.6,17.7,0,0.0,0.0,0.0,0.0
芒果,2,2,0,0,0.213,267.41,9.0,12.6,0,0.0,0.0,0.0,0.0
苹果,2,2,0,0,0.878,189.18,15.6,11.9,0,0.0,0.0,0.0,0.0
草莓,2,2,0,0,0.1,289.02,24.0,15.8,0,0.0,0.0,0.0,0.0
葡萄,2,2,0,0,0.424,259.56,12.0,14.0,0,0.0,0.0,0.0,0.0
西瓜,2,2,0,0,0.876,0.0,6.0,19.5,0,0.0,0.0,0.0,0.0
西红柿,2,2,0,0,0.745,172.69,11.7,15.8,0,0.0,0.0,0.0,0.0
香蕉,2,2,0,0,0.53,219.48,4.8,15.8,0,0.0,0.0,0.0,0.0
黄瓜,2,2,0,0,0.801,171.69,9.1,14.2,0,0.0,0.0,0.0,0.0
土豆,3,2,0,0,0.976,21.33,2.8,12.3,0,0.01,0.0,0.0,0.0
芒果,3,2,0,0,0.206,267.41,9.0,15.1,0,0.0,0.0,0.0,0.0
苹果,3,2,0,0,0.876,189.18,8.4,13.0,0,0.0,0.0,0.0,0.0
草莓,3,2,0,0,0.1,289.02,24.0,12.2,0,0.0,0.0,0.0,0.0
葡萄,3,2,0,0,0.415,259.56,12.0,15.6,0,0.0,0.0,0.0,0.0
西瓜,3,2,0,0,0.873,0.0,6.0,13.4,0,0.0,0.0,0.0,0.0
西红柿,3,2,0,0,0.738,172.69,6.3,15.8,0,0.0,0.0,0.23,0.0
香蕉,3,2,0,0,0.524,219.48,4.8,15.3,0,0.0,0.0,0.12,0.0
黄瓜,3,2,0,0,0.796,171.69,5.95,15.3,0,0.0,0.0,0.0,0.0
土豆,4,2,0,0,0.975,21.33,2.8,12.7,0,0.0,0.0,0.0,0.0
芒果,4,2,0,0,0.195,267.41,9.0,16.3,0,0.0,0.0,0.0,0.0
苹果,4,2,0,0,0.871,189.18,12.0,17.0,1,0.0,0.0,0.05,0.0
草莓,4,2,0,0,0.1,289.02,24.0,14.4,0,0.0,0.0,0.0,0.0
葡萄,4,2,0,0,0.408,259.56,12.0,15.0,1,0.0,0.0,0.0,0.0
西瓜,4,2,0,0,0.868,0.0,7.8,19.4,0,0.0,0.0,0.0,0.0
西红柿,4,2,0,0,0.73,172.69,10.35,16.6,0,0.0,0.0,0.0,0.0
香蕉,4,2,0,0,0.517,219.48,4.8,15.6,0,0.0,0.0,0.0,0.0
黄瓜,4,2,0,0,0.79,171.69,8.05,16.1,0,0.0,0.0,0.0,0.0
土豆,5,2,0,0,0.975,21.33,5.2,15.0,1,0.0,0.0,0.0,10.26
芒果,5,2,0,0,0.179,267.41,9.0,17.8,0,0.0,0.27,0.0,2.79
苹果,5,2,0,0,0.869,189.18,13.8,12.8,0,0.0,0.0,0.0,2.8
草莓,5,2,0,0,0.1,289.02,24.0,16.5,0,0.0,0.0,0.0,0.24
葡萄,5,2,0,0,0.398,259.56,12.0,15.8,0,0.0,0.0,0.08,3.08
西瓜,5,2,0,0,0.864,0.0,4.2,18.0,0,0.0,0.0,0.0,13.15
西红柿,5,2,0,0,0.721,172.69,9.0,18.8,1,0.0,0.0,0.0,6.67
香蕉,5,2,0,0,0.503,219.48,4.8,19.1,0,0.0,0.0,0.0,4.53
黄瓜,5,2,0,0,0.785,171.69,5.95,14.3,0,0.0,0.0,0.0,4.95
土豆,6,2,0,0,1.0,289.74,3.4,21.4,0,0.0,4.11,10.27,20.89
芒果,6,2,0,0,1.0,297.21,10.5,20.7,0,0.0,0.53,1.72,4.25
苹果,6,2,0,0,1.0,297.2,12.0,18.4,0,0.0,0.84,3.95,1.7
草莓,6,2,0,0,1.0,299.76,46.0,22.3,1,0.0,0.31,0.62,1.55
葡萄,6,2,0,0,1.0,296.92,14.0,22.6,0,0.0,1.52,0.38,6.09
西瓜,6,2,0,0,1.0,286.85,5.1,20.2,0,0.0,1.8,1.8,19.46
西红柿,6,2,0,0,1.0,293.33,7.65,17.3,0,0.0,3.41,3.03,20.76
香蕉,6,2,0,0,1.0,295.47,8.0,19.8,0,0.0,2.33,3.02,6.37
黄瓜,6,2,0,0,1.0,295.05,7.0,15.4,0,0.0,4.87,1.63,10.05
土豆,7,2,0,0,0.999,268.85,4.0,20.4,0,10.26,8.6,36.34,28.55
芒果,7,2,0,0,0.975,292.96,15.0,20.0,0,2.79,4.93,8.6,1.63
苹果,7,2,0,0,0.995,295.5,13.8,21.4,1,2.8,12.64,4.18,7.95
草莓,7,2,0,0,0.969,298.21,40.0,20.1,0,0.24,1.86,2.78,1.54
葡萄,7,2,0,0,0.985,290.83,17.0,18.1,0,3.08,3.04,1.67,3.7
西瓜,7,2,0,0,0.995,267.39,6.0,20.8,0,13.15,23.52,5.81,13.66
西红柿,7,2,0,0,0.99,272.57,6.3,19.5,0,6.67,4.49,10.8,16.21
香蕉,7,2,0,0,0.982,289.1,8.0,21.5,0,4.53,11.39,4.94,3.72
黄瓜,7,2,0,0,0.992,285.0,7.0,20.6,0,4.95,13.7,25.34,12.88
土豆,8,2,0,0,0.998,240.3,4.0,24.4,0,20.89,25.58,20.75,18.0
芒果,8,2,0,0,0.938,291.33,19.5,23.1,0,4.25,2.1,6.71,2.7
苹果,8,2,0,0,0.989,287.55,12.0,21.5,0,1.7,3.82,7.21,4.63
草莓,8,2,0,0,0.934,296.67,40.0,20.9,0,1.55,2.88,1.65,1.06
葡萄,8,2,0,0,0.959,287.13,20.0,22.3,0,6.09,6.9,1.38,0.72
西瓜,8,2,0,0,0.99,253.73,6.0,18.7,0,19.46,14.14,1.8,15.12
西红柿,8,2,0,0,0.974,256.36,6.3,28.3,0,20.76,14.66,10.14,2.34
香蕉,8,2,0,0,0.958,285.38,10.4,25.0,0,6.37,8.07,7.91,1.41
黄瓜,8,2,0,0,0.984,272.12,7.0,20.1,0,10.05,3.87,14.66,7.1
土豆,9,2,0,0,0.997,222.3,2.8,21.3,0,28.55,10.91,11.4,2.86
芒果,9,2,0,0,0.902,288.63,15.0,22.9,0,1.63,1.51,1.25,1.15
苹果,9,2,0,0,0.983,282.92,12.0,25.2,0,7.95,0.8,2.77,3.07
草莓,9,2,0,0,0.863,295.61,40.0,26.9,0,1.54,0.9,0.86,0.18
葡萄,9,2,0,0,0.919,286.41,20.0,28.1,1,3.7,3.83,2.04,0.47
西瓜,9,2,0,0,0.982,238.61,6.9,28.2,0,13.66,20.45,19.24,15.3
西红柿,9,2,0,0,0.961,254.02,11.7,24.6,0,16.21,4.9,13.02,5.23
香蕉,9,2,0,0,0.931,283.97,10.4,26.3,0,3.72,2.09,5.15,1.21
黄瓜,9,2,0,0,0.972,265.02,7.0,26.3,0,12.88,8.34,9.49,6.63
土豆,10,2,0,0,0.995,219.44,5.2,31.1,1,18.0,9.38,10.91,19.22
芒果,10,2,0,0,0.841,287.48,10.5,29.7,1,2.7,1.6,1.38,2.43
苹果,10,2,0,0,0.976,279.85,12.0,24.8,0,4.63,3.5,4.11,5.1
草莓,10,2,0,0,0.792,295.43,40.0,26.7,1,1.06,0.43,0.28,0.89
葡萄,10,2,0,0,0.884,285.94,20.0,25.9,1,0.72,0.86,0.38,4.27
西瓜,10,2,0,0,0.974,223.31,6.0,28.3,0,15.12,4.97,4.77,42.38
西红柿,10,2,0,0,0.947,248.79,7.65,24.6,0,2.34,3.82,4.0,2.31
香蕉,10,2,0,0,0.903,282.76,8.0,27.0,1,1.41,5.72,0.99,5.33
黄瓜,10,2,0,0,0.962,258.39,4.9,24.5,0,7.1,5.15,6.64,2.62
土豆,11,2,0,0,0.994,200.22,4.0,30.1,0,2.86,21.18,17.03,42.3
芒果,11,2,0,0,0.784,285.05,15.0,28.5,0,1.15,2.61,0.95,2.53
苹果,11,2,0,0,0.969,274.75,12.0,28.3,0,3.07,4.76,2.59,7.86
草莓,11,2,0,0,0.738,294.54,34.0,24.0,0,0.18,0.91,1.01,0.65
葡萄,11,2,0,0,0.841,281.67,14.0,29.2,0,0.47,2.64,2.45,3.08
西瓜,11,2,0,0,0.965,180.93,4.2,30.2,0,15.3,41.68,13.62,16.07
西红柿,11,2,0,0,0.929,246.48,11.7,31.5,1,5.23,5.91,11.06,3.64
香蕉,11,2,0,0,0.874,277.43,8.0,27.4,0,1.21,9.55,2.47,1.9
黄瓜,11,2,0,0,0.949,255.77,9.1,29.3,1,6.63,7.62,10.08,10.24
土豆,12,2,0,0,0.992,157.92,2.8,30.6,0,19.22,15.76,34.07,16.37
芒果,12,2,0,0,0.726,282.52,15.0,29.0,0,2.43,3.63,1.11,2.31
苹果,12,2,0,0,0.961,266.89,8.4,28.5,0,5.1,6.76,11.83,2.68
草莓,12,2,0,0,0.656,293.89,40.0,28.7,0,0.89,1.4,0.78,0.93
葡萄,12,2,0,0,0.788,278.59,14.0,33.1,0,4.27,2.76,1.42,0.38
西瓜,12,2,0,0,0.956,164.86,6.9,29.8,0,42.38,8.47,27.18,6.7
西红柿,12,2,0,0,0.91,242.84,10.35,31.4,0,2.31,8.37,6.94,3.16
香蕉,12,2,0,0,0.844,275.53,10.4,27.8,0,5.33,6.1,4.16,3.94
黄瓜,12,2,0,0,0.936,245.53,5.95,29.1,0,2.62,9.63,9.18,2.25
土豆,13,2,0,0,0.991,141.55,3.4,28.4,0,42.3,13.21,3.36,9.68
芒果,13,2,0,0,0.663,280.21,10.5,30.0,0,2.53,0.55,1.54,1.24
苹果,13,2,0,0,0.953,264.21,13.8,30.0,0,7.86,1.78,4.44,1.11
草莓,13,2,0,0,0.591,292.96,24.0,25.9,0,0.65,0.39,0.87,0.2
葡萄,13,2,0,0,0.751,278.21,26.0,26.9,0,3.08,0.71,1.59,0.8
西瓜,13,2,0,0,0.948,158.16,7.8,29.3,0,16.07,16.13,8.05,11.77
西红柿,13,2,0,0,0.895,239.68,9.0,27.1,1,3.64,7.98,7.17,3.5
香蕉,13,2,0,0,0.809,271.59,8.0,31.1,0,1.9,4.84,5.49,2.11
黄瓜,13,2,0,0,0.922,243.28,9.1,32.9,1,10.24,4.39,2.53,1.81
土豆,14,2,0,0,0.989,131.87,4.0,31.2,1,16.37,3.54,11.07,17.43
芒果,14,2,0,0,0.6,278.97,10.5,30.0,0,2.31,1.35,1.15,1.2
苹果,14,2,0,0,0.944,263.1,15.6,32.3,0,2.68,0.75,0.89,1.9
草莓,14,2,0,0,0.493,292.76,24.0,31.3,1,0.93,0.18,0.34,0.18
葡萄,14,2,0,0,0.704,277.41,17.0,30.8,0,0.38,0.81,0.69,1.23
西瓜,14,2,0,0,0.94,146.39,6.0,28.9,0,6.7,27.58,11.91,12.32
西红柿,14,2,0,0,0.881,236.18,9.0,25.5,0,3.16,3.43,1.43,5.09
香蕉,14,2,0,0,0.776,269.48,8.0,29.1,0,3.94,1.89,1.19,2.89
黄瓜,14,2,0,0,0.906,241.47,9.1,35.3,0,2.25,4.13,5.99,3.23
土豆,15,2,0,0,0.988,114.44,2.8,29.4,0,9.68,7.4,13.51,27.4
芒果,15,2,0,0,0.545,277.77,9.0,28.2,0,1.24,1.24,0.81,2.15
苹果,15,2,0,0,0.937,261.2,12.0,28.3,0,1.11,2.83,1.79,15.75
草莓,15,2,0,0,0.419,292.58,24.0,27.3,1,0.2,0.36,0.18,0.52
葡萄,15,2,0,0,0.666,276.18,14.0,27.1,0,0.8,0.66,0.62,2.62
西瓜,15,2,0,0,0.932,134.07,6.0,28.2,0,11.77,19.21,6.06,37.0
西红柿,15,2,0,0,0.864,231.09,7.65,28.5,0,3.5,4.53,2.06,8.01
香蕉,15,2,0,0,0.739,266.59,5.6,32.2,0,2.11,0.9,1.98,2.77
黄瓜,15,2,0,0,0.895,238.24,7.0,26.3,0,1.81,2.4,4.2,4.27
土豆,16,2,0,0,0.986,87.04,3.4,27.5,1,17.43,28.03,22.66,70.9
芒果,16,2,0,0,0.476,275.62,9.0,31.6,0,1.2,3.05,3.39,2.34
苹果,16,2,0,0,0.929,245.45,8.4,30.6,0,1.9,12.11,16.27,18.92
草莓,16,2,0,0,0.335,292.06,24.0,29.0,0,0.18,0.28,0.18,0.46
葡萄,16,2,0,0,0.618,273.56,17.0,31.5,0,1.23,1.65,2.21,4.71
西瓜,16,2,0,0,0.924,97.07,6.0,27.6,0,12.32,44.59,45.39,4.51
西红柿,16,2,0,0,0.846,223.08,9.0,31.1,0,5.09,10.65,6.07,19.87
香蕉,16,2,0,0,0.712,263.82,9.2,26.4,0,2.89,4.36,2.23,11.21
黄瓜,16,2,0,0,0.882,233.97,9.1,28.9,1,3.23,3.54,10.38,9.57
土豆,17,2,0,0,0.985,16.14,2.8,26.2,0,27.4,12.36,62.57,16.14
芒果,17,2,0,0,0.421,273.28,9.0,28.2,0,2.15,3.03,4.77,0.87
苹果,17,2,0,0,0.921,226.53,8.4,28.5,0,15.75,7.29,10.85,7.16
草莓,17,2,0,0,0.255,291.6,24.0,28.3,0,0.52,0.28,0.54,0.18
葡萄,17,2,0,0,0.586,268.85,12.0,24.7,0,2.62,5.28,5.17,1.29
西瓜,17,2,0,0,0.917,92.56,7.8,24.5,1,37.0,26.51,16.72,33.49
西红柿,17,2,0,0,0.831,203.21,6.3,27.0,0,8.01,11.26,20.81,11.12
香蕉,17,2,0,0,0.686,252.61,5.6,25.5,0,2.77,3.98,7.23,4.47
黄瓜,17,2,0,0,0.87,224.4,8.05,27.6,0,4.27,15.3,20.97,9.48
土豆,18,2,0,0,0.984,0.0,4.0,24.1,0,70.9,25.67,38.94,0.0
芒果,18,2,0,0,0.375,272.41,9.0,25.6,1,2.34,2.59,3.9,2.01
苹果,18,2,0,0,0.913,219.37,8.4,29.0,1,18.92,19.87,4.45,6.04
草莓,18,2,0,0,0.173,291.42,24.0,28.8,0,0.46,0.26,0.29,0.18
葡萄,18,2,0,0,0.536,267.56,12.0,31.9,1,4.71,3.38,5.38,2.06
西瓜,18,2,0,0,0.91,59.07,4.2,26.3,1,4.51,35.08,83.32,41.71
西红柿,18,2,0,0,0.814,192.09,9.0,28.4,0,19.87,13.03,7.7,7.49
香蕉,18,2,0,0,0.659,248.14,9.2,26.4,0,11.21,5.24,5.78,1.3
黄瓜,18,2,0,0,0.858,214.92,8.05,27.1,0,9.57,4.74,17.08,11.15
土豆,19,2,0,0,0.982,0.0,2.8,26.8,1,16.14,33.13,7.12,0.0
芒果,19,2,0,0,0.351,270.4,9.0,19.6,0,0.87,1.99,1.29,1.48
苹果,19,2,0,0,0.907,213.33,13.8,26.4,0,7.16,13.95,7.9,11.21
草莓,19,2,0,0,0.1,291.24,24.0,31.0,0,0.18,0.18,0.2,0.18
葡萄,19,2,0,0,0.509,265.5,12.0,22.8,0,1.29,3.54,4.86,1.77
西瓜,19,2,0,0,0.901,17.36,6.9,29.9,0,33.49,10.05,22.59,17.36
西红柿,19,2,0,0,0.804,184.6,9.0,20.9,0,11.12,12.25,8.07,14.97
香蕉,19,2,0,0,0.633,246.84,10.4,25.8,0,4.47,4.02,6.32,7.06
黄瓜,19,2,0,0,0.847,203.77,8.05,27.1,0,9.48,15.77,25.41,23.37
土豆,20,2,0,0,0.981,0.0,2.4,19.4,1,0.0,45.02,0.0,0.0
芒果,20,2,0,0,0.324,268.92,9.0,20.5,0,2.01,1.35,2.28,0.53
苹果,20,2,0,0,0.901,202.12,7.2,20.9,0,6.04,14.19,15.2,5.3
草莓,20,2,0,0,0.1,291.06,24.0,21.9,0,0.18,0.18,0.21,0.18
葡萄,20,2,0,0,0.484,263.73,12.0,22.0,0,2.06,2.3,3.03,0.61
西瓜,20,2,0,0,0.894,0.0,3.6,26.1,0,41.71,5.82,31.74,0.0
西红柿,20,2,0,0,0.79,169.63,5.4,24.5,0,7.49,13.09,11.28,5.98
香蕉,20,2,0,0,0.614,239.78,4.8,22.1,0,1.3,7.78,11.11,2.43
黄瓜,20,2,0,0,0.838,180.4,4.2,21.3,0,11.15,18.1,26.22,7.03
土豆,21,2,0,0,0.981,0.0,2.4,18.4,0,0.0,14.78,0.0,0.0
芒果,21,2,0,0,0.294,268.39,9.0,21.3,0,1.48,0.53,0.53,0.03
苹果,21,2,0,0,0.896,196.82,7.2,19.8,0,11.21,4.92,4.53,0.0
草莓,21,2,0,0,0.1,290.88,24.0,20.4,0,0.18,0.18,0.18,0.0
葡萄,21,2,0,0,0.461,263.12,12.0,21.3,0,1.77,0.56,0.38,0.13
西瓜,21,2,0,0,0.889,0.0,3.6,19.4,0,17.36,0.0,0.0,0.0
西红柿,21,2,0,0,0.775,163.65,5.4,26.5,0,14.97,5.41,6.08,0.24
香蕉,21,2,0,0,0.599,237.35,4.8,20.1,0,7.06,2.26,2.96,0.0
黄瓜,21,2,0,0,0.831,173.37,4.2,18.2,0,23.37,6.69,4.96,0.0
土豆,22,2,0,0,0.98,0.0,2.4,20.6,0,0.0,0.0,0.0,0.0
芒果,22,2,0,0,0.267,268.36,9.0,20.5,0,0.53,0.0,0.0,0.0
苹果,22,2,0,0,0.892,196.82,7.2,17.8,1,5.3,0.01,0.0,0.0
草莓,22,2,0,0,0.1,290.88,24.0,18.3,1,0.18,0.0,0.0,0.12
葡萄,22,2,0,0,0.446,262.99,12.0,18.0,0,0.61,0.0,0.0,0.0
西瓜,22,2,0,0,0.884,0.0,3.6,18.9,0,0.0,0.0,0.0,0.0
西红柿,22,2,0,0,0.764,163.41,5.4,22.1,0,5.98,0.0,0.0,0.0
香蕉,22,2,0,0,0.588,237.35,4.8,18.0,0,2.43,0.0,0.0,0.0
黄瓜,22,2,0,0,0.826,173.37,4.2,14.7,0,7.03,0.0,0.0,0.0
土豆,23,2,0,0,0.979,0.0,2.4,14.6,1,0.0,0.0,0.0,0.0
芒果,23,2,0,0,0.241,268.36,9.0,20.5,0,0.03,0.0,0.0,0.0
苹果,23,2,0,0,0.888,196.82,7.2,17.0,0,0.0,0.0,0.0,0.11
草莓,23,2,0,0,0.1,290.76,24.0,20.5,0,0.0,0.0,0.0,0.0
葡萄,23,2,0,0,0.432,262.99,12.0,17.3,0,0.13,0.0,0.0,0.0
西瓜,23,2,0,0,0.881,0.0,3.6,14.5,0,0.0,0.0,0.0,0.0
西红柿,23,2,0,0,0.755,163.41,5.4,18.0,0,0.24,0.0,0.0,0.0
香蕉,23,2,0,0,0.579,237.35,4.8,16.6,0,0.0,0.0,0.0,0.0
黄瓜,23,2,0,0,0.819,173.37,4.2,17.5,0,0.0,0.0,0.06,0.0
土豆,0,3,0,0,0.978,0.0,3.4,16.3,0,0.0,0.0,0.0,0.0
芒果,0,3,0,0,0.224,268.36,9.0,17.7,0,0.0,0.0,0.0,0.0
苹果,0,3,0,0,0.884,196.71,12.0,16.2,0,0.0,0.0,0.0,0.0
草莓,0,3,0,0,0.1,290.76,24.0,12.6,0,0.12,0.0,0.0,0.0
葡萄,0,3,0,0,0.424,262.99,12.0,15.3,0,0.0,0.0,0.0,0.0
西瓜,0,3,0,0,0.878,0.0,6.0,16.6,0,0.0,0.0,0.0,0.0
西红柿,0,3,0,0,0.747,163.41,9.0,17.2,0,0.0,0.12,0.0,0.0
香蕉,0,3,0,0,0.573,237.35,4.8,15.2,0,0.0,0.0,0.1,0.0
黄瓜,0,3,0,0,0.81,173.37,7.0,22.2,0,0.0,0.07,0.0,0.0
土豆,1,3,0,0,0.977,0.0,4.6,16.0,0,0.0,0.0,0.0,0.0
芒果,1,3,0,0,0.216,268.36,9.0,15.5,0,0.0,0.0,0.0,0.12
苹果,1,3,0,0,0.881,196.71,12.0,14.5,0,0.11,0.0,0.0,0.0
草莓,1,3,0,0,0.1,290.76,24.0,14.0,0,0.0,0.0,0.0,0.0
葡萄,1,3,0,0,0.411,262.99,12.0,17.4,0,0.0,0.0,0.0,0.0
西瓜,1,3,0,0,0.875,0.0,6.9,14.3,0,0.0,0.0,0.0,0.0
西红柿,1,3,0,0,0.743,163.41,9.0,12.2,0,0.0,0.0,0.0,0.0
香蕉,1,3,0,0,0.568,237.35,4.8,14.8,0,0.0,0.0,0.24,0.0
黄瓜,1,3,0,0,0.805,173.37,8.05,13.2,1,0.0,0.0,0.2,0.0
土豆,2,3,0,0,0.976,0.0,4.6,16.5,0,0.0,0.01,0.0,0.0
芒果,2,3,0,0,0.199,268.24,9.0,17.8,0,0.0,0.0,0.0,0.0
苹果,2,3,0,0,0.878,196.71,12.0,13.4,0,0.0,0.0,0.0,0.0
草莓,2,3,0,0,0.1,290.76,24.0,12.1,1,0.0,0.0,0.0,0.0
葡萄,2,3,0,0,0.407,262.99,12.0,9.9,0,0.0,0.0,0.0,0.0
西瓜,2,3,0,0,0.872,0.0,5.1,14.7,0,0.0,0.0,0.0,0.0
西红柿,2,3,0,0,0.735,163.41,9.0,17.8,0,0.0,0.0,0.0,0.15
香蕉,2,3,0,0,0.565,237.35,4.8,13.4,0,0.0,0.0,0.0,0.0
黄瓜,2,3,0,0,0.8,173.37,8.05,15.2,1,0.0,0.0,0.0,0.01
土豆,3,3,0,0,0.976,0.0,4.6,16.4,0,0.0,0.0,0.0,0.0
芒果,3,3,0,0,0.19,268.24,9.0,15.7,0,0.12,0.0,0.0,0.0
苹果,3,3,0,0,0.874,196.71,12.0,15.1,0,0.0,0.0,0.08,0.0
草莓,3,3,0,0,0.1,290.76,24.0,16.6,1,0.0,0.0,0.0,0.0
葡萄,3,3,0,0,0.399,262.99,12.0,15.1,0,0.0,0.0,0.0,0.0
西瓜,3,3,0,0,0.87,0.0,6.0,12.6,0,0.0,0.0,0.0,0.0
西红柿,3,3,0,0,0.732,163.26,6.3,11.0,1,0.0,0.0,0.0,0.0
香蕉,3,3,0,0,0.562,237.35,4.8,12.7,0,0.0,0.0,0.1,0.0
黄瓜,3,3,0,0,0.797,173.36,7.0,9.4,0,0.0,0.0,0.0,0.0
土豆,4,3,0,0,0.975,0.0,5.2,16.0,0,0.0,0.0,0.0,0.0
芒果,4,3,0,0,0.163,268.24,9.0,20.6,0,0.0,0.0,0.0,0.0
苹果,4,3,0,0,0.87,196.71,8.4,17.1,0,0.0,0.0,0.0,0.0
草莓,4,3,0,0,0.1,290.76,24.0,18.7,0,0.0,0.0,0.0,0.0
葡萄,4,3,0,0,0.384,262.99,12.0,17.9,1,0.0,0.0,0.0,0.0
西瓜,4,3,0,0,0.866,0.0,6.0,16.6,0,0.0,0.0,0.0,0.0
西红柿,4,3,0,0,0.724,163.26,9.0,17.1,0,0.15,0.0,0.0,0.0
香蕉,4,3,0,0,0.558,237.35,4.8,14.2,0,0.0,0.0,0.0,0.0
黄瓜,4,3,0,0,0.792,173.36,4.9,15.1,0,0.01,0.0,0.0,0.0
土豆,5,3,0,0,0.974,0.0,2.8,15.4,1,0.0,0.0,0.0,3.59
芒果,5,3,0,0,0.146,268.24,9.0,17.8,1,0.0,0.0,0.0,3.12
苹果,5,3,0,0,0.865,196.71,8.4,18.8,0,0.0,0.0,0.0,3.83
草莓,5,3,0,0,0.1,290.76,24.0,20.5,0,0.0,0.0,0.12,0.68
葡萄,5,3,0,0,0.368,262.99,12.0,18.5,1,0.0,0.0,0.0,1.56
西瓜,5,3,0,0,0.862,0.0,6.0,17.5,0,0.0,0.0,0.0,2.79
西红柿,5,3,0,0,0.715,163.26,9.0,18.1,0,0.0,0.0,0.0,5.84
香蕉,5,3,0,0,0.551,237.35,4.8,15.9,0,0.0,0.0,0.0,2.16
黄瓜,5,3,0,0,0.785,173.36,8.05,17.2,0,0.0,0.0,0.0,5.35
土豆,6,3,0,0,1.0,296.41,5.2,14.8,0,0.0,10.26,3.43,34.83
芒果,6,3,0,0,1.0,296.88,10.5,15.6,0,0.0,2.79,0.62,8.8
苹果,6,3,0,0,1.0,296.17,8.4,19.9,0,0.0,2.8,2.65,6.21
草莓,6,3,0,0,1.0,299.32,40.0,14.7,0,0.0,0.24,0.29,1.33
葡萄,6,3,0,0,1.0,298.44,20.0,16.0,0,0.0,3.08,1.88,2.78
西瓜,6,3,0,0,1.0,297.21,7.8,18.4,0,0.0,13.15,2.02,2.45
西红柿,6,3,0,0,1.0,294.16,9.0,20.6,0,0.0,6.67,2.84,6.41
香蕉,6,3,0,0,1.0,297.84,9.2,17.2,0,0.0,4.53,4.91,13.53
黄瓜,6,3,0,0,1.0,294.65,7.0,19.8,0,0.0,4.95,3.84,7.33
土豆,7,3,0,0,0.999,261.58,2.8,22.5,1,3.59,20.89,16.46,18.4
芒果,7,3,0,0,0.971,288.08,10.5,21.0,0,3.12,4.25,2.33,8.53
苹果,7,3,0,0,0.994,289.96,12.0,22.5,0,3.83,1.7,5.47,8.62
草莓,7,3,0,0,0.977,297.99,40.0,18.9,0,0.68,1.55,1.35,3.08
葡萄,7,3,0,0,0.974,295.66,20.0,22.3,0,1.56,6.09,1.29,2.2
西瓜,7,3,0,0,0.995,294.76,7.8,21.1,1,2.79,19.46,13.23,18.75
西红柿,7,3,0,0,0.986,287.75,10.35,25.8,0,5.84,20.76,9.63,10.23
香蕉,7,3,0,0,0.977,284.31,6.8,24.4,0,2.16,6.37,7.62,3.9
黄瓜,7,3,0,0,0.99,287.32,8.05,23.5,0,5.35,10.05,7.48,8.43
土豆,8,3,0,0,0.998,243.18,4.0,20.5,1,34.83,28.55,18.44,11.3
芒果,8,3,0,0,0.935,279.55,10.5,22.9,0,8.8,1.63,3.74,3.06
苹果,8,3,0,0,0.988,281.34,12.0,23.2,0,6.21,7.95,3.72,5.06
草莓,8,3,0,0,0.937,294.91,28.0,21.6,0,1.33,1.54,1.06,0.85
葡萄,8,3,0,0,0.959,293.46,23.0,17.9,0,2.78,3.7,1.72,0.38
西瓜,8,3,0,0,0.988,276.01,6.0,24.8,0,2.45,13.66,30.49,27.1
西红柿,8,3,0,0,0.973,277.52,9.0,23.6,0,6.41,16.21,10.12,5.07
香蕉,8,3,0,0,0.958,280.41,10.4,22.2,0,13.53,3.72,6.98,3.05
黄瓜,8,3,0,0,0.982,278.89,8.05,21.2,0,7.33,12.88,17.42,12.48
土豆,9,3,0,0,0.997,231.88,4.6,25.0,0,18.4,18.0,5.42,10.51
芒果,9,3,0,0,0.89,276.49,15.0,25.3,0,8.53,2.7,1.32,0.53
苹果,9,3,0,0,0.982,276.28,12.0,25.2,0,8.62,4.63,5.17,3.1
草莓,9,3,0,0,0.869,294.06,40.0,26.3,0,3.08,1.06,0.85,0.48
葡萄,9,3,0,0,0.935,293.08,26.0,21.7,1,2.2,0.72,3.0,0.52
西瓜,9,3,0,0,0.979,248.91,6.0,30.2,0,18.75,15.12,11.71,19.62
西红柿,9,3,0,0,0.959,272.45,9.0,25.2,1,10.23,2.34,4.52,1.99
香蕉,9,3,0,0,0.932,277.36,9.2,25.5,0,3.9,1.41,9.15,3.01
黄瓜,9,3,0,0,0.97,266.41,4.9,27.2,1,8.43,7.1,13.22,3.54
土豆,10,3,0,0,0.995,221.37,4.0,25.9,0,11.3,2.86,2.63,12.96
芒果,10,3,0,0,0.835,275.96,15.0,28.1,1,3.06,1.15,1.16,2.55
苹果,10,3,0,0,0.975,273.18,12.0,26.0,0,5.06,3.07,2.83,2.65
草莓,10,3,0,0,0.797,293.58,40.0,27.1,0,0.85,0.18,0.57,0.54
葡萄,10,3,0,0,0.909,292.56,20.0,22.5,1,0.38,0.47,0.42,2.03
西瓜,10,3,0,0,0.971,229.29,4.2,29.0,0,27.1,15.3,5.74,10.09
西红柿,10,3,0,0,0.943,270.46,11.7,27.6,0,5.07,5.23,3.44,13.24
香蕉,10,3,0,0,0.904,274.35,8.0,27.1,0,3.05,1.21,3.88,3.41
黄瓜,10,3,0,0,0.958,262.87,7.0,27.9,1,12.48,6.63,8.92,13.16
土豆,11,3,0,0,0.994,208.41,4.0,25.7,1,10.51,19.22,8.53,13.8
芒果,11,3,0,0,0.779,273.41,15.0,28.4,0,0.53,2.43,3.02,1.85
苹果,11,3,0,0,0.967,270.53,12.0,30.3,1,3.1,5.1,6.04,0.75
草莓,11,3,0,0,0.722,293.04,52.0,27.4,0,0.48,0.89,0.88,0.4
葡萄,11,3,0,0,0.871,290.53,23.0,27.1,0,0.52,4.27,3.45,0.96
西瓜,11,3,0,0,0.961,219.2,7.8,31.6,0,19.62,42.38,19.33,37.53
西红柿,11,3,0,0,0.926,257.22,6.3,30.3,0,1.99,2.31,7.73,7.48
香蕉,11,3,0,0,0.869,270.94,5.6,30.8,1,3.01,5.33,10.55,1.43
黄瓜,11,3,0,0,0.946,249.71,5.95,26.8,0,3.54,2.62,6.52,2.99
土豆,12,3,0,0,0.993,194.61,4.0,28.1,1,12.96,42.3,20.62,5.57
芒果,12,3,0,0,0.724,271.56,17.25,27.8,0,2.55,2.53,3.92,2.06
苹果,12,3,0,0,0.96,269.78,15.6,25.0,1,2.65,7.86,3.78,1.9
草莓,12,3,0,0,0.612,292.64,46.0,33.4,0,0.54,0.65,1.04,0.63
葡萄,12,3,0,0,0.828,289.57,26.0,29.2,0,2.03,3.08,2.88,1.29
西瓜,12,3,0,0,0.953,181.67,4.2,29.1,0,10.09,16.07,29.6,7.9
西红柿,12,3,0,0,0.908,249.74,9.0,29.5,0,13.24,3.64,4.3,8.83
香蕉,12,3,0,0,0.839,269.51,9.2,27.8,1,3.41,1.9,6.02,1.43
黄瓜,12,3,0,0,0.934,246.72,9.1,28.9,0,13.16,10.24,5.48,9.53
土豆,13,3,0,0,0.991,189.04,5.2,33.1,0,13.8,16.37,15.33,6.16
芒果,13,3,0,0,0.655,269.5,12.75,31.8,0,1.85,2.31,0.97,1.43
苹果,13,3,0,0,0.952,267.88,12.0,29.7,1,0.75,2.68,0.75,2.36
草莓,13,3,0,0,0.516,292.01,24.0,30.9,0,0.4,0.93,0.18,0.18
葡萄,13,3,0,0,0.777,288.28,20.0,32.5,0,0.96,0.38,0.61,0.68
西瓜,13,3,0,0,0.944,173.77,7.8,31.4,0,37.53,6.7,22.94,14.41
西红柿,13,3,0,0,0.89,240.91,6.3,31.5,0,7.48,3.16,3.63,2.86
香蕉,13,3,0,0,0.804,268.08,10.4,31.0,0,1.43,3.94,1.73,0.9
黄瓜,13,3,0,0,0.919,237.19,5.95,32.2,0,2.99,2.25,6.23,4.35
土豆,14,3,0,0,0.989,182.88,4.0,30.6,0,5.57,9.68,9.86,10.65
芒果,14,3,0,0,0.605,268.07,10.5,26.7,0,2.06,1.24,0.64,0.95
苹果,14,3,0,0,0.944,265.52,12.0,30.2,0,1.9,1.11,3.86,2.13
草莓,14,3,0,0,0.414,291.83,24.0,32.0,0,0.63,0.2,0.39,0.18
葡萄,14,3,0,0,0.723,287.6,20.0,33.7,0,1.29,0.8,0.77,0.7
西瓜,14,3,0,0,0.934,159.36,6.0,30.8,0,7.9,11.77,15.75,16.38
西红柿,14,3,0,0,0.872,238.05,9.0,31.1,0,8.83,3.5,3.24,1.13
香蕉,14,3,0,0,0.768,267.18,10.4,30.8,0,1.43,2.11,0.9,2.12
黄瓜,14,3,0,0,0.905,232.84,7.0,31.9,0,9.53,1.81,3.68,2.64
土豆,15,3,0,0,0.988,172.23,4.0,28.6,0,6.16,17.43,8.05,50.81
芒果,15,3,0,0,0.538,267.12,9.0,31.2,0,1.43,1.2,1.01,3.05
苹果,15,3,0,0,0.936,263.39,12.0,30.4,0,2.36,1.9,2.34,6.61
草莓,15,3,0,0,0.319,291.65,24.0,30.9,0,0.18,0.18,0.47,0.18
葡萄,15,3,0,0,0.674,286.9,20.0,31.4,0,0.68,1.23,0.38,1.81
西瓜,15,3,0,0,0.925,142.98,5.1,33.2,0,14.41,12.32,17.56,28.43
西红柿,15,3,0,0,0.854,236.92,11.7,29.6,0,2.86,5.09,3.32,10.99
香蕉,15,3,0,0,0.734,265.06,8.0,30.2,0,0.9,2.89,1.96,6.98
黄瓜,15,3,0,0,0.891,230.2,7.0,32.2,0,4.35,3.23,4.82,10.31
土豆,16,3,0,0,0.986,121.42,2.8,33.2,0,10.65,27.4,28.48,43.64
芒果,16,3,0,0,0.467,264.07,9.0,32.2,0,0.95,2.15,2.26,3.32
苹果,16,3,0,0,0.928,256.78,13.8,32.5,0,2.13,15.75,10.73,10.49
草莓,16,3,0,0,0.237,291.47,24.0,28.7,0,0.18,0.52,0.38,0.18
葡萄,16,3,0,0,0.625,285.09,20.0,31.8,0,0.7,2.62,2.71,4.05
西瓜,16,3,0,0,0.915,114.55,6.9,30.8,0,16.38,37.0,16.43,32.54
西红柿,16,3,0,0,0.838,225.93,7.65,28.0,0,1.13,8.01,9.37,8.0
香蕉,16,3,0,0,0.703,258.08,8.0,28.6,0,2.12,2.77,5.71,7.63
黄瓜,16,3,0,0,0.878,219.89,7.0,29.3,0,2.64,4.27,16.51,13.82
土豆,17,3,0,0,0.985,77.78,4.0,27.8,0,50.81,70.9,20.3,21.69
芒果,17,3,0,0,0.409,260.75,9.0,28.8,0,3.05,2.34,4.73,2.79
苹果,17,3,0,0,0.92,246.29,12.0,28.6,0,6.61,18.92,15.72,8.52
草莓,17,3,0,0,0.144,291.29,24.0,30.4,0,0.18,0.46,0.5,0.18
葡萄,17,3,0,0,0.59,281.04,12.0,26.0,0,1.81,4.71,2.79,3.98
西瓜,17,3,0,0,0.906,82.01,5.1,32.7,1,28.43,4.51,23.55,28.67
西红柿,17,3,0,0,0.821,217.93,10.35,30.0,0,10.99,19.87,8.96,12.66
香蕉,17,3,0,0,0.674,250.45,6.8,27.7,0,6.98,11.21,9.08,4.44
黄瓜,17,3,0,0,0.865,206.07,7.0,29.1,0,10.31,9.57,12.0,17.69
土豆,18,3,0,0,0.984,56.09,4.6,24.4,1,43.64,16.14,41.13,25.6
芒果,18,3,0,0,0.359,257.96,9.0,26.6,0,3.32,0.87,3.48,1.18
苹果,18,3,0,0,0.912,237.77,12.0,29.3,0,10.49,7.16,21.63,1.47
草莓,18,3,0,0,0.1,291.11,24.0,26.7,0,0.18,0.18,0.18,0.18
葡萄,18,3,0,0,0.564,277.06,12.0,22.2,0,4.05,1.29,1.69,2.6
西瓜,18,3,0,0,0.898,53.34,4.2,28.4,1,32.54,33.49,26.8,21.62
西红柿,18,3,0,0,0.809,205.27,9.0,23.1,0,8.0,11.12,16.92,9.59
香蕉,18,3,0,0,0.648,246.01,9.2,25.5,0,7.63,4.47,9.18,5.86
黄瓜,18,3,0,0,0.854,188.38,7.0,26.7,0,13.82,9.48,17.95,4.66
土豆,19,3,0,0,0.982,30.49,4.0,24.7,0,21.69,0.0,27.43,30.49
芒果,19,3,0,0,0.285,256.78,9.0,33.1,0,2.79,2.01,2.61,0.53
苹果,19,3,0,0,0.906,236.3,15.6,23.5,1,8.52,6.04,15.38,13.71
草莓,19,3,0,0,0.1,290.93,24.0,25.9,0,0.18,0.18,0.18,0.18
葡萄,19,3,0,0,0.526,274.46,12.0,27.2,0,3.98,2.06,2.64,2.17
西瓜,19,3,0,0,0.891,31.72,6.0,23.6,0,28.67,41.71,38.79,31.72
西红柿,19,3,0,0,0.796,195.68,9.0,22.8,0,12.66,7.49,4.09,14.12
香蕉,19,3,0,0,0.627,240.15,8.0,23.4,0,4.44,1.3,5.16,7.32
黄瓜,19,3,0,0,0.844,183.72,9.1,22.5,0,17.69,11.15,11.86,19.63
土豆,20,3,0,0,0.981,0.0,2.4,22.2,0,25.6,0.0,42.08,0.0
芒果,20,3,0,0,0.259,256.25,9.0,20.4,0,1.18,1.48,1.81,0.53
苹果,20,3,0,0,0.9,222.59,7.2,22.2,0,1.47,11.21,15.19,4.19
草莓,20,3,0,0,0.1,290.75,24.0,22.5,0,0.18,0.18,0.19,0.18
葡萄,20,3,0,0,0.496,272.29,12.0,23.9,0,2.6,1.77,2.35,0.61
西瓜,20,3,0,0,0.885,0.0,3.6,22.0,0,21.62,17.36,26.06,0.0
西红柿,20,3,0,0,0.781,181.56,5.4,26.9,0,9.59,14.97,10.64,3.89
香蕉,20,3,0,0,0.61,232.83,4.8,21.1,0,5.86,7.06,8.85,0.9
黄瓜,20,3,0,0,0.835,164.09,4.2,21.6,0,4.66,23.37,20.44,5.53
土豆,21,3,0,0,0.98,0.0,2.4,25.8,0,30.49,0.0,18.23,0.0
芒果,21,3,0,0,0.237,255.72,9.0,19.2,1,0.53,0.53,0.6,0.0
苹果,21,3,0,0,0.895,218.4,7.2,19.9,0,13.71,5.3,4.74,0.28
草莓,21,3,0,0,0.1,290.57,24.0,19.2,0,0.18,0.18,0.18,0.0
葡萄,21,3,0,0,0.473,271.68,12.0,21.2,0,2.17,0.61,0.83,0.0
西瓜,21,3,0,0,0.881,0.0,3.6,19.5,0,31.72,0.0,0.0,0.0
西红柿,21,3,0,0,0.772,177.67,5.4,19.5,0,14.12,5.98,5.84,0.0
香蕉,21,3,0,0,0.591,231.93,4.8,21.9,1,7.32,2.43,2.49,0.15
黄瓜,21,3,0,0,0.827,158.56,4.2,21.0,1,19.63,7.03,5.13,0.0
土豆,22,3,0,0,0.979,0.0,2.4,20.8,0,0.0,0.0,0.0,0.0
芒果,22,3,0,0,0.217,255.72,9.0,18.6,1,0.53,0.03,0.0,0.08
苹果,22,3,0,0,0.891,218.12,7.2,19.1,0,4.19,0.0,0.0,0.0
草莓,22,3,0,0,0.1,290.57,24.0,21.6,0,0.18,0.0,0.0,0.0
葡萄,22,3,0,0,0.467,271.68,12.0,14.6,0,0.61,0.13,0.0,0.0
西瓜,22,3,0,0,0.877,0.0,3.6,16.9,0,0.0,0.0,0.0,0.0
西红柿,22,3,0,0,0.761,177.67,5.4,20.9,0,3.89,0.24,0.0,0.0
香蕉,22,3,0,0,0.583,231.78,4.8,16.3,0,0.9,0.0,0.09,0.0
黄瓜,22,3,0,0,0.819,158.56,4.2,20.1,0,5.53,0.0,0.0,0.0
土豆,23,3,0,0,0.978,0.0,2.4,18.5,0,0.0,0.0,0.16,0.0
芒果,23,3,0,0,0.201,255.64,9.0,17.6,0,0.0,0.0,0.0,0.0
苹果,23,3,0,0,0.886,218.12,7.2,17.5,0,0.28,0.0,0.0,0.0
草莓,23,3,0,0,0.1,290.57,24.0,19.4,0,0.0,0.12,0.0,0.0
葡萄,23,3,0,0,0.449,271.68,12.0,19.2,0,0.0,0.0,0.0,0.0
西瓜,23,3,0,0,0.873,0.0,3.6,18.2,0,0.0,0.0,0.0,0.0
西红柿,23,3,0,0,0.752,177.67,5.4,18.0,0,0.0,0.0,0.0,0.0
香蕉,23,3,0,0,0.574,231.78,4.8,16.8,0,0.15,0.0,0.0,0.0
黄瓜,23,3,0,0,0.812,158.56,4.2,18.6,1,0.0,0.0,0.0,0.0
土豆,0,4,0,0,0.977,0.0,2.8,14.7,0,0.0,0.0,0.0,0.0
芒果,0,4,0,0,0.196,255.64,9.0,14.0,0,0.08,0.0,0.0,0.0
苹果,0,4,0,0,0.883,218.12,12.0,15.2,1,0.0,0.11,0.0,0.0
草莓,0,4,0,0,0.1,290.57,24.0,17.6,0,0.0,0.0,0.0,0.28
葡萄,0,4,0,0,0.439,271.68,12.0,16.1,0,0.0,0.0,0.0,0.0
西瓜,0,4,0,0,0.869,0.0,6.0,16.5,0,0.0,0.0,0.0,0.0
西红柿,0,4,0,0,0.745,177.67,10.35,16.9,0,0.0,0.0,0.0,0.0
香蕉,0,4,0,0,0.566,231.78,4.8,16.5,0,0.0,0.0,0.0,0.0
黄瓜,0,4,0,0,0.806,158.56,8.05,14.8,1,0.0,0.0,0.0,0.0
土豆,1,4,0,0,0.976,0.0,4.0,18.5,0,0.0,0.0,0.0,0.0
芒果,1,4,0,0,0.186,255.64,9.0,15.9,0,0.0,0.0,0.0,0.0
苹果,1,4,0,0,0.88,218.12,10.2,12.4,0,0.0,0.0,0.0,0.0
草莓,1,4,0,0,0.1,290.29,24.0,13.0,0,0.0,0.0,0.0,0.0
葡萄,1,4,0,0,0.425,271.68,12.0,17.5,1,0.0,0.0,0.04,0.1
西瓜,1,4,0,0,0.866,0.0,6.0,14.1,1,0.0,0.0,0.0,0.0
西红柿,1,4,0,0,0.737,177.67,6.3,16.8,0,0.0,0.0,0.0,0.0
香蕉,1,4,0,0,0.563,231.78,4.8,13.0,0,0.0,0.0,0.0,0.0
黄瓜,1,4,0,0,0.802,158.56,7.0,13.4,0,0.0,0.0,0.0,0.0
土豆,2,4,0,0,0.976,0.0,4.0,13.6,0,0.0,0.0,0.0,0.0
芒果,2,4,0,0,0.177,255.64,9.0,15.8,0,0.0,0.12,0.0,0.0
苹果,2,4,0,0,0.877,218.12,13.8,14.9,0,0.0,0.0,0.0,0.0
草莓,2,4,0,0,0.1,290.29,24.0,14.7,1,0.28,0.0,0.0,0.0
葡萄,2,4,0,0,0.421,271.58,12.0,13.1,0,0.0,0.0,0.0,0.0
西瓜,2,4,0,0,0.863,0.0,5.1,15.4,0,0.0,0.0,0.0,0.0
西红柿,2,4,0,0,0.732,177.67,9.0,13.8,0,0.0,0.0,0.0,0.0
香蕉,2,4,0,0,0.552,231.78,4.8,17.6,0,0.0,0.0,0.0,0.0
黄瓜,2,4,0,0,0.796,158.56,9.1,15.8,0,0.0,0.0,0.0,0.03
土豆,3,4,0,0,0.975,0.0,4.6,14.5,0,0.0,0.0,0.0,0.0
芒果,3,4,0,0,0.163,255.64,9.0,17.2,0,0.0,0.0,0.0,0.0
苹果,3,4,0,0,0.874,218.12,10.2,12.8,1,0.0,0.0,0.0,0.0
草莓,3,4,0,0,0.1,290.29,24.0,13.4,0,0.0,0.0,0.0,0.0
葡萄,3,4,0,0,0.417,271.58,12.0,13.1,0,0.1,0.0,0.0,0.0
西瓜,3,4,0,0,0.859,0.0,4.2,15.8,0,0.0,0.0,0.0,0.0
西红柿,3,4,0,0,0.724,177.67,9.0,16.5,0,0.0,0.15,0.0,0.0
香蕉,3,4,0,0,0.549,231.78,4.8,13.8,0,0.0,0.0,0.0,0.0
黄瓜,3,4,0,0,0.791,158.53,8.05,14.2,0,0.0,0.01,0.0,0.0
土豆,4,4,0,0,0.974,0.0,5.2,16.3,0,0.0,0.0,0.0,0.0
芒果,4,4,0,0,0.142,255.64,9.0,18.9,0,0.0,0.0,0.0,0.0
苹果,4,4,0,0,0.87,218.12,12.0,14.6,0,0.0,0.0,0.0,0.0
草莓,4,4,0,0,0.1,290.29,24.0,14.3,1,0.0,0.0,0.0,0.0
葡萄,4,4,0,0,0.406,271.58,12.0,16.2,1,0.0,0.0,0.0,0.0
西瓜,4,4,0,0,0.855,0.0,6.0,17.6,0,0.0,0.0,0.0,0.0
西红柿,4,4,0,0,0.718,177.67,11.7,14.9,1,0.0,0.0,0.0,0.0
香蕉,4,4,0,0,0.539,231.78,4.8,17.3,0,0.0,0.0,0.0,0.0
黄瓜,4,4,0,0,0.785,158.53,7.0,16.1,0,0.03,0.0,0.0,0.0
土豆,5,4,0,0,0.973,0.0,5.2,18.7,0,0.0,0.0,0.0,10.27
芒果,5,4,0,0,0.137,255.64,9.0,14.4,0,0.0,0.0,0.0,0.93
苹果,5,4,0,0,0.867,218.12,12.0,14.5,0,0.0,0.0,0.0,0.86
草莓,5,4,0,0,0.1,290.29,24.0,15.5,0,0.0,0.0,0.0,0.74
葡萄,5,4,0,0,0.402,271.58,12.0,12.6,0,0.0,0.0,0.0,1.65
西瓜,5,4,0,0,0.851,0.0,6.0,18.7,0,0.0,0.0,0.0,6.01
西红柿,5,4,0,0,0.709,177.67,9.0,19.0,0,0.0,0.0,0.0,3.04
香蕉,5,4,0,0,0.529,231.78,4.8,17.2,0,0.0,0.0,0.02,4.14
黄瓜,5,4,0,0,0.781,158.53,9.1,12.9,0,0.0,0.0,0.0,3.01
土豆,6,4,0,0,1.0,289.73,4.0,15.3,0,0.0,3.59,4.47,10.7
芒果,6,4,0,0,1.0,299.07,19.5,16.6,0,0.0,3.12,0.58,1.99
苹果,6,4,0,0,1.0,299.14,12.0,17.7,1,0.0,3.83,5.23,5.64
草莓,6,4,0,0,1.0,299.26,40.0,19.7,0,0.0,0.68,0.63,2.61
葡萄,6,4,0,0,1.0,298.35,20.0,16.9,0,0.0,1.56,2.54,3.1
西瓜,6,4,0,0,1.0,293.99,6.0,19.9,0,0.0,2.79,7.11,32.66
西红柿,6,4,0,0,1.0,296.96,10.35,18.7,0,0.0,5.84,4.86,9.99
香蕉,6,4,0,0,1.0,295.86,8.0,22.3,0,0.0,2.16,1.6,9.35
黄瓜,6,4,0,0,1.0,296.99,8.05,15.5,0,0.0,5.35,5.37,8.47
土豆,7,4,0,0,0.999,279.03,4.6,21.1,0,10.27,34.83,38.14,17.92
芒果,7,4,0,0,0.961,297.08,19.5,23.7,0,0.93,8.8,1.84,6.52
苹果,7,4,0,0,0.995,293.5,13.8,19.7,0,0.86,6.21,5.79,8.27
草莓,7,4,0,0,0.977,296.65,28.0,18.9,0,0.74,1.33,2.76,0.18
葡萄,7,4,0,0,0.98,295.25,20.0,20.1,0,1.65,2.78,3.49,2.02
西瓜,7,4,0,0,0.995,261.33,4.2,18.8,0,6.01,2.45,1.8,15.8
西红柿,7,4,0,0,0.99,286.97,9.0,19.7,0,3.04,6.41,17.17,11.82
香蕉,7,4,0,0,0.98,286.51,8.0,22.7,0,4.14,13.53,12.11,17.4
黄瓜,7,4,0,0,0.991,288.52,8.05,21.0,0,3.01,7.33,10.91,10.52
土豆,8,4,0,0,0.998,261.11,4.0,21.0,1,10.7,18.4,16.43,14.37
芒果,8,4,0,0,0.94,290.56,12.75,19.0,0,1.99,8.53,3.82,1.8
苹果,8,4,0,0,0.99,285.23,12.0,19.3,0,5.64,8.62,4.75,4.61
草莓,8,4,0,0,0.903,296.47,52.0,27.3,1,2.61,3.08,1.56,0.7
葡萄,8,4,0,0,0.947,293.23,23.0,25.1,0,3.1,2.2,1.1,3.87
西瓜,8,4,0,0,0.989,245.53,6.0,24.3,0,32.66,18.75,6.25,19.76
西红柿,8,4,0,0,0.975,275.15,9.0,27.4,0,9.99,10.23,9.72,14.97
香蕉,8,4,0,0,0.957,269.11,5.6,24.2,0,9.35,3.9,8.24,0.9
黄瓜,8,4,0,0,0.983,278.0,7.0,21.1,0,8.47,8.43,10.31,6.98
土豆,9,4,0,0,0.997,246.74,4.0,23.2,0,17.92,11.3,19.95,4.75
芒果,9,4,0,0,0.899,288.76,17.25,24.2,0,6.52,3.06,0.74,0.66
苹果,9,4,0,0,0.983,280.62,12.0,26.5,0,8.27,5.06,4.85,3.77
草莓,9,4,0,0,0.845,295.77,40.0,24.6,0,0.18,0.85,0.83,0.18
葡萄,9,4,0,0,0.916,289.36,14.0,24.3,0,2.02,0.38,1.73,0.38
西瓜,9,4,0,0,0.984,225.77,4.2,20.1,0,15.8,27.1,20.83,10.53
西红柿,9,4,0,0,0.96,260.18,6.3,26.4,0,11.82,5.07,14.79,4.43
香蕉,9,4,0,0,0.928,268.21,10.4,27.3,1,17.4,3.05,1.35,2.32
黄瓜,9,4,0,0,0.973,271.02,7.0,24.0,0,10.52,12.48,7.33,2.1
土豆,10,4,0,0,0.995,241.99,5.2,25.4,0,14.37,10.51,8.87,22.71
芒果,10,4,0,0,0.852,288.1,19.5,26.0,0,1.8,0.53,2.18,1.93
苹果,10,4,0,0,0.976,276.85,10.2,27.3,0,4.61,3.1,1.08,5.6
草莓,10,4,0,0,0.74,295.59,46.0,32.6,1,0.7,0.48,0.43,0.28
葡萄,10,4,0,0,0.882,288.98,23.0,25.8,1,3.87,0.52,0.48,2.62
西瓜,10,4,0,0,0.976,215.24,6.0,27.3,0,19.76,19.62,2.99,29.81
西红柿,10,4,0,0,0.944,255.75,7.65,27.2,1,14.97,1.99,3.36,7.65
香蕉,10,4,0,0,0.905,265.89,5.6,24.7,1,0.9,3.01,2.39,5.69
黄瓜,10,4,0,0,0.962,268.92,8.05,24.9,1,6.98,3.54,2.22,8.09
土豆,11,4,0,0,0.994,219.28,2.8,31.8,1,4.75,12.96,19.28,14.55
芒果,11,4,0,0,0.785,286.17,15.0,31.1,0,0.66,2.55,0.89,0.53
苹果,11,4,0,0,0.968,271.25,12.0,29.1,0,3.77,2.65,1.65,2.41
草莓,11,4,0,0,0.666,295.31,52.0,27.2,0,0.18,0.54,1.19,0.76
葡萄,11,4,0,0,0.838,286.36,20.0,29.4,0,0.38,2.03,2.72,2.26
西瓜,11,4,0,0,0.968,185.43,5.1,28.8,0,10.53,10.09,14.7,91.21
西红柿,11,4,0,0,0.928,248.1,9.0,28.7,0,4.43,13.24,11.63,12.49
香蕉,11,4,0,0,0.881,260.2,6.8,24.8,0,2.32,3.41,6.82,8.98
黄瓜,11,4,0,0,0.95,260.83,7.0,27.6,0,2.1,13.16,5.19,7.25
土豆,12,4,0,0,0.992,204.73,4.0,29.8,0,22.71,13.8,19.01,12.25
芒果,12,4,0,0,0.718,285.64,17.25,31.1,1,1.93,1.85,2.62,1.2
苹果,12,4,0,0,0.96,268.84,12.0,33.0,1,5.6,0.75,2.35,1.38
草莓,12,4,0,0,0.569,294.55,24.0,31.3,0,0.28,0.4,0.66,0.62
葡萄,12,4,0,0,0.79,284.1,20.0,31.5,0,2.62,0.96,2.81,1.14
西瓜,12,4,0,0,0.958,94.22,4.2,32.2,0,29.81,37.53,18.42,3.95
西红柿,12,4,0,0,0.909,235.61,6.3,32.1,0,7.65,7.48,4.72,4.97
香蕉,12,4,0,0,0.852,251.22,5.6,27.0,0,5.69,1.43,1.75,1.11
黄瓜,12,4,0,0,0.937,253.58,7.0,30.0,0,8.09,2.99,9.69,3.97
土豆,13,4,0,0,0.991,192.48,4.0,29.1,0,14.55,5.57,11.19,13.59
芒果,13,4,0,0,0.65,284.44,15.0,31.7,0,0.53,2.06,0.75,0.71
苹果,13,4,0,0,0.951,267.46,15.6,31.7,0,2.41,1.9,2.83,3.25
草莓,13,4,0,0,0.489,293.93,24.0,28.2,0,0.76,0.63,0.61,0.18
葡萄,13,4,0,0,0.746,282.96,20.0,29.3,0,2.26,1.29,1.48,0.38
西瓜,13,4,0,0,0.949,90.27,6.9,30.7,1,91.21,7.9,13.41,11.67
西红柿,13,4,0,0,0.89,230.64,9.0,31.2,0,12.49,8.83,2.98,3.75
香蕉,13,4,0,0,0.815,250.11,10.4,32.1,0,8.98,1.43,3.64,3.98
黄瓜,13,4,0,0,0.924,249.61,8.05,30.5,1,7.25,9.53,7.05,2.7
土豆,14,4,0,0,0.989,178.89,2.8,29.3,1,12.25,6.16,10.26,6.6
芒果,14,4,0,0,0.59,283.73,9.0,29.1,1,1.2,1.43,0.96,1.45
苹果,14,4,0,0,0.942,264.21,10.2,33.9,0,1.38,2.36,4.6,1.96
草莓,14,4,0,0,0.364,293.75,24.0,35.9,1,0.62,0.18,0.37,0.23
葡萄,14,4,0,0,0.703,282.58,20.0,29.5,1,1.14,0.68,0.39,1.11
西瓜,14,4,0,0,0.94,78.6,6.0,30.8,0,3.95,14.41,13.15,10.86
西红柿,14,4,0,0,0.874,226.89,9.0,29.3,0,4.97,2.86,4.52,4.47
香蕉,14,4,0,0,0.779,246.13,5.6,31.2,0,1.11,0.9,1.68,1.87
黄瓜,14,4,0,0,0.91,246.91,7.0,31.7,1,3.97,4.35,1.32,1.79
土豆,15,4,0,0,0.988,172.29,4.0,30.5,1,13.59,10.65,3.69,22.23
芒果,15,4,0,0,0.521,282.28,9.0,31.8,0,0.71,0.95,1.5,2.56
苹果,15,4,0,0,0.934,262.25,12.0,30.8,0,3.25,2.13,0.75,5.35
草莓,15,4,0,0,0.272,293.52,24.0,30.4,0,0.18,0.18,0.26,0.18
葡萄,15,4,0,0,0.665,281.47,14.0,27.0,0,0.38,0.7,0.38,1.67
西瓜,15,4,0,0,0.932,67.74,6.0,29.0,0,11.67,16.38,16.09,43.23
西红柿,15,4,0,0,0.852,222.42,6.3,35.4,0,3.75,1.13,2.85,12.34
香蕉,15,4,0,0,0.747,244.26,8.0,28.9,0,3.98,2.12,2.49,1.42
黄瓜,15,4,0,0,0.896,245.12,9.1,30.4,0,2.7,2.64,2.7,14.3
土豆,16,4,0,0,0.987,150.06,4.0,28.2,0,6.6,50.81,22.55,37.14
芒果,16,4,0,0,0.451,279.72,9.0,32.0,0,1.45,3.05,1.31,2.09
苹果,16,4,0,0,0.925,256.9,13.8,33.3,0,1.96,6.61,4.99,11.67
草莓,16,4,0,0,0.159,293.34,24.0,33.8,1,0.23,0.18,0.21,0.18
葡萄,16,4,0,0,0.62,279.8,20.0,29.9,0,1.11,1.81,2.82,3.51
西瓜,16,4,0,0,0.923,24.51,4.2,29.4,0,10.86,28.43,13.87,19.97
西红柿,16,4,0,0,0.835,210.08,6.3,28.7,0,4.47,10.99,8.61,8.04
香蕉,16,4,0,0,0.714,242.84,9.2,29.9,1,1.87,6.98,6.04,8.64
黄瓜,16,4,0,0,0.883,230.82,5.95,30.0,0,1.79,10.31,18.37,6.9
土豆,17,4,0,0,0.985,112.92,4.0,30.4,0,22.23,43.64,41.94,16.73
芒果,17,4,0,0,0.384,277.63,9.0,31.1,0,2.56,3.32,3.7,1.84
苹果,17,4,0,0,0.918,245.23,12.0,26.9,0,5.35,10.49,10.08,1.64
草莓,17,4,0,0,0.1,293.16,24.0,29.2,0,0.18,0.18,0.23,0.18
葡萄,17,4,0,0,0.583,276.29,12.0,27.1,0,1.67,4.05,0.71,2.59
西瓜,17,4,0,0,0.914,4.54,6.0,31.8,1,43.23,32.54,10.9,4.54
西红柿,17,4,0,0,0.818,202.04,10.35,30.3,0,12.34,8.0,10.81,13.23
香蕉,17,4,0,0,0.682,234.2,8.0,28.7,0,1.42,7.63,6.41,5.8
黄瓜,17,4,0,0,0.87,223.92,8.05,29.1,1,14.3,13.82,16.95,14.32
土豆,18,4,0,0,0.984,96.19,5.2,27.3,0,37.14,21.69,8.53,51.06
芒果,18,4,0,0,0.341,275.79,9.0,24.9,0,2.09,2.79,2.82,1.28
苹果,18,4,0,0,0.911,243.59,15.6,25.3,1,11.67,8.52,4.2,17.63
草莓,18,4,0,0,0.1,292.98,24.0,25.1,1,0.18,0.18,0.24,0.18
葡萄,18,4,0,0,0.547,273.7,12.0,26.1,0,3.51,3.98,1.54,2.62
西瓜,18,4,0,0,0.905,0.0,5.1,29.1,0,19.97,28.67,26.47,0.0
西红柿,18,4,0,0,0.802,188.81,9.0,27.1,0,8.04,12.66,10.11,14.71
香蕉,18,4,0,0,0.652,228.4,8.0,28.0,0,8.64,4.44,2.98,6.26
黄瓜,18,4,0,0,0.859,209.6,7.0,27.2,1,6.9,17.69,5.96,16.06
土豆,19,4,0,0,0.982,45.13,3.4,23.6,0,16.73,25.6,37.28,25.95
芒果,19,4,0,0,0.297,274.51,9.0,25.2,0,1.84,1.18,2.44,1.01
苹果,19,4,0,0,0.905,225.96,8.4,24.6,0,1.64,1.47,13.18,12.83
草莓,19,4,0,0,0.1,292.8,24.0,25.0,0,0.18,0.18,0.18,0.18
葡萄,19,4,0,0,0.512,271.08,12.0,26.0,0,2.59,2.6,4.14,2.01
西瓜,19,4,0,0,0.9,0.0,4.2,21.1,0,4.54,21.62,27.52,0.0
西红柿,19,4,0,0,0.788,174.1,7.65,26.2,0,13.23,9.59,4.11,16.21
香蕉,19,4,0,0,0.624,222.14,6.8,27.3,0,5.8,5.86,2.7,3.38
黄瓜,19,4,0,0,0.847,193.54,7.0,26.9,0,14.32,4.66,6.86,25.31
土豆,20,4,0,0,0.981,19.18,2.4,23.6,0,51.06,30.49,33.96,16.24
芒果,20,4,0,0,0.264,273.5,9.0,22.1,0,1.28,0.53,1.31,0.53
苹果,20,4,0,0,0.898,213.13,7.2,26.1,0,17.63,13.71,12.9,1.45
草莓,20,4,0,0,0.1,292.62,24.0,21.4,0,0.18,0.18,0.18,0.18
葡萄,20,4,0,0,0.491,269.07,12.0,20.4,0,2.62,2.17,0.86,0.68
西瓜,20,4,0,0,0.893,0.0,3.6,25.1,1,0.0,31.72,31.25,0.0
西红柿,20,4,0,0,0.78,157.89,5.4,17.5,0,14.71,14.12,12.93,4.19
香蕉,20,4,0,0,0.6,218.76,4.8,24.6,1,6.26,7.32,10.59,1.1
黄瓜,20,4,0,0,0.837,168.23,4.2,23.9,0,16.06,19.63,25.35,6.98
土豆,21,4,0,0,0.98,2.94,2.4,25.5,0,25.95,0.0,4.45,0.23
芒果,21,4,0,0,0.24,272.97,9.0,19.7,0,1.01,0.53,0.53,0.0
苹果,21,4,0,0,0.894,211.68,7.2,16.6,1,12.83,4.19,4.79,0.0
草莓,21,4,0,0,0.1,292.44,24.0,23.6,0,0.18,0.18,0.18,0.0
葡萄,21,4,0,0,0.457,268.39,12.0,25.6,0,2.01,0.61,0.76,0.0
西瓜,21,4,0,0,0.887,0.0,3.6,21.6,0,0.0,0.0,9.01,0.0
西红柿,21,4,0,0,0.768,153.7,5.4,21.7,0,16.21,3.89,4.94,0.0
香蕉,21,4,0,0,0.582,217.66,4.8,21.5,1,3.38,0.9,0.9,0.0
黄瓜,21,4,0,0,0.83,161.25,4.2,17.1,0,25.31,5.53,6.74,0.0
土豆,22,4,0,0,0.979,2.71,2.4,17.1,0,16.24,0.0,0.0,0.0
芒果,22,4,0,0,0.22,272.97,9.0,18.5,1,0.53,0.0,0.0,0.0
苹果,22,4,0,0,0.89,211.68,7.2,17.2,0,1.45,0.28,0.12,0.0
草莓,22,4,0,0,0.1,292.44,24.0,25.7,0,0.18,0.0,0.06,0.0
葡萄,22,4,0,0,0.45,268.39,12.0,14.8,0,0.68,0.0,0.0,0.0
西瓜,22,4,0,0,0.883,0.0,3.6,17.7,0,0.0,0.0,0.0,0.0
西红柿,22,4,0,0,0.761,153.7,5.4,16.8,0,4.19,0.0,0.0,0.0
香蕉,22,4,0,0,0.57,217.66,4.8,18.3,0,1.1,0.15,0.0,0.0
黄瓜,22,4,0,0,0.824,161.25,4.2,17.2,0,6.98,0.0,0.0,0.0
土豆,23,4,0,0,0.978,2.71,2.4,18.2,0,0.23,0.0,0.0,0.0
芒果,23,4,0,0,0.21,272.97,9.0,16.1,0,0.0,0.08,0.05,0.0
苹果,23,4,0,0,0.885,211.68,7.2,17.1,0,0.0,0.0,0.0,0.0
草莓,23,4,0,0,0.1,292.44,24.0,15.5,0,0.0,0.0,0.0,0.0
葡萄,23,4,0,0,0.436,268.39,12.0,17.8,0,0.0,0.0,0.0,0.0
西瓜,23,4,0,0,0.879,0.0,3.6,18.5,0,0.0,0.0,0.0,0.0
西红柿,23,4,0,0,0.755,153.7,5.4,14.2,0,0.0,0.0,0.0,0.04
香蕉,23,4,0,0,0.556,217.66,4.8,19.5,0,0.0,0.0,0.0,0.0
黄瓜,23,4,0,0,0.819,161.25,4.2,14.4,0,0.0,0.0,0.16,0.0
土豆,0,5,1,0,0.977,2.71,4.6,17.3,0,0.0,0.0,0.0,0.0
芒果,0,5,1,0,0.202,272.97,9.0,15.5,0,0.0,0.0,0.0,0.0
苹果,0,5,1,0,0.881,211.68,12.0,17.8,1,0.0,0.0,0.0,0.0
草莓,0,5,1,0,0.1,292.44,24.0,19.2,0,0.0,0.0,0.0,0.0
葡萄,0,5,1,0,0.426,268.39,12.0,16.0,0,0.0,0.0,0.0,0.0
西瓜,0,5,1,0,0.875,0.0,6.0,15.7,0,0.0,0.0,0.0,0.0
西红柿,0,5,1,0,0.747,153.66,9.0,17.2,0,0.0,0.0,0.0,0.0
香蕉,0,5,1,0,0.549,217.66,4.8,15.6,0,0.0,0.0,0.0,0.0
黄瓜,0,5,1,0,0.813,161.25,7.0,15.1,0,0.0,0.0,0.17,0.0
土豆,1,5,1,0,0.977,2.71,5.2,14.3,1,0.0,0.0,0.0,0.0
芒果,1,5,1,0,0.197,272.97,9.0,13.7,0,0.0,0.0,0.0,0.0
苹果,1,5,1,0,0.877,211.68,10.2,15.8,0,0.0,0.0,0.0,0.0
草莓,1,5,1,0,0.1,292.44,24.0,14.3,0,0.0,0.28,0.15,0.0
葡萄,1,5,1,0,0.415,268.39,12.0,16.2,0,0.0,0.0,0.0,0.0
西瓜,1,5,1,0,0.873,0.0,5.1,13.7,0,0.0,0.0,0.0,0.0
西红柿,1,5,1,0,0.741,153.66,6.3,15.5,0,0.04,0.0,0.0,0.0
香蕉,1,5,1,0,0.544,217.66,4.8,15.1,0,0.0,0.0,0.0,0.0
黄瓜,1,5,1,0,0.808,161.25,7.0,14.3,0,0.0,0.0,0.0,0.0
土豆,2,5,1,0,0.976,2.71,4.6,14.8,0,0.0,0.0,0.0,0.0
芒果,2,5,1,0,0.184,272.97,9.0,16.9,0,0.0,0.0,0.0,0.0
苹果,2,5,1,0,0.874,211.68,8.4,15.1,0,0.0,0.0,0.0,0.0
草莓,2,5,1,0,0.1,292.44,24.0,16.5,0,0.0,0.0,0.0,0.0
葡萄,2,5,1,0,0.406,268.39,12.0,15.6,0,0.0,0.1,0.0,0.06
西瓜,2,5,1,0,0.87,0.0,6.0,13.0,0,0.0,0.0,0.0,0.0
西红柿,2,5,1,0,0.734,153.66,11.7,15.9,0,0.0,0.0,0.0,0.0
香蕉,2,5,1,0,0.539,217.66,4.8,14.5,0,0.0,0.0,0.0,0.0
黄瓜,2,5,1,0,0.802,161.25,8.05,16.3,1,0.0,0.0,0.0,0.0
土豆,3,5,1,0,0.975,2.71,4.0,14.3,0,0.0,0.0,0.0,0.0
芒果,3,5,1,0,0.179,272.97,9.0,13.9,0,0.0,0.0,0.0,0.0
苹果,3,5,1,0,0.87,211.68,13.8,15.9,0,0.0,0.0,0.0,0.0
草莓,3,5,1,0,0.1,292.44,24.0,13.6,1,0.0,0.0,0.0,0.0
葡萄,3,5,1,0,0.402,268.33,12.0,13.2,0,0.0,0.0,0.0,0.0
西瓜,3,5,1,0,0.866,0.0,6.0,17.4,0,0.0,0.0,0.0,0.0
西红柿,3,5,1,0,0.727,153.66,9.0,15.3,0,0.0,0.0,0.0,0.03
香蕉,3,5,1,0,0.533,217.66,4.8,15.3,0,0.0,0.0,0.0,0.12
黄瓜,3,5,1,0,0.797,161.25,9.1,14.9,0,0.0,0.03,0.0,0.0
土豆,4,5,1,0,0.974,2.71,3.4,16.3,1,0.0,0.0,0.0,0.0
芒果,4,5,1,0,0.174,272.97,9.0,12.6,0,0.0,0.0,0.0,0.0
苹果,4,5,1,0,0.866,211.68,12.0,17.8,0,0.0,0.0,0.0,0.37
草莓,4,5,1,0,0.1,292.44,24.0,14.9,0,0.0,0.0,0.0,0.0
葡萄,4,5,1,0,0.398,268.33,12.0,13.6,0,0.06,0.0,0.11,0.0
西瓜,4,5,1,0,0.863,0.0,4.2,15.8,1,0.0,0.0,0.0,0.0
西红柿,4,5,1,0,0.72,153.63,9.0,16.6,0,0.0,0.0,0.0,0.0
香蕉,4,5,1,0,0.529,217.54,4.8,14.0,0,0.0,0.0,0.0,0.0
黄瓜,4,5,1,0,0.792,161.25,7.0,14.9,0,0.0,0.0,0.0,0.0
土豆,5,5,1,0,0.973,2.71,5.2,20.0,0,0.0,0.0,0.0,13.75
芒果,5,5,1,0,0.164,272.97,9.0,16.0,0,0.0,0.0,0.11,2.8
苹果,5,5,1,0,0.861,211.31,10.2,18.0,0,0.0,0.0,0.0,4.97
草莓,5,5,1,0,0.1,292.44,24.0,20.1,0,0.0,0.0,0.0,0.21
葡萄,5,5,1,0,0.379,268.33,12.0,19.7,0,0.0,0.0,0.0,3.32
西瓜,5,5,1,0,0.859,0.0,4.2,16.6,0,0.0,0.0,0.0,1.8
西红柿,5,5,1,0,0.712,153.63,9.0,17.5,0,0.03,0.0,0.0,5.6
香蕉,5,5,1,0,0.514,217.54,4.8,19.9,0,0.12,0.0,0.0,1.31
黄瓜,5,5,1,0,0.785,161.25,4.9,17.0,0,0.0,0.0,0.0,8.34
土豆,6,5,1,0,1.0,286.25,4.0,19.0,0,0.0,10.27,20.52,43.45
芒果,6,5,1,0,1.0,297.2,15.0,18.4,0,0.0,0.93,3.63,2.96
苹果,6,5,1,0,1.0,295.03,12.0,21.1,0,0.37,0.86,2.38,13.44
草莓,6,5,1,0,1.0,299.79,46.0,19.5,1,0.0,0.74,1.21,3.24
葡萄,6,5,1,0,1.0,296.68,20.0,17.7,0,0.0,1.65,1.36,1.16
西瓜,6,5,1,0,1.0,298.2,7.8,22.0,1,0.0,6.01,8.71,41.05
西红柿,6,5,1,0,1.0,294.4,9.0,19.7,0,0.0,3.04,9.28,14.72
香蕉,6,5,1,0,1.0,298.69,8.0,17.3,1,0.0,4.14,7.03,8.43
黄瓜,6,5,1,0,1.0,291.66,7.0,17.9,0,0.0,3.01,3.43,13.99
土豆,7,5,1,0,0.999,242.8,4.0,23.3,0,13.75,10.7,38.99,50.02
芒果,7,5,1,0,0.98,294.24,19.5,18.8,0,2.8,1.99,3.22,12.82
苹果,7,5,1,0,0.995,281.59,10.2,19.4,0,4.97,5.64,11.58,12.79
草莓,7,5,1,0,0.994,296.55,34.0,16.0,0,0.21,2.61,0.98,1.84
葡萄,7,5,1,0,0.974,295.52,20.0,22.3,1,3.32,3.1,14.29,8.25
西瓜,7,5,1,0,0.994,257.15,5.1,21.7,0,1.8,32.66,39.74,24.64
西红柿,7,5,1,0,0.99,279.68,9.0,19.5,0,5.6,9.99,9.72,11.15
香蕉,7,5,1,0,0.974,290.26,9.2,25.9,0,1.31,9.35,18.0,7.74
黄瓜,7,5,1,0,0.992,277.67,5.95,20.8,0,8.34,8.47,18.57,18.99
土豆,8,5,1,0,0.998,192.78,3.4,26.0,0,43.45,17.92,26.76,24.83
芒果,8,5,1,0,0.936,281.42,10.5,25.0,0,2.96,6.52,12.12,1.77
苹果,8,5,1,0,0.989,268.8,12.0,23.7,0,13.44,8.27,15.09,1.48
草莓,8,5,1,0,0.972,294.71,40.0,18.7,0,3.24,0.18,2.17,2.02
葡萄,8,5,1,0,0.942,287.27,14.0,24.8,0,1.16,2.02,0.92,3.95
西瓜,8,5,1,0,0.987,232.51,6.0,25.8,0,41.05,15.8,31.03,24.93
西红柿,8,5,1,0,0.98,268.53,9.0,20.9,0,14.72,11.82,21.8,8.95
香蕉,8,5,1,0,0.954,282.52,8.0,22.4,0,8.43,17.4,25.9,8.99
黄瓜,8,5,1,0,0.983,258.68,7.0,20.5,0,13.99,10.52,14.51,18.22
土豆,9,5,1,0,0.996,167.95,4.0,20.9,0,50.02,14.37,39.91,5.02
芒果,9,5,1,0,0.901,279.65,19.5,22.7,0,12.82,1.8,5.64,2.64
苹果,9,5,1,0,0.982,267.32,12.0,26.4,1,12.79,4.61,8.49,4.59
草莓,9,5,1,0,0.897,292.69,34.0,27.5,0,1.84,0.7,1.23,1.01
葡萄,9,5,1,0,0.898,283.32,17.0,29.9,0,8.25,3.87,4.05,1.3
西瓜,9,5,1,0,0.98,207.58,6.9,27.1,0,24.64,19.76,9.23,26.07
西红柿,9,5,1,0,0.964,259.58,9.0,27.8,0,11.15,14.97,5.11,9.19
香蕉,9,5,1,0,0.923,273.53,8.0,28.6,0,7.74,0.9,23.43,1.79
黄瓜,9,5,1,0,0.97,240.46,5.95,29.4,0,18.99,6.98,9.73,12.55
土豆,10,5,1,0,0.995,162.93,5.2,26.4,0,24.83,4.75,14.77,32.35
芒果,10,5,1,0,0.858,277.01,15.0,24.6,0,1.77,0.66,0.59,4.8
苹果,10,5,1,0,0.975,262.73,12.0,26.8,0,1.48,3.77,5.08,0.83
草莓,10,5,1,0,0.807,291.68,34.0,30.0,0,2.02,0.18,0.31,0.41
葡萄,10,5,1,0,0.855,282.02,20.0,28.9,0,3.95,0.38,2.44,3.31
西瓜,10,5,1,0,0.972,181.51,6.0,27.1,0,24.93,10.53,52.32,79.67
西红柿,10,5,1,0,0.948,250.39,6.3,27.9,0,8.95,4.43,9.46,5.24
香蕉,10,5,1,0,0.899,271.74,10.4,24.9,0,8.99,2.32,13.49,5.06
黄瓜,10,5,1,0,0.957,227.91,4.9,30.1,0,18.22,2.1,8.31,11.85
土豆,11,5,1,0,0.994,130.58,4.0,25.5,0,5.02,22.71,36.66,25.25
芒果,11,5,1,0,0.806,272.21,15.0,27.4,0,2.64,1.93,5.09,2.91
苹果,11,5,1,0,0.967,261.9,15.6,30.7,1,4.59,5.6,18.11,5.43
草莓,11,5,1,0,0.708,291.27,28.0,31.4,1,1.01,0.28,0.71,0.79
葡萄,11,5,1,0,0.818,278.71,20.0,26.9,0,1.3,2.62,2.96,1.85
西瓜,11,5,1,0,0.964,101.84,4.2,27.5,0,26.07,29.81,35.48,34.21
西红柿,11,5,1,0,0.931,245.15,11.7,28.9,0,9.19,7.65,15.7,11.27
香蕉,11,5,1,0,0.864,266.68,8.0,30.7,0,1.79,5.69,9.46,1.57
黄瓜,11,5,1,0,0.943,216.06,7.0,32.2,0,12.55,8.09,23.92,9.39
土豆,12,5,1,0,0.993,105.33,4.0,25.4,0,32.35,14.55,15.4,4.24
芒果,12,5,1,0,0.744,269.3,15.0,29.7,0,4.8,0.53,2.74,2.42
苹果,12,5,1,0,0.959,256.47,13.8,29.6,0,0.83,2.41,13.44,1.48
草莓,12,5,1,0,0.625,290.48,40.0,28.9,0,0.41,0.76,2.24,0.77
葡萄,12,5,1,0,0.776,276.86,23.0,28.8,0,3.31,2.26,4.12,1.93
西瓜,12,5,1,0,0.955,67.63,6.9,30.3,0,79.67,91.21,44.5,14.36
西红柿,12,5,1,0,0.912,233.88,9.0,32.2,0,5.24,12.49,21.81,8.34
香蕉,12,5,1,0,0.83,265.11,9.2,30.0,1,5.06,8.98,9.07,5.6
黄瓜,12,5,1,0,0.929,206.67,7.0,31.4,0,11.85,7.25,3.75,4.6
土豆,13,5,1,0,0.991,101.09,5.2,30.5,1,25.25,12.25,52.56,9.26
芒果,13,5,1,0,0.677,266.88,15.0,31.2,0,2.91,1.2,4.9,1.19
苹果,13,5,1,0,0.952,254.99,12.0,27.0,1,5.43,1.38,5.89,6.03
草莓,13,5,1,0,0.537,289.71,24.0,29.7,0,0.79,0.62,1.35,0.56
葡萄,13,5,1,0,0.727,274.93,20.0,31.5,0,1.85,1.14,1.06,0.38
西瓜,13,5,1,0,0.946,53.27,4.2,30.6,1,34.21,3.95,43.26,37.42
西红柿,13,5,1,0,0.894,225.54,9.0,31.2,0,11.27,4.97,4.26,2.32
香蕉,13,5,1,0,0.793,259.51,8.0,32.1,0,1.57,1.11,5.51,3.22
黄瓜,13,5,1,0,0.916,202.07,9.1,28.9,0,9.39,3.97,7.62,5.8
土豆,14,5,1,0,0.99,91.83,4.6,31.6,0,4.24,13.59,8.65,18.44
芒果,14,5,1,0,0.613,265.69,15.0,30.5,0,2.42,0.71,2.14,1.99
苹果,14,5,1,0,0.945,248.96,8.4,27.7,0,1.48,3.25,1.98,1.41
草莓,14,5,1,0,0.443,289.15,24.0,30.7,0,0.77,0.18,0.49,0.39
葡萄,14,5,1,0,0.678,274.55,26.0,31.7,0,1.93,0.38,0.67,0.49
西瓜,14,5,1,0,0.936,15.85,5.1,33.8,0,14.36,11.67,2.59,15.85
西红柿,14,5,1,0,0.877,223.22,9.0,29.0,1,8.34,3.75,8.27,4.69
香蕉,14,5,1,0,0.754,256.29,8.0,32.7,0,5.6,3.98,3.1,1.03
黄瓜,14,5,1,0,0.9,196.27,7.0,36.1,0,4.6,2.7,8.11,4.14
土豆,15,5,1,0,0.988,73.39,2.8,31.3,0,9.26,6.6,21.21,51.03
芒果,15,5,1,0,0.553,263.7,9.0,29.2,0,1.19,1.45,2.7,6.08
苹果,15,5,1,0,0.936,247.55,15.6,30.9,0,6.03,1.96,1.93,6.93
草莓,15,5,1,0,0.333,288.76,24.0,33.3,0,0.56,0.23,0.34,0.49
葡萄,15,5,1,0,0.636,274.06,26.0,29.0,0,0.38,1.11,0.38,5.07
西瓜,15,5,1,0,0.927,0.0,5.1,31.3,0,37.42,10.86,27.69,0.0
西红柿,15,5,1,0,0.855,218.53,9.0,36.5,0,2.32,4.47,7.9,16.13
香蕉,15,5,1,0,0.718,255.26,6.8,31.2,1,3.22,1.87,5.41,14.88
黄瓜,15,5,1,0,0.887,192.13,8.05,29.2,0,5.8,1.79,2.7,19.88
土豆,16,5,1,0,0.986,22.36,2.8,32.0,0,18.44,22.23,24.57,22.36
芒果,16,5,1,0,0.496,257.62,9.0,28.7,0,1.99,2.56,1.19,5.36
苹果,16,5,1,0,0.929,240.62,13.8,29.1,0,1.41,5.35,29.17,13.93
草莓,16,5,1,0,0.245,288.27,24.0,29.6,0,0.39,0.18,0.66,0.25
葡萄,16,5,1,0,0.59,268.99,12.0,30.2,0,0.49,1.67,1.44,4.69
西瓜,16,5,1,0,0.919,0.0,6.0,28.4,0,15.85,43.23,5.45,0.0
西红柿,16,5,1,0,0.838,202.4,7.65,28.6,0,4.69,12.34,22.43,17.04
香蕉,16,5,1,0,0.684,240.38,5.6,30.1,0,1.03,1.42,10.96,2.87
黄瓜,16,5,1,0,0.874,172.25,7.0,30.6,0,4.14,14.3,6.16,19.15
土豆,17,5,1,0,0.985,0.0,4.0,25.6,0,51.03,37.14,0.0,0.0
芒果,17,5,1,0,0.438,252.26,9.0,28.7,0,6.08,2.09,6.31,1.03
苹果,17,5,1,0,0.922,226.69,12.0,26.0,0,6.93,11.67,26.09,13.97
草莓,17,5,1,0,0.194,288.02,24.0,23.6,0,0.49,0.18,0.47,0.18
葡萄,17,5,1,0,0.558,264.3,12.0,24.7,0,5.07,3.51,7.93,6.01
西瓜,17,5,1,0,0.911,0.0,6.0,27.5,0,0.0,19.97,0.0,0.0
西红柿,17,5,1,0,0.822,185.36,9.0,27.7,0,16.13,8.04,25.93,5.77
香蕉,17,5,1,0,0.66,237.51,6.8,24.6,1,14.88,8.64,13.55,3.63
黄瓜,17,5,1,0,0.86,153.1,7.0,30.7,0,19.88,6.9,30.47,18.25
土豆,18,5,1,0,0.984,0.0,4.6,29.4,1,22.36,16.73,0.0,0.0
芒果,18,5,1,0,0.39,251.23,9.0,26.2,1,5.36,1.84,5.62,2.86
苹果,18,5,1,0,0.915,212.72,12.0,24.9,0,13.93,1.64,6.27,17.23
草莓,18,5,1,0,0.11,287.84,24.0,28.9,0,0.25,0.18,0.18,0.18
葡萄,18,5,1,0,0.516,258.29,12.0,29.1,0,4.69,2.59,9.22,5.41
西瓜,18,5,1,0,0.902,0.0,6.0,31.1,1,0.0,4.54,0.0,0.0
西红柿,18,5,1,0,0.808,179.59,11.7,26.0,0,17.04,13.23,10.53,21.04
香蕉,18,5,1,0,0.628,233.88,5.6,29.3,1,2.87,5.8,10.57,19.97
黄瓜,18,5,1,0,0.849,134.85,4.9,25.6,1,19.15,14.32,44.13,32.88
土豆,19,5,1,0,0.982,0.0,4.0,27.2,1,0.0,51.06,0.0,0.0
芒果,19,5,1,0,0.349,248.37,9.0,24.2,0,1.03,1.28,4.18,1.94
苹果,19,5,1,0,0.909,195.49,12.0,25.4,0,13.97,17.63,38.62,20.43
草莓,19,5,1,0,0.1,287.66,24.0,26.6,0,0.18,0.18,0.18,0.18
葡萄,19,5,1,0,0.493,252.88,12.0,21.1,0,6.01,2.62,5.79,0.49
西瓜,19,5,1,0,0.894,0.0,6.0,26.8,0,0.0,0.0,0.0,0.0
西红柿,19,5,1,0,0.793,158.55,9.0,26.3,0,5.77,14.71,32.79,15.97
香蕉,19,5,1,0,0.596,213.91,4.8,28.9,0,3.63,6.26,3.08,11.56
黄瓜,19,5,1,0,0.837,101.97,5.95,28.3,0,18.25,16.06,53.36,26.37
土豆,20,5,1,0,0.981,0.0,2.4,25.5,0,0.0,25.95,0.0,0.0
芒果,20,5,1,0,0.313,246.43,9.0,23.0,0,2.86,1.01,1.79,0.53
苹果,20,5,1,0,0.904,175.06,7.2,20.2,0,17.23,12.83,4.65,8.97
草莓,20,5,1,0,0.1,287.48,24.0,21.7,0,0.18,0.18,0.18,0.18
葡萄,20,5,1,0,0.467,252.39,12.0,22.4,1,5.41,2.01,3.36,0.8
西瓜,20,5,1,0,0.887,0.0,3.6,25.7,0,0.0,0.0,0.0,0.0
西红柿,20,5,1,0,0.782,142.58,5.4,22.0,0,21.04,16.21,15.05,6.92
香蕉,20,5,1,0,0.573,202.35,4.8,24.3,0,19.97,3.38,14.98,3.33
黄瓜,20,5,1,0,0.825,75.6,4.2,27.1,0,32.88,25.31,44.27,13.66
土豆,21,5,1,0,0.98,0.0,2.4,20.4,0,0.0,16.24,0.0,0.0
芒果,21,5,1,0,0.28,245.9,9.0,22.0,0,1.94,0.53,0.53,0.0
苹果,21,5,1,0,0.898,166.09,7.2,21.3,0,20.43,1.45,9.54,0.0
草莓,21,5,1,0,0.1,287.3,24.0,22.0,0,0.18,0.18,0.18,0.0
葡萄,21,5,1,0,0.436,251.59,12.0,24.2,0,0.49,0.68,0.93,0.0
西瓜,21,5,1,0,0.882,0.0,3.6,18.9,0,0.0,0.0,0.0,0.0
西红柿,21,5,1,0,0.77,135.66,5.4,22.4,0,15.97,4.19,11.14,0.0
香蕉,21,5,1,0,0.562,199.02,4.8,17.9,0,11.56,1.1,5.65,0.04
黄瓜,21,5,1,0,0.817,61.94,4.2,20.6,0,26.37,6.98,14.69,0.0
土豆,22,5,1,0,0.979,0.0,2.4,19.3,0,0.0,0.23,0.0,0.0
芒果,22,5,1,0,0.259,245.9,9.0,19.0,1,0.53,0.0,0.07,0.0
苹果,22,5,1,0,0.894,166.09,7.2,18.9,0,8.97,0.0,0.0,0.0
草莓,22,5,1,0,0.1,287.3,24.0,18.0,0,0.18,0.0,0.0,0.0
葡萄,22,5,1,0,0.419,251.59,12.0,19.1,0,0.8,0.0,0.0,0.0
西瓜,22,5,1,0,0.876,0.0,3.6,24.4,0,0.0,0.0,0.0,0.0
西红柿,22,5,1,0,0.76,135.66,5.4,20.2,0,6.92,0.0,0.0,0.0
香蕉,22,5,1,0,0.546,198.98,4.8,20.4,0,3.33,0.0,0.0,0.0
黄瓜,22,5,1,0,0.808,61.94,4.2,21.0,0,13.66,0.0,0.0,0.0
土豆,23,5,1,0,0.978,0.0,2.4,16.9,0,0.0,0.0,0.0,0.0
芒果,23,5,1,0,0.241,245.9,9.0,18.1,0,0.0,0.0,0.0,0.0
苹果,23,5,1,0,0.89,166.09,7.2,16.8,1,0.0,0.0,0.0,0.0
草莓,23,5,1,0,0.1,287.3,24.0,14.5,0,0.0,0.0,0.0,0.0
葡萄,23,5,1,0,0.41,251.59,12.0,15.3,0,0.0,0.0,0.0,0.0
西瓜,23,5,1,0,0.872,0.0,3.6,15.9,0,0.0,0.0,0.0,0.0
西红柿,23,5,1,0,0.753,135.66,5.4,15.0,0,0.0,0.0,0.0,0.0
香蕉,23,5,1,0,0.538,198.98,4.8,16.4,0,0.04,0.0,0.0,0.0
黄瓜,23,5,1,0,0.801,61.94,4.2,17.7,0,0.0,0.0,0.0,0.0
土豆,0,6,1,0,0.977,0.0,4.0,14.6,0,0.0,0.0,0.0,0.0
芒果,0,6,1,0,0.229,245.9,9.0,16.6,1,0.0,0.0,0.0,0.0
苹果,0,6,1,0,0.886,166.09,12.0,14.2,0,0.0,0.0,0.0,0.0
草莓,0,6,1,0,0.1,287.3,24.0,17.4,0,0.0,0.0,0.0,0.0
葡萄,0,6,1,0,0.399,251.59,12.0,16.5,0,0.0,0.0,0.0,0.0
西瓜,0,6,1,0,0.869,0.0,5.1,14.2,0,0.0,0.0,0.0,0.0
西红柿,0,6,1,0,0.746,135.66,9.0,16.1,0,0.0,0.04,0.0,0.0
香蕉,0,6,1,0,0.534,198.98,4.8,14.4,0,0.0,0.0,0.0,0.0
黄瓜,0,6,1,0,0.797,61.94,5.95,13.5,0,0.0,0.0,0.0,0.0
土豆,1,6,1,0,0.977,0.0,4.0,13.9,0,0.0,0.0,0.0,0.0
芒果,1,6,1,0,0.217,245.9,9.0,16.6,0,0.0,0.0,0.0,0.0
苹果,1,6,1,0,0.882,166.09,12.0,16.5,0,0.0,0.0,0.0,0.0
草莓,1,6,1,0,0.1,287.3,24.0,19.0,0,0.0,0.0,0.0,0.0
葡萄,1,6,1,0,0.392,251.59,12.0,14.9,0,0.0,0.0,0.0,0.0
西瓜,1,6,1,0,0.867,0.0,6.0,14.3,1,0.0,0.0,0.0,0.0
西红柿,1,6,1,0,0.739,135.66,6.3,16.9,0,0.0,0.0,0.0,0.0
香蕉,1,6,1,0,0.522,198.98,4.8,18.0,0,0.0,0.0,0.0,0.0
黄瓜,1,6,1,0,0.792,61.94,7.0,13.9,0,0.0,0.0,0.0,0.0
土豆,2,6,1,0,0.976,0.0,2.8,15.6,0,0.0,0.0,0.0,0.0
芒果,2,6,1,0,0.212,245.9,9.0,11.5,1,0.0,0.0,0.0,0.0
苹果,2,6,1,0,0.879,166.09,10.2,15.1,0,0.0,0.0,0.0,0.0
草莓,2,6,1,0,0.1,287.3,24.0,13.8,0,0.0,0.0,0.0,0.0
葡萄,2,6,1,0,0.373,251.59,12.0,19.6,0,0.0,0.0,0.0,0.0
西瓜,2,6,1,0,0.863,0.0,6.0,16.8,0,0.0,0.0,0.0,0.0
西红柿,2,6,1,0,0.73,135.66,7.65,17.7,1,0.0,0.0,0.0,0.0
香蕉,2,6,1,0,0.519,198.98,4.8,12.7,1,0.0,0.0,0.0,0.0
黄瓜,2,6,1,0,0.788,61.94,7.0,13.1,0,0.0,0.0,0.0,0.0
土豆,3,6,1,0,0.975,0.0,4.0,17.0,1,0.0,0.0,0.0,0.0
芒果,3,6,1,0,0.207,245.9,9.0,13.1,0,0.0,0.0,0.0,0.0
苹果,3,6,1,0,0.876,166.09,15.6,13.5,0,0.0,0.0,0.0,0.09
草莓,3,6,1,0,0.1,287.3,24.0,15.3,0,0.0,0.0,0.0,0.0
葡萄,3,6,1,0,0.359,251.59,12.0,17.4,0,0.0,0.06,0.0,0.0
西瓜,3,6,1,0,0.86,0.0,4.2,13.9,0,0.0,0.0,0.0,0.0
西红柿,3,6,1,0,0.724,135.66,11.7,14.8,0,0.0,0.0,0.0,0.0
香蕉,3,6,1,0,0.514,198.98,4.8,14.6,0,0.0,0.0,0.0,0.0
黄瓜,3,6,1,0,0.782,61.94,9.1,15.1,1,0.0,0.0,0.0,0.0
土豆,4,6,1,0,0.974,0.0,4.0,15.4,0,0.0,0.0,0.0,0.0
芒果,4,6,1,0,0.202,245.9,9.0,12.2,0,0.0,0.0,0.0,0.0
苹果,4,6,1,0,0.871,166.0,13.8,20.1,0,0.0,0.0,0.0,0.0
草莓,4,6,1,0,0.1,287.3,24.0,17.2,1,0.0,0.0,0.0,0.0
葡萄,4,6,1,0,0.343,251.59,12.0,18.6,0,0.0,0.0,0.0,0.0
西瓜,4,6,1,0,0.857,0.0,6.0,14.0,0,0.0,0.0,0.0,0.0
西红柿,4,6,1,0,0.714,135.66,9.0,19.8,0,0.0,0.03,0.0,0.0
香蕉,4,6,1,0,0.505,198.98,4.8,17.1,0,0.0,0.12,0.0,0.0
黄瓜,4,6,1,0,0.776,61.94,4.9,16.5,0,0.0,0.0,0.0,0.0
土豆,5,6,1,0,0.973,0.0,4.6,16.6,0,0.0,0.0,0.0,8.96
芒果,5,6,1,0,0.17,245.9,9.0,21.9,0,0.0,0.0,0.0,4.73
苹果,5,6,1,0,0.866,166.0,13.8,18.1,0,0.09,0.37,0.29,3.65
草莓,5,6,1,0,0.1,287.3,24.0,19.5,0,0.0,0.0,0.0,1.0
葡萄,5,6,1,0,0.328,251.59,12.0,18.0,0,0.0,0.0,0.0,0.63
西瓜,5,6,1,0,0.852,0.0,5.1,20.8,0,0.0,0.0,0.0,4.15
西红柿,5,6,1,0,0.707,135.66,11.7,16.9,1,0.0,0.0,0.0,6.61
香蕉,5,6,1,0,0.498,198.98,4.8,15.9,0,0.0,0.0,0.0,2.42
黄瓜,5,6,1,0,0.77,61.94,7.0,16.6,0,0.0,0.0,0.0,11.93
土豆,6,6,1,0,1.0,291.04,4.0,17.5,1,0.0,13.75,21.7,41.91
芒果,6,6,1,0,1.0,295.27,12.75,21.7,0,0.0,2.8,1.77,5.17
苹果,6,6,1,0,1.0,296.35,12.0,18.6,0,0.0,4.97,12.85,15.47
草莓,6,6,1,0,1.0,299.0,40.0,20.7,0,0.0,0.21,1.32,3.41
葡萄,6,6,1,0,1.0,299.37,20.0,22.4,1,0.0,3.32,1.01,4.71
西瓜,6,6,1,0,1.0,295.85,7.8,20.8,0,0.0,1.8,4.9,24.22
西红柿,6,6,1,0,1.0,293.39,9.0,20.4,0,0.0,5.6,9.74,21.29
香蕉,6,6,1,0,1.0,297.58,10.4,19.9,0,0.0,1.31,11.03,12.95
黄瓜,6,6,1,0,1.0,288.07,5.95,18.5,0,0.0,8.34,4.93,17.31
土豆,7,6,1,0,0.999,249.13,4.0,22.3,0,8.96,43.45,57.42,11.08
芒果,7,6,1,0,0.966,290.1,17.25,22.5,0,4.73,2.96,13.09,11.38
苹果,7,6,1,0,0.995,280.88,8.4,19.2,0,3.65,13.44,9.03,12.91
草莓,7,6,1,0,0.967,295.59,34.0,20.5,0,1.0,3.24,3.93,2.02
葡萄,7,6,1,0,0.969,294.66,20.0,24.5,0,0.63,1.16,12.28,7.57
西瓜,7,6,1,0,0.994,271.63,6.0,22.3,0,4.15,41.05,39.81,25.0
西红柿,7,6,1,0,0.989,272.1,9.0,21.4,0,6.61,14.72,22.3,14.79
香蕉,7,6,1,0,0.985,284.63,8.0,19.9,0,2.42,8.43,15.75,18.4
黄瓜,7,6,1,0,0.992,270.76,7.0,19.4,0,11.93,13.99,17.62,10.39
土豆,8,6,1,0,0.998,238.05,5.2,26.1,0,41.91,50.02,81.93,9.11
芒果,8,6,1,0,0.924,278.72,10.5,24.3,0,5.17,12.82,6.51,3.71
苹果,8,6,1,0,0.989,267.97,12.0,24.9,0,15.47,12.79,27.22,4.1
草莓,8,6,1,0,0.905,293.57,40.0,25.3,0,3.41,1.84,0.72,1.08
葡萄,8,6,1,0,0.943,287.09,14.0,22.3,0,4.71,8.25,2.39,3.09
西瓜,8,6,1,0,0.987,246.63,6.0,25.8,0,24.22,24.64,43.43,17.39
西红柿,8,6,1,0,0.977,257.31,9.0,22.0,0,21.29,11.15,33.36,10.92
香蕉,8,6,1,0,0.96,266.23,6.8,25.4,0,12.95,7.74,17.78,12.93
黄瓜,8,6,1,0,0.982,260.37,7.0,25.4,1,17.31,18.99,39.86,13.18
土豆,9,6,1,0,0.996,228.94,5.2,26.8,0,11.08,24.83,33.04,10.88
芒果,9,6,1,0,0.876,275.01,15.0,26.2,0,11.38,1.77,1.13,2.05
苹果,9,6,1,0,0.982,263.87,13.8,25.0,0,12.91,1.48,12.1,6.97
草莓,9,6,1,0,0.846,292.49,40.0,24.8,0,2.02,2.02,0.8,1.43
葡萄,9,6,1,0,0.918,284.0,20.0,22.0,0,7.57,3.95,3.13,0.97
西瓜,9,6,1,0,0.981,229.24,6.9,21.9,0,25.0,24.93,21.5,6.73
西红柿,9,6,1,0,0.965,246.39,9.0,23.7,0,14.79,8.95,9.28,6.12
香蕉,9,6,1,0,0.94,253.3,5.6,22.6,0,18.4,8.99,6.44,1.58
黄瓜,9,6,1,0,0.97,247.19,7.0,26.9,0,10.39,18.22,16.36,7.56
土豆,10,6,1,0,0.995,218.06,4.0,27.2,0,9.11,5.02,9.01,29.51
芒果,10,6,1,0,0.824,272.96,15.0,27.3,0,3.71,2.64,2.93,4.39
苹果,10,6,1,0,0.975,256.9,8.4,27.2,0,4.1,4.59,6.36,8.1
草莓,10,6,1,0,0.798,291.06,28.0,23.0,0,1.08,1.01,0.41,1.35
葡萄,10,6,1,0,0.874,283.03,23.0,29.5,0,3.09,1.3,4.07,2.76
西瓜,10,6,1,0,0.974,222.51,6.9,25.1,0,17.39,26.07,30.76,30.64
西红柿,10,6,1,0,0.948,240.27,9.0,29.3,0,10.92,9.19,9.45,9.57
香蕉,10,6,1,0,0.915,251.72,10.4,25.6,0,12.93,1.79,5.59,0.9
黄瓜,10,6,1,0,0.958,239.63,7.0,27.0,0,13.18,12.55,7.52,9.92
土豆,11,6,1,0,0.993,188.55,4.0,28.0,0,10.88,32.35,12.72,55.06
芒果,11,6,1,0,0.772,268.57,12.75,27.2,0,2.05,4.8,0.7,3.64
苹果,11,6,1,0,0.966,248.8,12.0,32.1,0,6.97,0.83,14.38,8.69
草莓,11,6,1,0,0.708,289.71,34.0,30.0,0,1.43,0.41,1.35,0.18
葡萄,11,6,1,0,0.831,280.27,20.0,29.2,0,0.97,3.31,0.8,2.8
西瓜,11,6,1,0,0.967,191.87,6.9,26.9,0,6.73,79.67,18.3,52.17
西红柿,11,6,1,0,0.93,230.7,9.0,30.3,0,6.12,5.24,5.52,21.04
香蕉,11,6,1,0,0.885,250.82,10.4,27.7,1,1.58,5.06,7.93,12.67
黄瓜,11,6,1,0,0.947,229.71,7.0,26.2,0,7.56,11.85,16.31,14.11
土豆,12,6,1,0,0.992,133.49,2.8,28.2,0,29.51,25.25,30.43,22.33
芒果,12,6,1,0,0.707,264.93,15.0,30.7,0,4.39,2.91,4.38,0.53
苹果,12,6,1,0,0.958,240.11,12.0,30.2,0,8.1,5.43,16.77,12.67
草莓,12,6,1,0,0.605,289.53,46.0,32.2,1,1.35,0.79,0.4,0.27
葡萄,12,6,1,0,0.781,277.47,17.0,32.2,0,2.76,1.85,0.69,0.58
西瓜,12,6,1,0,0.959,139.7,5.1,28.0,0,30.64,34.21,67.97,43.23
西红柿,12,6,1,0,0.913,209.66,6.3,29.3,0,9.57,11.27,11.73,9.82
香蕉,12,6,1,0,0.848,238.15,5.6,32.1,0,0.9,1.57,11.19,1.44
黄瓜,12,6,1,0,0.934,215.6,7.0,30.4,0,9.92,9.39,17.44,5.33
土豆,13,6,1,0,0.99,111.16,4.0,32.4,0,55.06,4.24,13.32,12.01
芒果,13,6,1,0,0.633,264.4,17.25,33.0,1,3.64,2.42,2.39,1.48
苹果,13,6,1,0,0.95,227.44,8.4,32.5,0,8.69,1.48,3.28,3.68
草莓,13,6,1,0,0.507,289.26,24.0,31.3,1,0.18,0.77,1.37,0.5
葡萄,13,6,1,0,0.728,276.89,17.0,33.2,1,2.8,1.93,2.0,1.19
西瓜,13,6,1,0,0.949,96.47,6.0,32.5,0,52.17,14.36,35.28,21.54
西红柿,13,6,1,0,0.896,199.84,7.65,28.7,0,21.04,8.34,6.8,7.99
香蕉,13,6,1,0,0.818,236.71,8.0,27.8,1,12.67,5.6,2.52,0.9
黄瓜,13,6,1,0,0.919,210.27,5.95,33.7,1,14.11,4.6,15.97,4.5
土豆,14,6,1,0,0.989,99.15,4.0,27.7,0,22.33,9.26,5.67,24.92
芒果,14,6,1,0,0.572,262.92,9.0,29.5,0,0.53,1.19,1.47,0.55
苹果,14,6,1,0,0.941,223.76,12.0,31.9,0,12.67,6.03,6.21,3.5
草莓,14,6,1,0,0.419,288.76,24.0,29.7,0,0.27,0.56,0.7,0.18
葡萄,14,6,1,0,0.674,275.7,20.0,33.3,0,0.58,0.38,3.95,0.38
西瓜,14,6,1,0,0.941,74.93,6.0,29.3,0,43.23,37.42,38.05,21.17
西红柿,14,6,1,0,0.877,191.85,7.65,33.1,0,9.82,2.32,6.9,3.41
香蕉,14,6,1,0,0.786,235.81,10.4,29.0,1,1.44,3.22,3.77,5.14
黄瓜,14,6,1,0,0.904,205.77,8.05,32.2,0,5.33,5.8,9.34,3.09
土豆,15,6,1,0,0.987,74.23,3.4,31.8,0,12.01,18.44,12.18,26.84
芒果,15,6,1,0,0.507,262.37,9.0,30.8,1,1.48,1.99,2.16,4.12
苹果,15,6,1,0,0.933,220.26,12.0,28.9,0,3.68,1.41,9.39,13.07
草莓,15,6,1,0,0.313,288.58,24.0,32.7,0,0.5,0.39,0.34,0.19
葡萄,15,6,1,0,0.628,275.32,14.0,30.5,1,1.19,0.49,1.49,4.55
西瓜,15,6,1,0,0.932,53.76,6.0,30.5,0,21.54,15.85,0.0,32.54
西红柿,15,6,1,0,0.857,188.44,10.35,33.4,0,7.99,4.69,4.58,5.01
香蕉,15,6,1,0,0.75,230.67,5.6,31.1,0,0.9,1.03,1.78,1.55
黄瓜,15,6,1,0,0.891,202.68,7.0,30.3,1,4.5,4.14,12.42,18.47
土豆,16,6,1,0,0.986,47.39,4.6,32.0,0,24.92,51.03,22.58,20.63
芒果,16,6,1,0,0.45,258.25,9.0,28.6,0,0.55,6.08,6.99,3.77
苹果,16,6,1,0,0.926,207.19,12.0,28.0,0,3.5,6.93,18.4,15.51
草莓,16,6,1,0,0.206,288.39,24.0,32.8,0,0.18,0.49,0.85,0.18
葡萄,16,6,1,0,0.571,270.77,12.0,35.0,0,0.38,5.07,3.54,5.94
西瓜,16,6,1,0,0.923,21.22,6.9,30.7,0,21.17,0.0,0.0,21.22
西红柿,16,6,1,0,0.837,183.43,11.7,32.3,0,3.41,16.13,6.88,19.75
香蕉,16,6,1,0,0.711,229.12,9.2,32.7,1,5.14,14.88,9.85,2.6
黄瓜,16,6,1,0,0.877,184.21,7.0,31.6,0,3.09,19.88,43.5,34.22
土豆,17,6,1,0,0.984,26.76,5.2,29.2,0,26.84,22.36,0.0,26.76
芒果,17,6,1,0,0.386,254.48,9.0,30.4,0,4.12,5.36,8.02,3.02
苹果,17,6,1,0,0.918,191.68,12.0,31.0,0,13.07,13.93,33.35,13.89
草莓,17,6,1,0,0.107,288.21,24.0,31.5,1,0.19,0.25,0.95,0.18
葡萄,17,6,1,0,0.524,264.83,12.0,30.8,0,4.55,4.69,4.58,5.66
西瓜,17,6,1,0,0.913,0.0,6.0,31.3,0,32.54,0.0,0.0,0.0
西红柿,17,6,1,0,0.821,163.68,7.65,28.2,0,5.01,17.04,13.37,20.72
香蕉,17,6,1,0,0.68,226.52,9.2,28.7,1,1.55,2.87,15.48,15.18
黄瓜,17,6,1,0,0.864,149.99,5.95,29.2,0,18.47,19.15,9.15,13.63
土豆,18,6,1,0,0.983,0.0,2.8,26.1,1,20.63,0.0,0.0,0.0
芒果,18,6,1,0,0.346,251.46,9.0,23.8,0,3.77,1.03,6.04,2.77
苹果,18,6,1,0,0.911,177.79,12.0,26.8,0,15.51,13.97,9.3,12.72
草莓,18,6,1,0,0.1,288.03,24.0,26.9,0,0.18,0.18,0.3,0.18
葡萄,18,6,1,0,0.486,259.17,12.0,27.0,0,5.94,6.01,8.41,3.26
西瓜,18,6,1,0,0.905,0.0,6.0,29.7,0,21.22,0.0,0.0,0.0
西红柿,18,6,1,0,0.804,142.96,9.0,30.3,0,19.75,5.77,8.82,13.6
香蕉,18,6,1,0,0.652,211.34,5.6,27.1,0,2.6,3.63,12.36,20.52
黄瓜,18,6,1,0,0.855,136.36,7.0,22.8,0,34.22,18.25,15.06,3.66
土豆,19,6,1,0,0.982,0.0,2.8,23.7,0,26.76,0.0,0.0,0.0
芒果,19,6,1,0,0.3,248.69,9.0,25.8,0,3.02,2.86,4.88,1.35
苹果,19,6,1,0,0.903,165.07,12.0,27.6,0,13.89,17.23,26.43,28.01
草莓,19,6,1,0,0.1,287.85,24.0,24.8,0,0.18,0.18,0.2,0.18
葡萄,19,6,1,0,0.452,255.91,12.0,25.8,0,5.66,5.41,9.41,1.77
西瓜,19,6,1,0,0.898,0.0,6.0,23.4,0,0.0,0.0,0.0,0.0
西红柿,19,6,1,0,0.788,129.36,9.0,27.2,0,20.72,21.04,19.24,27.49
香蕉,19,6,1,0,0.633,190.82,5.6,22.2,0,15.18,19.97,26.81,10.37
黄瓜,19,6,1,0,0.846,132.7,9.1,21.1,1,13.63,32.88,33.98,13.19
土豆,20,6,1,0,0.981,0.0,2.4,23.9,0,0.0,0.0,0.0,0.0
芒果,20,6,1,0,0.261,247.34,9.0,23.7,0,2.77,1.94,3.58,0.53
苹果,20,6,1,0,0.897,137.06,7.2,23.6,0,12.72,20.43,37.27,5.89
草莓,20,6,1,0,0.1,287.67,24.0,21.3,0,0.18,0.18,0.18,0.18
葡萄,20,6,1,0,0.417,254.14,12.0,25.9,0,3.26,0.49,4.79,0.84
西瓜,20,6,1,0,0.892,0.0,3.6,23.6,0,0.0,0.0,0.0,0.0
西红柿,20,6,1,0,0.778,101.87,5.4,20.1,0,13.6,15.97,33.51,7.97
香蕉,20,6,1,0,0.604,180.45,4.8,27.1,0,20.52,11.56,17.34,3.82
黄瓜,20,6,1,0,0.836,119.51,4.2,23.7,1,3.66,26.37,39.33,9.94
土豆,21,6,1,0,0.98,0.0,2.4,23.7,0,0.0,0.0,0.0,0.0
芒果,21,6,1,0,0.235,246.81,9.0,20.2,0,1.35,0.53,0.94,0.0
苹果,21,6,1,0,0.891,131.17,7.2,22.9,0,28.01,8.97,2.53,0.0
草莓,21,6,1,0,0.1,287.49,24.0,18.0,0,0.18,0.18,0.18,0.01
葡萄,21,6,1,0,0.395,253.3,12.0,20.9,0,1.77,0.8,1.8,0.0
西瓜,21,6,1,0,0.886,0.0,3.6,23.1,0,0.0,0.0,0.0,0.0
西红柿,21,6,1,0,0.768,93.9,5.4,20.5,0,27.49,6.92,10.15,0.0
香蕉,21,6,1,0,0.593,176.63,4.8,18.1,0,10.37,3.33,4.56,0.0
黄瓜,21,6,1,0,0.827,109.57,4.2,22.8,0,13.19,13.66,1.21,0.0
土豆,22,6,1,0,0.979,0.0,2.4,19.7,0,0.0,0.0,0.0,0.0
芒果,22,6,1,0,0.222,246.81,9.0,16.8,0,0.53,0.0,0.0,0.02
苹果,22,6,1,0,0.887,131.17,7.2,18.4,0,5.89,0.0,0.0,0.0
草莓,22,6,1,0,0.1,287.48,24.0,17.6,0,0.18,0.0,0.0,0.0
葡萄,22,6,1,0,0.377,253.3,12.0,19.1,0,0.84,0.0,0.0,0.0
西瓜,22,6,1,0,0.881,0.0,3.6,19.0,0,0.0,0.0,0.0,0.0
西红柿,22,6,1,0,0.756,93.9,5.4,22.4,0,7.97,0.0,0.0,0.0
香蕉,22,6,1,0,0.58,176.63,4.8,18.7,0,3.82,0.04,0.0,0.0
黄瓜,22,6,1,0,0.819,109.57,4.2,19.1,1,9.94,0.0,0.0,0.25
土豆,23,6,1,0,0.978,0.0,2.4,16.7,0,0.0,0.0,0.0,0.0
芒果,23,6,1,0,0.191,246.79,9.0,21.6,0,0.0,0.0,0.0,0.0
苹果,23,6,1,0,0.883,131.17,7.2,15.5,1,0.0,0.0,0.0,0.0
草莓,23,6,1,0,0.1,287.48,24.0,20.7,0,0.01,0.0,0.1,0.0
葡萄,23,6,1,0,0.363,253.3,12.0,17.7,0,0.0,0.0,0.0,0.0
西瓜,23,6,1,0,0.877,0.0,3.6,18.8,0,0.0,0.0,0.0,0.0
西红柿,23,6,1,0,0.746,93.9,5.4,19.9,1,0.0,0.0,0.0,0.0
香蕉,23,6,1,0,0.572,176.63,4.8,16.7,1,0.0,0.0,0.0,0.0
黄瓜,23,6,1,0,0.813,109.32,4.2,16.0,0,0.0,0.0,0.0,0.0
土豆,0,0,0,0,0.977,0.0,5.2,20.5,1,0.0,0.0,0.0,0.0
芒果,0,0,0,0,0.175,246.79,9.0,17.7,0,0.02,0.0,0.0,0.0
苹果,0,0,0,0,0.878,131.17,12.0,22.5,1,0.0,0.0,0.0,0.0
草莓,0,0,0,0,0.1,287.48,24.0,17.9,0,0.0,0.0,0.0,0.0
葡萄,0,0,0,0,0.349,253.3,12.0,17.6,0,0.0,0.0,0.0,0.0
西瓜,0,0,0,0,0.873,0.0,6.0,17.0,1,0.0,0.0,0.0,0.0
西红柿,0,0,0,0,0.74,93.9,10.35,15.1,0,0.0,0.0,0.0,0.0
香蕉,0,0,0,0,0.566,176.63,4.8,14.9,0,0.0,0.0,0.0,0.0
黄瓜,0,0,0,0,0.806,109.32,8.05,19.2,0,0.25,0.0,0.0,0.08
土豆,1,0,0,0,0.976,0.0,4.0,17.4,0,0.0,0.0,0.0,0.0
芒果,1,0,0,0,0.17,246.79,9.0,11.2,0,0.0,0.0,0.0,0.0
苹果,1,0,0,0,0.874,131.17,12.0,14.9,0,0.0,0.0,0.0,0.0
草莓,1,0,0,0,0.1,287.48,24.0,13.5,0,0.0,0.0,0.0,0.0
葡萄,1,0,0,0,0.339,253.3,12.0,15.9,1,0.0,0.0,0.0,0.0
西瓜,1,0,0,0,0.87,0.0,6.9,13.6,0,0.0,0.0,0.0,0.0
西红柿,1,0,0,0,0.735,93.9,10.35,13.4,0,0.0,0.0,0.0,0.0
香蕉,1,0,0,0,0.554,176.63,4.8,18.5,0,0.0,0.0,0.0,0.0
黄瓜,1,0,0,0,0.801,109.24,5.95,13.6,0,0.0,0.0,0.0,0.13
土豆,2,0,0,0,0.975,0.0,4.0,12.4,0,0.0,0.0,0.0,0.0
芒果,2,0,0,0,0.165,246.79,9.0,13.3,0,0.0,0.0,0.0,0.0
苹果,2,0,0,0,0.87,131.17,13.8,16.4,0,0.0,0.0,0.0,0.0
草莓,2,0,0,0,0.1,287.48,24.0,14.2,0,0.0,0.0,0.0,0.04
葡萄,2,0,0,0,0.329,253.3,12.0,15.8,0,0.0,0.0,0.01,0.0
西瓜,2,0,0,0,0.868,0.0,5.1,12.8,1,0.0,0.0,0.0,0.0
西红柿,2,0,0,0,0.728,93.9,10.35,15.5,1,0.0,0.0,0.0,0.0
香蕉,2,0,0,0,0.547,176.63,4.8,15.9,0,0.0,0.0,0.0,0.0
黄瓜,2,0,0,0,0.796,109.11,4.9,14.0,0,0.08,0.0,0.0,0.0
土豆,3,0,0,0,0.974,0.0,3.4,20.5,0,0.0,0.0,0.0,0.0
芒果,3,0,0,0,0.16,246.79,9.0,11.6,0,0.0,0.0,0.0,0.02
苹果,3,0,0,0,0.867,131.17,12.0,14.2,1,0.0,0.0,0.0,0.0
草莓,3,0,0,0,0.1,287.44,24.0,14.1,0,0.0,0.0,0.0,0.0
葡萄,3,0,0,0,0.315,253.3,12.0,17.6,0,0.0,0.0,0.0,0.0
西瓜,3,0,0,0,0.866,0.0,6.0,13.0,0,0.0,0.0,0.0,0.0
西红柿,3,0,0,0,0.72,93.9,9.0,17.7,0,0.0,0.0,0.0,0.0
香蕉,3,0,0,0,0.541,176.63,4.8,15.2,0,0.0,0.0,0.0,0.0
黄瓜,3,0,0,0,0.792,109.11,5.95,11.7,0,0.13,0.0,0.0,0.0
土豆,4,0,0,0,0.973,0.0,5.2,15.9,0,0.0,0.0,0.0,0.0
芒果,4,0,0,0,0.145,246.77,9.0,17.1,0,0.0,0.0,0.0,0.0
苹果,4,0,0,0,0.863,131.17,12.0,16.6,0,0.0,0.09,0.0,0.0
草莓,4,0,0,0,0.1,287.44,24.0,18.9,0,0.04,0.0,0.05,0.0
葡萄,4,0,0,0,0.311,253.3,12.0,13.7,1,0.0,0.0,0.0,0.0
西瓜,4,0,0,0,0.862,0.0,4.2,16.0,1,0.0,0.0,0.0,0.0
西红柿,4,0,0,0,0.711,93.9,11.7,18.6,0,0.0,0.0,0.0,0.0
香蕉,4,0,0,0,0.535,176.63,4.8,15.1,0,0.0,0.0,0.0,0.0
黄瓜,4,0,0,0,0.785,109.11,7.0,19.0,0,0.0,0.0,0.0,0.18
土豆,5,0,0,0,0.973,0.0,4.0,17.4,0,0.0,0.0,0.0,7.16
芒果,5,0,0,0,0.121,246.77,9.0,19.9,0,0.02,0.0,0.0,2.51
苹果,5,0,0,0,0.858,131.17,8.4,18.4,0,0.0,0.0,0.0,1.41
草莓,5,0,0,0,0.1,287.44,24.0,17.6,0,0.0,0.0,0.0,0.76
葡萄,5,0,0,0,0.297,253.3,12.0,17.6,1,0.0,0.0,0.0,1.92
西瓜,5,0,0,0,0.859,0.0,5.1,15.1,0,0.0,0.0,0.0,4.03
西红柿,5,0,0,0,0.702,93.9,11.7,17.8,0,0.0,0.0,0.2,5.39
香蕉,5,0,0,0,0.519,176.63,4.8,20.4,1,0.0,0.0,0.0,2.97
黄瓜,5,0,0,0,0.778,108.93,7.0,18.7,0,0.0,0.0,0.0,2.9
土豆,6,0,0,0,1.0,292.84,4.0,18.8,0,0.0,8.96,10.14,25.09
芒果,6,0,0,0,1.0,297.49,15.0,16.1,0,0.0,4.73,1.57,3.92
苹果,6,0,0,0,1.0,298.59,15.6,19.3,0,0.0,3.65,1.55,1.34
草莓,6,0,0,0,1.0,299.24,40.0,21.7,0,0.0,1.0,1.99,0.7
葡萄,6,0,0,0,1.0,298.08,14.0,19.2,0,0.0,0.63,2.56,3.75
西瓜,6,0,0,0,1.0,295.97,5.1,21.8,1,0.0,4.15,12.36,13.28
西红柿,6,0,0,0,1.0,294.61,9.0,19.2,0,0.0,6.61,8.38,9.24
香蕉,6,0,0,0,1.0,297.03,9.2,17.5,0,0.0,2.42,7.97,3.42
黄瓜,6,0,0,0,1.0,297.1,8.05,18.0,0,0.18,11.93,8.55,3.84
土豆,7,0,0,0,0.999,267.75,4.0,23.1,0,7.16,41.91,49.61,23.02
芒果,7,0,0,0,0.962,293.57,17.25,23.5,0,2.51,5.17,6.64,1.91
苹果,7,0,0,0,0.995,297.25,15.6,19.0,1,1.41,15.47,21.91,8.16
草莓,7,0,0,0,0.965,298.54,52.0,20.9,0,0.76,3.41,4.28,1.19
葡萄,7,0,0,0,0.976,294.33,20.0,21.5,0,1.92,4.71,6.57,2.17
西瓜,7,0,0,0,0.994,282.69,6.0,23.7,0,4.03,24.22,11.22,16.85
西红柿,7,0,0,0,0.988,285.37,9.0,23.3,0,5.39,21.29,7.32,10.4
香蕉,7,0,0,0,0.979,293.61,10.4,23.1,0,2.97,12.95,34.78,7.66
黄瓜,7,0,0,0,0.991,293.26,9.1,22.3,0,2.9,17.31,28.59,8.75
土豆,8,0,0,0,0.998,244.73,4.0,24.7,0,25.09,11.08,15.88,10.3
芒果,8,0,0,0,0.93,291.66,15.0,21.8,1,3.92,11.38,13.84,2.16
苹果,8,0,0,0,0.988,289.09,12.0,26.8,0,1.34,12.91,16.78,6.48
草莓,8,0,0,0,0.905,297.35,40.0,24.9,0,0.7,2.02,0.81,0.63
葡萄,8,0,0,0,0.95,292.16,20.0,22.4,0,3.75,7.57,6.48,2.21
西瓜,8,0,0,0,0.988,265.84,6.0,21.9,0,13.28,25.0,34.48,13.3
西红柿,8,0,0,0,0.974,274.97,9.0,24.6,0,9.24,14.79,35.81,6.68
香蕉,8,0,0,0,0.952,285.95,8.0,26.4,0,3.42,18.4,2.71,5.06
黄瓜,8,0,0,0,0.982,284.51,8.05,21.8,0,3.84,10.39,7.96,8.42
土豆,9,0,0,0,0.996,234.43,4.0,24.8,1,23.02,9.11,36.94,13.89
芒果,9,0,0,0,0.881,289.5,17.25,26.5,0,1.91,3.71,2.78,0.91
苹果,9,0,0,0,0.982,282.61,8.4,25.0,0,8.16,4.1,1.73,1.96
草莓,9,0,0,0,0.834,296.72,46.0,26.8,0,1.19,1.08,1.42,0.49
葡萄,9,0,0,0,0.915,289.95,20.0,26.2,0,2.17,3.09,3.14,0.93
西瓜,9,0,0,0,0.981,252.54,5.1,26.2,1,16.85,17.39,76.88,6.08
西红柿,9,0,0,0,0.958,268.29,9.0,28.6,0,10.4,10.92,18.7,4.52
香蕉,9,0,0,0,0.923,280.89,8.0,27.4,0,7.66,12.93,8.29,1.69
黄瓜,9,0,0,0,0.971,276.09,7.0,26.2,0,8.75,13.18,23.72,4.52
土豆,10,0,0,0,0.995,220.54,3.4,30.0,0,10.3,10.88,19.04,17.16
芒果,10,0,0,0,0.83,288.59,15.0,27.0,0,2.16,2.05,4.03,3.23
苹果,10,0,0,0,0.975,280.65,13.8,27.5,0,6.48,6.97,7.74,7.06
草莓,10,0,0,0,0.746,296.23,40.0,29.8,0,0.63,1.43,1.66,0.91
葡萄,10,0,0,0,0.878,289.02,23.0,26.8,0,2.21,0.97,2.02,3.52
西瓜,10,0,0,0,0.973,246.46,6.0,25.6,0,13.3,6.73,19.86,8.33
西红柿,10,0,0,0,0.94,263.77,7.65,30.1,0,6.68,6.12,2.09,6.81
香蕉,10,0,0,0,0.887,279.2,9.2,31.2,0,5.06,1.58,7.54,2.04
黄瓜,10,0,0,0,0.958,271.57,7.0,28.5,0,8.42,7.56,8.76,5.98
土豆,11,0,0,0,0.993,203.38,4.0,27.6,1,13.89,29.51,12.61,19.74
芒果,11,0,0,0,0.758,285.36,12.75,32.3,0,0.91,4.39,4.49,1.58
苹果,11,0,0,0,0.967,273.59,10.2,28.2,0,1.96,8.1,10.46,2.72
草莓,11,0,0,0,0.672,295.32,34.0,27.3,0,0.49,1.35,0.18,0.75
葡萄,11,0,0,0,0.826,285.5,17.0,32.5,0,0.93,2.76,10.34,0.72
西瓜,11,0,0,0,0.965,238.13,6.9,28.8,1,6.08,30.64,22.08,16.52
西红柿,11,0,0,0,0.924,256.96,7.65,27.6,0,4.52,9.57,22.97,4.05
香蕉,11,0,0,0,0.857,277.16,10.4,28.2,0,1.69,0.9,14.18,4.37
黄瓜,11,0,0,0,0.944,265.59,7.0,32.4,1,4.52,9.92,17.04,15.45
土豆,12,0,0,0,0.992,183.64,4.0,33.1,0,17.16,55.06,15.23,22.39
芒果,12,0,0,0,0.691,283.78,10.5,31.3,1,3.23,3.64,4.56,1.08
苹果,12,0,0,0,0.959,270.87,12.0,29.5,1,7.06,8.69,9.42,2.86
草莓,12,0,0,0,0.585,294.57,24.0,29.5,0,0.91,0.18,0.22,0.41
葡萄,12,0,0,0,0.779,284.78,26.0,30.9,0,3.52,2.8,3.56,1.0
西瓜,12,0,0,0,0.955,221.61,7.8,33.8,0,8.33,52.17,70.76,22.48
西红柿,12,0,0,0,0.906,252.91,10.35,31.6,0,6.81,21.04,6.1,3.42
香蕉,12,0,0,0,0.82,272.79,8.0,31.9,0,2.04,12.67,17.07,2.34
黄瓜,12,0,0,0,0.931,250.14,4.9,29.8,0,5.98,14.11,9.01,6.11
土豆,13,0,0,0,0.99,161.25,2.8,31.3,0,19.74,22.33,22.18,3.15
芒果,13,0,0,0,0.622,282.7,15.0,31.8,0,1.58,0.53,1.14,1.2
苹果,13,0,0,0,0.952,268.01,13.8,28.9,0,2.72,12.67,8.16,3.19
草莓,13,0,0,0,0.463,294.16,24.0,35.3,0,0.75,0.27,1.08,0.18
葡萄,13,0,0,0,0.729,283.78,20.0,32.0,0,0.72,0.58,4.73,0.38
西瓜,13,0,0,0,0.945,199.13,6.0,34.3,0,16.52,43.23,47.52,2.94
西红柿,13,0,0,0,0.886,249.49,10.35,32.6,0,4.05,9.82,5.5,5.04
香蕉,13,0,0,0,0.78,270.45,9.2,32.9,0,4.37,1.44,9.52,1.78
黄瓜,13,0,0,0,0.917,244.03,7.0,31.4,0,15.45,5.33,17.16,6.76
土豆,14,0,0,0,0.989,158.1,5.2,34.3,0,22.39,12.01,20.79,5.3
芒果,14,0,0,0,0.55,281.5,9.0,32.6,0,1.08,1.48,0.53,1.25
苹果,14,0,0,0,0.944,264.82,12.0,28.8,0,2.86,3.68,1.27,3.97
草莓,14,0,0,0,0.366,293.98,24.0,31.2,1,0.41,0.5,0.18,0.18
葡萄,14,0,0,0,0.681,283.4,20.0,31.1,1,1.0,1.19,1.84,0.98
西瓜,14,0,0,0,0.934,196.19,7.8,34.7,1,22.48,21.54,2.18,18.84
西红柿,14,0,0,0,0.868,244.45,7.65,31.5,0,3.42,7.99,10.6,4.28
香蕉,14,0,0,0,0.745,268.67,6.8,31.0,0,2.34,0.9,3.62,0.9
黄瓜,14,0,0,0,0.902,237.27,4.9,33.4,0,6.11,4.5,2.79,1.49
土豆,15,0,0,0,0.987,152.8,4.6,32.1,0,3.15,24.92,13.28,25.5
芒果,15,0,0,0,0.48,280.25,9.0,32.0,0,1.2,0.55,0.53,2.02
苹果,15,0,0,0,0.936,260.85,10.2,28.6,0,3.19,3.5,1.68,5.67
草莓,15,0,0,0,0.266,293.8,24.0,31.7,0,0.18,0.18,0.38,0.18
葡萄,15,0,0,0,0.637,282.42,14.0,29.6,0,0.38,0.38,0.38,2.9
西瓜,15,0,0,0,0.925,177.35,6.0,32.2,0,2.94,21.17,2.66,35.49
西红柿,15,0,0,0,0.852,240.17,7.65,27.6,0,5.04,3.41,11.09,3.68
香蕉,15,0,0,0,0.704,267.77,10.4,33.8,1,1.78,5.14,5.0,6.32
黄瓜,15,0,0,0,0.886,235.78,9.1,35.2,0,6.76,3.09,12.52,5.09
土豆,16,0,0,0,0.985,127.3,4.0,29.5,0,5.3,26.84,10.03,41.59
芒果,16,0,0,0,0.404,278.23,9.0,33.6,0,1.25,4.12,1.24,2.27
苹果,16,0,0,0,0.928,255.18,13.8,32.1,0,3.97,13.07,25.76,9.18
草莓,16,0,0,0,0.179,293.62,24.0,29.5,0,0.18,0.19,0.32,0.24
葡萄,16,0,0,0,0.584,279.52,12.0,33.2,0,0.98,4.55,1.73,1.54
西瓜,16,0,0,0,0.917,141.86,6.0,27.6,0,18.84,32.54,0.0,19.89
西红柿,16,0,0,0,0.837,236.49,11.7,26.9,0,4.28,5.01,16.87,10.58
香蕉,16,0,0,0,0.67,261.45,8.0,30.1,0,0.9,1.55,13.85,4.29
黄瓜,16,0,0,0,0.872,230.69,8.05,31.1,0,1.49,18.47,24.31,26.58
土豆,17,0,0,0,0.984,85.71,3.4,27.6,0,25.5,20.63,15.02,50.42
芒果,17,0,0,0,0.357,275.96,9.0,25.8,0,2.02,3.77,5.94,1.63
苹果,17,0,0,0,0.92,246.0,12.0,29.2,0,5.67,15.51,28.82,4.41
草莓,17,0,0,0,0.103,293.38,24.0,27.6,1,0.18,0.18,0.6,0.18
葡萄,17,0,0,0,0.549,277.98,12.0,26.3,1,2.9,5.94,4.65,2.18
西瓜,17,0,0,0,0.908,121.97,6.0,28.9,1,35.49,21.22,0.0,80.27
西红柿,17,0,0,0,0.823,225.91,9.0,25.3,0,3.68,19.75,9.66,7.28
香蕉,17,0,0,0,0.642,257.16,9.2,27.2,0,6.32,2.6,15.58,3.39
黄瓜,17,0,0,0,0.859,204.11,4.9,29.2,0,5.09,34.22,30.96,4.5
土豆,18,0,0,0,0.983,35.29,3.4,29.2,0,41.59,26.76,59.25,15.36
芒果,18,0,0,0,0.309,274.33,9.0,26.2,0,2.27,3.02,5.04,1.14
苹果,18,0,0,0,0.912,241.59,15.6,30.3,0,9.18,13.89,15.71,3.93
草莓,18,0,0,0,0.1,293.2,24.0,26.9,0,0.24,0.18,0.55,0.18
葡萄,18,0,0,0,0.509,275.8,12.0,27.9,0,1.54,5.66,8.35,2.04
西瓜,18,0,0,0,0.9,41.7,4.2,28.8,0,19.89,0.0,0.0,21.57
西红柿,18,0,0,0,0.807,218.63,10.35,27.2,0,10.58,20.72,19.78,8.44
香蕉,18,0,0,0,0.615,253.77,6.8,25.9,1,4.29,15.18,5.77,11.47
黄瓜,18,0,0,0,0.849,199.61,9.1,25.3,0,26.58,13.63,30.31,12.56
土豆,19,0,0,0,0.981,19.93,5.2,24.5,0,50.42,0.0,0.0,19.93
芒果,19,0,0,0,0.255,273.19,9.0,27.7,0,1.63,2.77,4.51,0.63
苹果,19,0,0,0,0.905,237.66,12.0,27.6,1,4.41,12.72,15.55,14.15
草莓,19,0,0,0,0.1,293.02,24.0,23.1,1,0.18,0.18,0.24,0.18
葡萄,19,0,0,0,0.473,273.76,12.0,26.5,0,2.18,3.26,9.46,1.7
西瓜,19,0,0,0,0.892,20.13,5.1,29.2,1,80.27,0.0,0.0,20.13
西红柿,19,0,0,0,0.793,210.19,9.0,25.6,1,7.28,13.6,28.86,18.11
香蕉,19,0,0,0,0.597,242.3,4.8,21.6,0,3.39,20.52,4.81,7.88
黄瓜,19,0,0,0,0.836,187.05,7.0,28.6,0,4.5,3.66,55.46,23.4
土豆,20,0,0,0,0.98,0.0,2.4,22.7,1,15.36,0.0,0.0,0.0
芒果,20,0,0,0,0.208,272.56,9.0,25.7,0,1.14,1.35,0.53,0.53
苹果,20,0,0,0,0.898,223.51,7.2,25.1,0,3.93,28.01,23.33,5.49
草莓,20,0,0,0,0.1,292.84,24.0,20.2,0,0.18,0.18,0.18,0.18
葡萄,20,0,0,0,0.436,272.06,12.0,26.8,0,2.04,1.77,0.98,0.43
西瓜,20,0,0,0,0.884,0.0,3.6,26.1,0,21.57,0.0,0.0,0.0
西红柿,20,0,0,0,0.783,192.08,5.4,20.4,0,8.44,27.49,36.75,4.74
香蕉,20,0,0,0,0.573,234.42,4.8,25.1,0,11.47,10.37,18.26,2.75
黄瓜,20,0,0,0,0.826,163.65,4.2,23.9,0,12.56,13.19,22.86,6.57
土豆,21,0,0,0,0.979,0.0,2.4,21.9,1,19.93,0.0,0.0,0.0
芒果,21,0,0,0,0.175,272.03,9.0,22.3,0,0.63,0.53,0.53,0.0
苹果,21,0,0,0,0.892,218.02,7.2,22.2,0,14.15,5.89,1.72,0.0
草莓,21,0,0,0,0.1,292.66,24.0,21.5,0,0.18,0.18,0.18,0.0
葡萄,21,0,0,0,0.416,271.63,12.0,19.9,0,1.7,0.84,1.27,0.0
西瓜,21,0,0,0,0.879,0.0,3.6,21.3,0,20.13,0.0,0.0,0.0
西红柿,21,0,0,0,0.774,187.34,5.4,18.9,0,18.11,7.97,13.06,0.0
香蕉,21,0,0,0,0.554,231.67,4.8,22.1,0,7.88,3.82,0.93,0.0
黄瓜,21,0,0,0,0.818,157.08,4.2,19.2,0,23.4,9.94,0.0,0.13
土豆,22,0,0,0,0.978,0.0,2.4,19.6,1,0.0,0.0,0.0,0.0
芒果,22,0,0,0,0.14,272.03,9.0,22.6,1,0.53,0.0,0.0,0.0
苹果,22,0,0,0,0.888,218.02,7.2,17.3,0,5.49,0.0,0.0,0.0
草莓,22,0,0,0,0.1,292.66,24.0,21.0,0,0.18,0.01,0.0,0.0
葡萄,22,0,0,0,0.397,271.63,12.0,19.6,0,0.43,0.0,0.0,0.0
西瓜,22,0,0,0,0.874,0.0,3.6,20.9,0,0.0,0.0,0.0,0.0
西红柿,22,0,0,0,0.764,187.34,5.4,19.7,0,4.74,0.0,0.0,0.18
香蕉,22,0,0,0,0.533,231.67,4.8,23.2,0,2.75,0.0,0.0,0.03
黄瓜,22,0,0,0,0.811,156.95,4.2,19.9,0,6.57,0.0,0.0,0.0
土豆,23,0,0,0,0.977,0.0,2.4,19.4,0,0.0,0.0,0.0,0.0
芒果,23,0,0,0,0.116,272.03,9.0,19.7,0,0.0,0.02,0.0,0.0
苹果,23,0,0,0,0.883,218.02,7.2,19.1,0,0.0,0.0,0.0,0.0
草莓,23,0,0,0,0.1,292.66,24.0,13.3,0,0.0,0.0,0.0,0.0
葡萄,23,0,0,0,0.375,271.63,12.0,20.6,0,0.0,0.0,0.0,0.2
西瓜,23,0,0,0,0.868,0.0,3.6,20.8,1,0.0,0.0,0.0,0.0
西红柿,23,0,0,0,0.753,187.16,5.4,20.8,0,0.0,0.0,0.0,0.0
香蕉,23,0,0,0,0.528,231.64,4.8,14.6,0,0.0,0.0,0.0,0.0
黄瓜,23,0,0,0,0.803,156.95,4.2,18.2,1,0.13,0.25,0.0,0.0
土豆,0,1,0,0,0.976,0.0,4.6,17.7,0,0.0,0.0,0.0,0.0
芒果,0,1,0,0,0.111,272.03,9.0,14.0,0,0.0,0.0,0.0,0.0
苹果,0,1,0,0,0.88,218.02,8.4,16.4,0,0.0,0.0,0.0,0.0
草莓,0,1,0,0,0.1,292.66,24.0,17.6,0,0.0,0.0,0.0,0.0
葡萄,0,1,0,0,0.365,271.43,12.0,16.1,0,0.0,0.0,0.0,0.0
西瓜,0,1,0,0,0.865,0.0,6.9,16.2,0,0.0,0.0,0.0,0.0
西红柿,0,1,0,0,0.744,187.16,11.7,18.6,0,0.18,0.0,0.0,0.0
香蕉,0,1,0,0,0.523,231.64,4.8,14.9,0,0.03,0.0,0.0,0.0
黄瓜,0,1,0,0,0.797,156.95,7.0,17.1,0,0.0,0.0,0.0,0.0
土豆,1,1,0,0,0.976,0.0,4.0,15.9,1,0.0,0.0,0.0,0.0
芒果,1,1,0,0,0.1,272.03,9.0,18.1,0,0.0,0.0,0.0,0.0
苹果,1,1,0,0,0.876,218.02,8.4,15.9,0,0.0,0.0,0.0,0.0
草莓,1,1,0,0,0.1,292.66,24.0,12.8,0,0.0,0.0,0.0,0.0
葡萄,1,1,0,0,0.355,271.43,12.0,16.2,0,0.2,0.0,0.0,0.0
西瓜,1,1,0,0,0.861,0.0,6.9,16.9,0,0.0,0.0,0.0,0.0
西红柿,1,1,0,0,0.738,187.16,10.35,15.0,0,0.0,0.0,0.0,0.0
香蕉,1,1,0,0,0.511,231.64,4.8,18.0,0,0.0,0.0,0.0,0.0
黄瓜,1,1,0,0,0.791,156.95,8.05,17.0,0,0.0,0.08,0.0,0.0
土豆,2,1,0,0,0.975,0.0,4.0,15.7,0,0.0,0.0,0.0,0.0
芒果,2,1,0,0,0.1,272.03,9.0,14.1,0,0.0,0.0,0.0,0.0
苹果,2,1,0,0,0.871,218.02,15.6,17.8,0,0.0,0.0,0.0,0.0
草莓,2,1,0,0,0.1,292.66,24.0,20.2,0,0.0,0.0,0.0,0.0
葡萄,2,1,0,0,0.34,271.43,12.0,17.7,0,0.0,0.0,0.0,0.0
西瓜,2,1,0,0,0.858,0.0,5.1,14.8,0,0.0,0.0,0.0,0.0
西红柿,2,1,0,0,0.73,187.16,6.3,17.8,0,0.0,0.0,0.0,0.0
香蕉,2,1,0,0,0.5,231.64,4.8,18.0,0,0.0,0.0,0.0,0.0
黄瓜,2,1,0,0,0.787,156.95,7.0,11.8,0,0.0,0.13,0.0,0.0
土豆,3,1,0,0,0.974,0.0,2.8,13.4,0,0.0,0.0,0.0,0.0
芒果,3,1,0,0,0.1,272.03,9.0,12.5,0,0.0,0.0,0.0,0.0
苹果,3,1,0,0,0.867,218.02,12.0,18.7,0,0.0,0.0,0.0,0.0
草莓,3,1,0,0,0.1,292.66,24.0,11.5,0,0.0,0.04,0.0,0.0
葡萄,3,1,0,0,0.331,271.43,12.0,15.9,0,0.0,0.0,0.0,0.0
西瓜,3,1,0,0,0.855,0.0,6.0,14.0,0,0.0,0.0,0.0,0.0
西红柿,3,1,0,0,0.723,187.16,6.3,15.8,0,0.0,0.0,0.0,0.0
香蕉,3,1,0,0,0.49,231.64,4.8,17.5,0,0.0,0.0,0.0,0.0
黄瓜,3,1,0,0,0.781,156.95,4.9,16.1,0,0.0,0.0,0.0,0.0
土豆,4,1,0,0,0.973,0.0,4.0,19.8,0,0.0,0.0,0.0,0.0
芒果,4,1,0,0,0.1,272.03,9.0,18.0,0,0.0,0.02,0.0,0.0
苹果,4,1,0,0,0.862,218.02,10.2,18.8,0,0.0,0.0,0.0,0.0
草莓,4,1,0,0,0.1,292.66,24.0,19.6,0,0.0,0.0,0.0,0.0
葡萄,4,1,0,0,0.319,271.43,12.0,16.8,0,0.0,0.0,0.0,0.0
西瓜,4,1,0,0,0.852,0.0,7.8,13.7,0,0.0,0.0,0.0,0.0
西红柿,4,1,0,0,0.715,187.16,9.0,17.5,0,0.0,0.0,0.0,0.0
香蕉,4,1,0,0,0.479,231.64,4.8,17.9,0,0.0,0.0,0.0,0.0
黄瓜,4,1,0,0,0.775,156.95,8.05,16.7,0,0.0,0.0,0.0,0.0
土豆,5,1,0,0,0.972,0.0,2.8,20.6,0,0.0,0.0,0.0,10.5
芒果,5,1,0,0,0.1,272.03,9.0,17.3,0,0.0,0.0,0.27,2.42
苹果,5,1,0,0,0.857,218.02,13.8,19.8,0,0.0,0.0,0.0,0.75
草莓,5,1,0,0,0.1,292.66,24.0,19.0,0,0.0,0.0,0.0,0.83
葡萄,5,1,0,0,0.306,271.43,12.0,17.2,0,0.0,0.0,0.0,1.87
西瓜,5,1,0,0,0.847,0.0,5.1,19.9,1,0.0,0.0,0.0,2.9
西红柿,5,1,0,0,0.705,187.16,9.0,19.4,0,0.0,0.0,0.0,2.95
香蕉,5,1,0,0,0.469,231.64,4.8,17.4,1,0.0,0.0,0.0,4.08
黄瓜,5,1,0,0,0.767,156.95,5.95,19.2,1,0.0,0.18,0.0,4.67
土豆,6,1,0,0,1.0,289.5,3.4,20.4,0,0.0,7.16,4.11,27.34
芒果,6,1,0,0,1.0,297.58,15.0,20.3,0,0.0,2.51,0.53,2.25
苹果,6,1,0,0,1.0,299.25,15.6,19.4,1,0.0,1.41,0.84,7.45
草莓,6,1,0,0,1.0,299.17,40.0,19.8,0,0.0,0.76,0.31,1.97
葡萄,6,1,0,0,1.0,298.13,17.0,24.5,0,0.0,1.92,1.52,1.61
西瓜,6,1,0,0,1.0,297.1,7.8,18.4,0,0.0,4.03,1.8,24.81
西红柿,6,1,0,0,1.0,297.05,9.0,22.1,1,0.0,5.39,3.41,15.79
香蕉,6,1,0,0,1.0,295.92,8.0,21.2,0,0.0,2.97,2.33,9.27
黄瓜,6,1,0,0,1.0,295.33,7.0,18.4,0,0.0,2.9,4.87,13.71
土豆,7,1,0,0,0.999,262.16,4.0,23.9,0,10.5,25.09,8.6,18.83
芒果,7,1,0,0,0.971,295.33,19.5,21.0,0,2.42,3.92,4.93,3.74
苹果,7,1,0,0,0.995,291.8,12.0,21.6,0,0.75,1.34,12.64,3.92
草莓,7,1,0,0,0.975,297.2,40.0,19.2,0,0.83,0.7,1.86,1.63
葡萄,7,1,0,0,0.981,296.52,20.0,19.6,1,1.87,3.75,3.04,1.2
西瓜,7,1,0,0,0.994,272.29,5.1,22.1,0,2.9,13.28,23.52,20.95
西红柿,7,1,0,0,0.99,281.26,7.65,19.7,0,2.95,9.24,4.49,4.39
香蕉,7,1,0,0,0.979,286.65,8.0,23.4,0,4.08,3.42,11.39,6.31
黄瓜,7,1,0,0,0.989,281.62,7.0,25.4,0,4.67,3.84,13.7,13.81
土豆,8,1,0,0,0.998,243.33,4.0,25.7,1,27.34,23.02,25.58,14.97
芒果,8,1,0,0,0.921,291.59,17.25,26.7,0,2.25,1.91,2.1,2.16
苹果,8,1,0,0,0.988,287.88,12.0,26.0,1,7.45,8.16,3.82,1.92
草莓,8,1,0,0,0.918,295.57,40.0,24.5,0,1.97,1.19,2.88,0.26
葡萄,8,1,0,0,0.956,295.32,26.0,21.9,0,1.61,2.17,6.9,2.82
西瓜,8,1,0,0,0.989,251.34,6.0,20.3,0,24.81,16.85,14.14,9.89
西红柿,8,1,0,0,0.981,276.87,11.7,19.3,0,15.79,10.4,14.66,7.86
香蕉,8,1,0,0,0.959,280.34,5.6,22.5,1,9.27,7.66,8.07,2.32
黄瓜,8,1,0,0,0.98,267.81,7.0,22.4,0,13.71,8.75,3.87,8.24
土豆,9,1,0,0,0.996,228.36,4.0,26.7,0,18.83,10.3,10.91,3.62
芒果,9,1,0,0,0.872,289.43,17.25,26.3,0,3.74,2.16,1.51,1.97
苹果,9,1,0,0,0.981,285.96,15.6,25.7,0,3.92,6.48,0.8,1.77
草莓,9,1,0,0,0.846,295.31,52.0,27.0,0,1.63,0.63,0.9,0.18
葡萄,9,1,0,0,0.92,292.5,17.0,26.7,0,1.2,2.21,3.83,0.53
西瓜,9,1,0,0,0.982,241.45,6.0,24.8,0,20.95,13.3,20.45,16.41
西红柿,9,1,0,0,0.967,269.01,9.0,25.2,0,4.39,6.68,4.9,3.81
香蕉,9,1,0,0,0.934,278.02,8.0,25.3,1,6.31,5.06,2.09,2.23
黄瓜,9,1,0,0,0.969,259.57,7.0,24.8,0,13.81,8.42,8.34,1.79
土豆,10,1,0,0,0.995,224.74,5.2,25.2,0,14.97,13.89,9.38,14.39
芒果,10,1,0,0,0.823,287.46,10.5,26.4,0,2.16,0.91,1.6,3.78
苹果,10,1,0,0,0.973,284.19,13.8,29.1,0,1.92,1.96,3.5,1.56
草莓,10,1,0,0,0.765,295.13,52.0,28.4,0,0.26,0.49,0.43,0.53
葡萄,10,1,0,0,0.882,291.97,20.0,27.0,1,2.82,0.93,0.86,1.95
西瓜,10,1,0,0,0.974,225.04,6.0,28.6,0,9.89,6.08,4.97,42.39
西红柿,10,1,0,0,0.952,265.2,9.0,26.4,0,7.86,4.52,3.82,2.72
香蕉,10,1,0,0,0.899,275.79,5.6,30.5,1,2.32,1.69,5.72,5.91
黄瓜,10,1,0,0,0.957,257.78,9.1,28.9,0,8.24,4.52,5.15,2.87
土豆,11,1,0,0,0.993,210.35,4.6,29.5,0,3.62,17.16,21.18,16.01
芒果,11,1,0,0,0.755,283.68,12.75,31.7,0,1.97,3.23,2.61,1.23
苹果,11,1,0,0,0.964,282.63,12.0,32.9,1,1.77,7.06,4.76,2.6
草莓,11,1,0,0,0.681,294.6,40.0,29.0,0,0.18,0.91,0.91,1.06
葡萄,11,1,0,0,0.838,290.02,20.0,29.4,0,0.53,3.52,2.64,0.64
西瓜,11,1,0,0,0.965,182.65,4.2,30.0,0,16.41,8.33,41.68,42.5
西红柿,11,1,0,0,0.934,262.48,11.7,31.1,0,3.81,6.81,5.91,2.79
香蕉,11,1,0,0,0.865,269.88,8.0,30.5,0,2.23,2.04,9.55,7.89
黄瓜,11,1,0,0,0.943,254.91,9.1,31.2,0,1.79,5.98,7.62,6.07
土豆,12,1,0,0,0.992,194.34,4.0,30.4,0,14.39,19.74,15.76,16.62
芒果,12,1,0,0,0.682,282.45,12.75,32.6,1,3.78,1.58,3.63,1.24
苹果,12,1,0,0,0.956,280.03,12.0,32.6,1,1.56,2.72,6.76,2.02
草莓,12,1,0,0,0.587,293.54,24.0,30.8,0,0.53,0.75,1.4,0.63
葡萄,12,1,0,0,0.789,289.38,26.0,31.9,0,1.95,0.72,2.76,1.79
西瓜,12,1,0,0,0.956,140.15,6.0,32.1,0,42.39,16.52,8.47,20.27
西红柿,12,1,0,0,0.916,259.69,11.7,30.8,0,2.72,4.05,8.37,8.02
香蕉,12,1,0,0,0.823,261.99,6.8,34.1,0,5.91,4.37,6.1,2.43
黄瓜,12,1,0,0,0.928,248.84,8.05,32.5,0,2.87,15.45,9.63,9.58
土豆,13,1,0,0,0.99,177.72,4.0,33.5,0,16.01,22.39,13.21,11.46
芒果,13,1,0,0,0.615,281.21,15.0,31.2,0,1.23,1.08,0.55,1.03
苹果,13,1,0,0,0.948,278.01,12.0,30.1,1,2.6,2.86,1.78,5.47
草莓,13,1,0,0,0.506,292.91,24.0,28.4,0,1.06,0.41,0.39,0.24
葡萄,13,1,0,0,0.739,287.59,17.0,31.9,0,0.64,1.0,0.71,0.44
西瓜,13,1,0,0,0.947,119.88,6.0,29.6,0,42.5,22.48,16.13,28.84
西红柿,13,1,0,0,0.897,251.67,7.65,31.0,0,2.79,3.42,7.98,3.3
香蕉,13,1,0,0,0.791,259.56,5.6,29.1,1,7.89,2.34,4.84,2.28
黄瓜,13,1,0,0,0.916,239.26,5.95,28.3,0,6.07,6.11,4.39,2.16
土豆,14,1,0,0,0.989,166.26,3.4,34.3,0,16.62,3.15,3.54,15.36
芒果,14,1,0,0,0.547,280.18,9.0,31.5,0,1.24,1.2,1.35,1.03
苹果,14,1,0,0,0.939,272.54,8.4,33.6,0,2.02,3.19,0.75,1.04
草莓,14,1,0,0,0.407,292.67,24.0,31.6,0,0.63,0.18,0.18,0.18
葡萄,14,1,0,0,0.691,287.15,23.0,31.3,0,1.79,0.38,0.81,0.68
西瓜,14,1,0,0,0.937,91.04,5.1,33.5,0,20.27,2.94,27.58,6.93
西红柿,14,1,0,0,0.878,248.37,9.0,32.1,1,8.02,5.04,3.43,1.24
香蕉,14,1,0,0,0.754,257.28,8.0,31.9,0,2.43,1.78,1.89,0.9
黄瓜,14,1,0,0,0.903,237.1,8.05,30.1,1,9.58,6.76,4.13,2.98
土豆,15,1,0,0,0.987,150.9,3.4,29.5,0,11.46,5.3,7.4,51.36
芒果,15,1,0,0,0.467,279.15,9.0,34.7,0,1.03,1.25,1.24,2.26
苹果,15,1,0,0,0.931,271.5,12.0,29.9,1,5.47,3.97,2.83,11.22
草莓,15,1,0,0,0.299,292.49,24.0,33.0,0,0.24,0.18,0.36,0.23
葡萄,15,1,0,0,0.636,286.47,20.0,33.8,0,0.44,0.98,0.66,2.72
西瓜,15,1,0,0,0.928,84.11,6.9,30.4,0,28.84,18.84,19.21,13.74
西红柿,15,1,0,0,0.861,247.13,11.7,30.1,0,3.3,4.28,4.53,10.54
香蕉,15,1,0,0,0.722,256.38,10.4,29.2,1,2.28,0.9,0.9,10.12
黄瓜,15,1,0,0,0.89,234.12,8.05,30.4,0,2.16,1.49,2.4,13.23
土豆,16,1,0,0,0.985,99.54,2.8,33.2,0,15.36,25.5,28.03,62.36
芒果,16,1,0,0,0.415,276.89,9.0,27.3,0,1.03,2.02,3.05,2.44
苹果,16,1,0,0,0.922,260.28,10.2,30.9,0,1.04,5.67,12.11,16.7
草莓,16,1,0,0,0.221,292.26,24.0,28.0,0,0.18,0.18,0.28,0.18
葡萄,16,1,0,0,0.591,283.75,12.0,30.3,0,0.68,2.9,1.65,3.69
西瓜,16,1,0,0,0.92,70.37,6.0,27.5,1,6.93,35.49,44.59,65.33
西红柿,16,1,0,0,0.842,236.59,6.3,31.5,1,1.24,3.68,10.65,9.44
香蕉,16,1,0,0,0.684,246.26,5.6,32.2,0,0.9,6.32,4.36,5.59
黄瓜,16,1,0,0,0.877,220.89,7.0,28.9,0,2.98,5.09,3.54,17.84
土豆,17,1,0,0,0.984,37.18,2.8,31.0,0,51.36,41.59,12.36,37.18
芒果,17,1,0,0,0.364,274.45,9.0,26.8,0,2.26,2.27,3.03,0.7
苹果,17,1,0,0,0.915,243.58,8.4,28.0,0,11.22,9.18,7.29,2.97
草莓,17,1,0,0,0.131,292.08,24.0,29.9,0,0.23,0.24,0.28,0.18
葡萄,17,1,0,0,0.551,280.06,12.0,28.0,0,2.72,1.54,5.28,3.23
西瓜,17,1,0,0,0.913,5.04,5.1,27.4,0,13.74,19.89,26.51,5.04
西红柿,17,1,0,0,0.825,227.15,9.0,30.0,1,10.54,10.58,11.26,9.07
香蕉,17,1,0,0,0.652,240.67,8.0,29.0,0,10.12,4.29,3.98,13.43
黄瓜,17,1,0,0,0.863,203.05,4.9,31.4,1,13.23,26.58,15.3,7.01
土豆,18,1,0,0,0.983,0.0,3.4,26.2,0,62.36,50.42,25.67,0.0
芒果,18,1,0,0,0.307,273.75,9.0,28.5,1,2.44,1.63,2.59,1.21
苹果,18,1,0,0,0.909,240.61,13.8,23.8,1,16.7,4.41,19.87,10.02
草莓,18,1,0,0,0.1,291.9,24.0,26.3,0,0.18,0.18,0.26,0.26
葡萄,18,1,0,0,0.51,276.83,12.0,28.1,0,3.69,2.18,3.38,1.3
西瓜,18,1,0,0,0.904,0.0,4.2,29.3,0,65.33,80.27,35.08,0.0
西红柿,18,1,0,0,0.812,218.08,9.0,23.3,0,9.44,7.28,13.03,8.8
香蕉,18,1,0,0,0.628,227.24,5.6,24.7,0,5.59,3.39,5.24,10.46
黄瓜,18,1,0,0,0.85,196.04,8.05,29.0,1,17.84,4.5,4.74,13.87
土豆,19,1,0,0,0.981,0.0,4.6,26.8,0,37.18,15.36,33.13,0.0
芒果,19,1,0,0,0.265,272.54,9.0,24.6,0,0.7,1.14,1.99,0.64
苹果,19,1,0,0,0.903,230.59,12.0,23.7,0,2.97,3.93,13.95,13.11
草莓,19,1,0,0,0.1,291.64,24.0,28.2,1,0.18,0.18,0.18,0.18
葡萄,19,1,0,0,0.478,275.53,12.0,25.1,1,3.23,2.04,3.54,2.02
西瓜,19,1,0,0,0.896,0.0,7.8,29.6,0,5.04,21.57,10.05,0.0
西红柿,19,1,0,0,0.798,209.28,9.0,25.5,0,9.07,8.44,12.25,13.35
香蕉,19,1,0,0,0.596,216.78,4.8,28.8,0,13.43,11.47,4.02,6.9
黄瓜,19,1,0,0,0.84,182.17,7.0,24.9,0,7.01,12.56,15.77,19.66
土豆,20,1,0,0,0.98,0.0,2.4,25.0,0,0.0,19.93,45.02,0.0
芒果,20,1,0,0,0.23,271.9,9.0,22.8,0,1.21,0.63,1.35,0.53
苹果,20,1,0,0,0.897,217.48,7.2,20.9,0,10.02,14.15,14.19,3.63
草莓,20,1,0,0,0.1,291.46,24.0,23.4,0,0.26,0.18,0.18,0.18
葡萄,20,1,0,0,0.446,273.51,12.0,24.7,0,1.3,1.7,2.3,0.4
西瓜,20,1,0,0,0.89,0.0,3.6,22.7,1,0.0,20.13,5.82,0.0
西红柿,20,1,0,0,0.786,195.93,5.4,23.2,0,8.8,18.11,13.09,5.24
香蕉,20,1,0,0,0.576,209.88,4.8,22.9,0,10.46,7.88,7.78,2.68
黄瓜,20,1,0,0,0.829,162.51,4.2,24.7,0,13.87,23.4,18.1,7.55
土豆,21,1,0,0,0.979,0.0,2.4,19.7,0,0.0,0.0,14.78,0.0
芒果,21,1,0,0,0.185,271.37,9.0,25.2,0,0.64,0.53,0.53,0.1
苹果,21,1,0,0,0.891,213.85,7.2,23.2,0,13.11,5.49,4.92,0.0
草莓,21,1,0,0,0.1,291.28,24.0,22.5,0,0.18,0.18,0.18,0.0
葡萄,21,1,0,0,0.421,273.11,12.0,22.1,0,2.02,0.43,0.56,0.0
西瓜,21,1,0,0,0.884,0.0,3.6,21.4,0,0.0,0.0,0.0,0.0
西红柿,21,1,0,0,0.775,190.69,5.4,21.4,0,13.35,4.74,5.41,0.0
香蕉,21,1,0,0,0.558,207.2,4.8,21.5,0,6.9,2.75,2.26,0.01
黄瓜,21,1,0,0,0.82,154.96,4.2,22.0,0,19.66,6.57,6.69,0.0
土豆,22,1,0,0,0.978,0.0,2.4,20.1,0,0.0,0.0,0.0,0.0
芒果,22,1,0,0,0.167,271.27,9.0,18.2,0,0.53,0.0,0.0,0.0
苹果,22,1,0,0,0.886,213.85,7.2,20.8,0,3.63,0.0,0.01,0.0
草莓,22,1,0,0,0.1,291.28,24.0,20.1,0,0.18,0.0,0.0,0.0
葡萄,22,1,0,0,0.404,273.11,12.0,18.8,0,0.4,0.0,0.0,0.03
西瓜,22,1,0,0,0.88,0.0,3.6,17.3,0,0.0,0.0,0.0,0.0
西红柿,22,1,0,0,0.767,190.69,5.4,16.4,0,5.24,0.0,0.0,0.0
香蕉,22,1,0,0,0.538,207.19,4.8,22.8,0,2.68,0.0,0.0,0.0
黄瓜,22,1,0,0,0.809,154.96,4.2,25.3,1,7.55,0.13,0.0,0.0
土豆,23,1,0,0,0.977,0.0,2.4,20.6,0,0.0,0.0,0.0,0.0
芒果,23,1,0,0,0.153,271.27,9.0,17.0,0,0.1,0.0,0.0,0.0
苹果,23,1,0,0,0.882,213.85,7.2,16.7,1,0.0,0.0,0.0,0.0
草莓,23,1,0,0,0.1,291.28,24.0,15.9,0,0.0,0.0,0.0,0.18
葡萄,23,1,0,0,0.39,273.08,12.0,17.4,0,0.0,0.0,0.0,0.0
西瓜,23,1,0,0,0.877,0.0,3.6,15.8,0,0.0,0.0,0.0,0.0
西红柿,23,1,0,0,0.757,190.69,5.4,19.7,0,0.0,0.18,0.0,0.02
香蕉,23,1,0,0,0.528,207.19,4.8,17.4,0,0.01,0.03,0.0,0.0
黄瓜,23,1,0,0,0.802,154.96,4.2,19.9,0,0.0,0.0,0.0,0.0
土豆,0,2,0,0,0.976,0.0,4.6,17.5,0,0.0,0.0,0.0,0.0
芒果,0,2,0,0,0.138,271.27,9.0,17.3,0,0.0,0.0,0.0,0.0
苹果,0,2,0,0,0.877,213.85,13.8,21.4,0,0.0,0.0,0.0,0.0
草莓,0,2,0,0,0.1,291.1,24.0,15.7,0,0.0,0.0,0.0,0.0
葡萄,0,2,0,0,0.376,273.08,12.0,17.7,0,0.03,0.2,0.0,0.0
西瓜,0,2,0,0,0.871,0.0,6.9,21.0,1,0.0,0.0,0.0,0.0
西红柿,0,2,0,0,0.749,190.67,9.0,17.6,0,0.0,0.0,0.12,0.0
香蕉,0,2,0,0,0.524,207.19,4.8,14.0,0,0.0,0.0,0.0,0.0
黄瓜,0,2,0,0,0.795,154.96,5.95,17.5,0,0.0,0.0,0.07,0.0
土豆,1,2,0,0,0.975,0.0,3.4,15.8,0,0.0,0.0,0.0,0.0
芒果,1,2,0,0,0.127,271.27,9.0,16.4,0,0.0,0.0,0.0,0.0
苹果,1,2,0,0,0.872,213.85,12.0,17.6,0,0.0,0.0,0.0,0.0
草莓,1,2,0,0,0.1,291.1,24.0,14.0,1,0.18,0.0,0.0,0.0
葡萄,1,2,0,0,0.369,273.08,12.0,14.9,0,0.0,0.0,0.0,0.0
西瓜,1,2,0,0,0.868,0.0,6.0,15.7,0,0.0,0.0,0.0,0.0
西红柿,1,2,0,0,0.744,190.67,9.0,14.3,0,0.02,0.0,0.0,0.0
香蕉,1,2,0,0,0.52,207.19,4.8,14.4,0,0.0,0.0,0.0,0.0
黄瓜,1,2,0,0,0.79,154.96,9.1,14.7,0,0.0,0.0,0.0,0.0
土豆,2,2,0,0,0.975,0.0,4.6,14.4,0,0.0,0.0,0.01,0.0
芒果,2,2,0,0,0.121,271.27,9.0,14.8,1,0.0,0.0,0.0,0.0
苹果,2,2,0,0,0.87,213.85,8.4,11.2,0,0.0,0.0,0.0,0.0
草莓,2,2,0,0,0.1,291.1,24.0,13.4,0,0.0,0.0,0.0,0.0
葡萄,2,2,0,0,0.353,273.08,12.0,18.3,0,0.0,0.0,0.0,0.0
西瓜,2,2,0,0,0.864,0.0,6.9,15.8,0,0.0,0.0,0.0,0.0
西红柿,2,2,0,0,0.737,190.67,9.0,15.0,1,0.0,0.0,0.0,0.0
香蕉,2,2,0,0,0.509,207.19,4.8,17.9,0,0.0,0.0,0.0,0.0
黄瓜,2,2,0,0,0.783,154.96,7.0,16.4,0,0.0,0.0,0.0,0.04
土豆,3,2,0,0,0.974,0.0,2.8,15.4,0,0.0,0.0,0.0,0.0
芒果,3,2,0,0,0.116,271.27,9.0,13.3,0,0.0,0.0,0.0,0.0
苹果,3,2,0,0,0.867,213.85,12.0,13.6,0,0.0,0.0,0.0,0.0
草莓,3,2,0,0,0.1,291.1,24.0,15.5,0,0.0,0.0,0.0,0.0
葡萄,3,2,0,0,0.338,273.08,12.0,18.1,0,0.0,0.0,0.0,0.0
西瓜,3,2,0,0,0.86,0.0,7.8,17.4,0,0.0,0.0,0.0,0.0
西红柿,3,2,0,0,0.732,190.67,9.0,14.0,0,0.0,0.0,0.0,0.0
香蕉,3,2,0,0,0.501,207.19,4.8,16.0,0,0.0,0.0,0.0,0.0
黄瓜,3,2,0,0,0.777,154.92,9.1,16.7,0,0.0,0.0,0.0,0.0
土豆,4,2,0,0,0.973,0.0,4.0,14.2,0,0.0,0.0,0.0,0.0
芒果,4,2,0,0,0.103,271.27,9.0,16.9,0,0.0,0.0,0.0,0.0
苹果,4,2,0,0,0.864,213.85,8.4,14.0,0,0.0,0.0,0.0,0.0
草莓,4,2,0,0,0.1,291.1,24.0,20.7,0,0.0,0.0,0.0,0.0
葡萄,4,2,0,0,0.328,273.08,12.0,15.7,0,0.0,0.0,0.0,0.0
西瓜,4,2,0,0,0.858,0.0,6.0,13.2,0,0.0,0.0,0.0,0.0
西红柿,4,2,0,0,0.724,190.67,11.7,16.7,0,0.0,0.0,0.0,0.0
香蕉,4,2,0,0,0.489,207.19,4.8,18.4,1,0.0,0.0,0.0,0.0
黄瓜,4,2,0,0,0.771,154.92,5.95,16.1,0,0.04,0.0,0.0,0.0
土豆,5,2,0,0,0.972,0.0,4.0,16.8,1,0.0,0.0,0.0,4.41
芒果,5,2,0,0,0.1,271.27,9.0,21.4,1,0.0,0.0,0.0,3.39
苹果,5,2,0,0,0.858,213.85,12.0,21.2,0,0.0,0.0,0.0,1.14
草莓,5,2,0,0,0.1,291.1,24.0,16.3,0,0.0,0.0,0.0,0.8
葡萄,5,2,0,0,0.305,273.08,12.0,21.3,0,0.0,0.0,0.0,2.02
西瓜,5,2,0,0,0.853,0.0,6.9,18.7,0,0.0,0.0,0.0,5.57
西红柿,5,2,0,0,0.716,190.67,11.7,17.7,0,0.0,0.0,0.0,3.05
香蕉,5,2,0,0,0.47,207.19,4.8,22.0,0,0.0,0.0,0.0,3.6
黄瓜,5,2,0,0,0.763,154.92,7.0,21.0,0,0.0,0.0,0.0,3.57
土豆,6,2,0,0,1.0,295.59,4.6,18.2,0,0.0,10.5,10.26,7.09
芒果,6,2,0,0,1.0,296.61,10.5,18.7,0,0.0,2.42,2.79,0.75
苹果,6,2,0,0,1.0,298.86,12.0,21.5,1,0.0,0.75,2.8,8.39
草莓,6,2,0,0,1.0,299.2,40.0,20.4,0,0.0,0.83,0.24,1.92
葡萄,6,2,0,0,1.0,297.98,17.0,23.4,0,0.0,1.87,3.08,2.57
西瓜,6,2,0,0,1.0,294.43,6.9,20.6,0,0.0,2.9,13.15,20.54
西红柿,6,2,0,0,1.0,296.95,10.35,19.0,0,0.0,2.95,6.67,3.96
香蕉,6,2,0,0,1.0,296.4,8.0,22.0,0,0.0,4.08,4.53,5.4
黄瓜,6,2,0,0,1.0,296.43,8.05,21.3,0,0.0,4.67,4.95,4.34
土豆,7,2,0,0,0.999,288.5,5.2,17.8,1,4.41,27.34,20.89,13.39
芒果,7,2,0,0,0.97,295.86,19.5,21.4,1,3.39,2.25,4.25,4.0
苹果,7,2,0,0,0.995,290.47,12.0,19.2,0,1.14,7.45,1.7,9.17
草莓,7,2,0,0,0.953,297.28,40.0,22.9,0,0.8,1.97,1.55,1.28
葡萄,7,2,0,0,0.968,295.41,20.0,24.6,0,2.02,1.61,6.09,2.33
西瓜,7,2,0,0,0.994,273.89,6.0,22.1,0,5.57,24.81,19.46,19.62
西红柿,7,2,0,0,0.991,292.99,11.7,18.9,0,3.05,15.79,20.76,11.16
香蕉,7,2,0,0,0.982,291.0,6.8,21.8,1,3.6,9.27,6.37,3.83
黄瓜,7,2,0,0,0.993,292.09,9.1,18.4,0,3.57,13.71,10.05,15.98
土豆,8,2,0,0,0.998,275.11,4.6,26.5,0,7.09,18.83,28.55,9.66
芒果,8,2,0,0,0.927,291.86,15.0,24.8,0,0.75,3.74,1.63,1.32
苹果,8,2,0,0,0.989,281.3,12.0,24.5,0,8.39,3.92,7.95,5.21
草莓,8,2,0,0,0.896,296.0,40.0,24.5,0,1.92,1.63,1.54,0.87
葡萄,8,2,0,0,0.948,293.08,23.0,20.3,0,2.57,1.2,3.7,1.97
西瓜,8,2,0,0,0.989,254.27,6.0,21.6,0,20.54,20.95,13.66,12.43
西红柿,8,2,0,0,0.978,281.83,9.0,23.3,0,3.96,4.39,16.21,10.54
香蕉,8,2,0,0,0.948,287.17,6.8,29.8,1,5.4,6.31,3.72,5.31
黄瓜,8,2,0,0,0.982,276.11,4.9,25.2,0,4.34,13.81,12.88,7.3
土豆,9,2,0,0,0.997,265.45,4.6,24.2,0,13.39,14.97,18.0,14.08
芒果,9,2,0,0,0.879,290.54,17.25,26.0,0,4.0,2.16,2.7,0.66
苹果,9,2,0,0,0.983,276.09,12.0,23.5,0,9.17,1.92,4.63,2.64
草莓,9,2,0,0,0.821,295.13,40.0,27.4,0,1.28,0.26,1.06,0.5
葡萄,9,2,0,0,0.908,291.11,20.0,28.0,0,2.33,2.82,0.72,1.21
西瓜,9,2,0,0,0.981,241.84,6.9,27.5,0,19.62,9.89,15.12,19.62
西红柿,9,2,0,0,0.965,271.29,6.3,24.8,0,11.16,7.86,2.34,2.2
香蕉,9,2,0,0,0.919,281.86,8.0,27.8,0,3.83,2.32,1.41,3.41
黄瓜,9,2,0,0,0.971,268.81,7.0,25.5,1,15.98,8.24,7.1,6.39
土豆,10,2,0,0,0.995,251.37,3.4,26.0,0,9.66,3.62,2.86,17.0
芒果,10,2,0,0,0.84,289.88,19.5,23.8,0,1.32,1.97,1.15,3.77
苹果,10,2,0,0,0.975,273.45,12.0,29.2,0,5.21,1.77,3.07,6.03
草莓,10,2,0,0,0.744,294.63,28.0,27.8,0,0.87,0.18,0.18,0.97
葡萄,10,2,0,0,0.865,289.9,20.0,29.1,0,1.97,0.53,0.47,0.82
西瓜,10,2,0,0,0.972,222.22,5.1,29.3,0,12.43,16.41,15.3,9.81
西红柿,10,2,0,0,0.947,269.09,9.0,29.7,1,10.54,3.81,5.23,5.13
香蕉,10,2,0,0,0.894,278.45,8.0,25.3,0,5.31,2.23,1.21,3.43
黄瓜,10,2,0,0,0.959,262.42,4.9,28.3,0,7.3,1.79,6.63,14.71
土豆,11,2,0,0,0.994,234.37,4.0,30.0,1,14.08,14.39,19.22,13.81
芒果,11,2,0,0,0.773,286.11,10.5,31.3,0,0.66,3.78,2.43,2.5
苹果,11,2,0,0,0.967,267.42,12.0,29.7,0,2.64,1.56,5.1,5.1
草莓,11,2,0,0,0.663,293.66,34.0,28.5,0,0.5,0.53,0.89,0.97
葡萄,11,2,0,0,0.827,289.08,26.0,27.2,0,1.21,1.95,4.27,2.22
西瓜,11,2,0,0,0.964,212.41,6.0,29.9,1,19.62,42.39,42.38,49.02
西红柿,11,2,0,0,0.929,263.96,9.0,31.4,0,2.2,2.72,2.31,12.39
香蕉,11,2,0,0,0.859,275.02,9.2,30.7,0,3.41,5.91,5.33,6.47
黄瓜,11,2,0,0,0.947,247.71,4.9,28.2,0,6.39,2.87,2.62,7.53
土豆,12,2,0,0,0.992,220.56,4.0,34.3,1,17.0,16.01,42.3,13.38
芒果,12,2,0,0,0.712,283.61,15.0,29.5,0,3.77,1.23,2.53,0.92
苹果,12,2,0,0,0.96,262.32,12.0,27.2,0,6.03,2.6,7.86,4.37
草莓,12,2,0,0,0.573,292.69,24.0,30.1,0,0.97,1.06,0.65,0.18
葡萄,12,2,0,0,0.777,286.86,20.0,32.1,0,0.82,0.64,3.08,0.65
西瓜,12,2,0,0,0.954,163.39,6.0,32.3,0,9.81,42.5,16.07,12.94
西红柿,12,2,0,0,0.912,251.57,6.3,29.2,0,5.13,2.79,3.64,5.47
香蕉,12,2,0,0,0.823,268.55,6.8,30.9,0,3.43,7.89,1.9,1.78
黄瓜,12,2,0,0,0.934,240.18,8.05,29.3,0,14.71,6.07,10.24,5.14
土豆,13,2,0,0,0.99,207.18,4.0,34.9,0,13.81,16.62,16.37,12.54
芒果,13,2,0,0,0.648,282.69,17.25,30.3,0,2.5,1.24,2.31,1.25
苹果,13,2,0,0,0.952,257.95,12.0,31.7,0,5.1,2.02,2.68,4.03
草莓,13,2,0,0,0.482,292.51,24.0,30.2,1,0.97,0.63,0.93,0.18
葡萄,13,2,0,0,0.724,286.21,17.0,33.2,1,2.22,1.79,0.38,0.53
西瓜,13,2,0,0,0.945,150.45,4.2,31.7,1,49.02,20.27,6.7,4.27
西红柿,13,2,0,0,0.894,246.1,9.0,30.4,0,12.39,8.02,3.16,2.41
香蕉,13,2,0,0,0.786,266.77,6.8,31.9,1,6.47,2.43,3.94,3.27
黄瓜,13,2,0,0,0.921,235.04,7.0,29.2,0,7.53,9.58,2.25,6.04
土豆,14,2,0,0,0.989,194.64,3.4,32.1,0,13.38,11.46,9.68,2.67
芒果,14,2,0,0,0.565,281.44,9.0,35.6,0,0.92,1.03,1.24,1.3
苹果,14,2,0,0,0.942,253.92,8.4,33.5,0,4.37,5.47,1.11,1.43
草莓,14,2,0,0,0.389,292.33,24.0,30.5,1,0.18,0.24,0.2,0.23
葡萄,14,2,0,0,0.67,285.68,23.0,33.4,0,0.65,0.44,0.8,0.38
西瓜,14,2,0,0,0.936,146.18,6.0,28.5,1,12.94,28.84,11.77,5.05
西红柿,14,2,0,0,0.879,243.69,10.35,27.2,0,5.47,3.3,3.5,1.05
香蕉,14,2,0,0,0.749,263.5,6.8,31.6,0,1.78,2.28,2.11,0.9
黄瓜,14,2,0,0,0.908,229.0,4.9,30.1,1,5.14,2.16,1.81,3.62
土豆,15,2,0,0,0.987,191.97,5.2,29.0,0,12.54,15.36,17.43,51.08
芒果,15,2,0,0,0.495,280.14,9.0,32.0,0,1.25,1.03,1.2,2.19
苹果,15,2,0,0,0.933,252.49,13.8,34.7,0,4.03,1.04,1.9,2.38
草莓,15,2,0,0,0.296,292.1,24.0,30.4,0,0.18,0.18,0.18,0.22
葡萄,15,2,0,0,0.62,285.3,20.0,32.1,1,0.53,0.68,1.23,2.12
西瓜,15,2,0,0,0.928,141.13,6.0,29.7,1,4.27,6.93,12.32,25.05
西红柿,15,2,0,0,0.861,242.64,11.7,30.1,1,2.41,1.24,5.09,18.32
香蕉,15,2,0,0,0.71,262.6,9.2,32.8,1,3.27,0.9,2.89,9.25
黄瓜,15,2,0,0,0.894,225.38,7.0,30.5,0,6.04,2.98,3.23,9.4
土豆,16,2,0,0,0.986,140.89,2.8,34.2,0,2.67,51.36,27.4,36.39
芒果,16,2,0,0,0.426,277.95,9.0,31.8,0,1.3,2.26,2.15,2.06
苹果,16,2,0,0,0.925,250.11,12.0,31.5,1,1.43,11.22,15.75,10.11
草莓,16,2,0,0,0.203,291.88,24.0,30.5,0,0.23,0.23,0.52,0.18
葡萄,16,2,0,0,0.571,283.18,12.0,31.5,0,0.38,2.72,2.62,3.52
西瓜,16,2,0,0,0.918,116.08,6.9,31.5,0,5.05,13.74,37.0,48.89
西红柿,16,2,0,0,0.843,224.32,6.3,31.0,0,1.05,10.54,8.01,4.41
香蕉,16,2,0,0,0.677,253.35,5.6,29.7,0,0.9,10.12,2.77,2.52
黄瓜,16,2,0,0,0.882,215.98,7.0,28.7,0,3.62,13.23,4.27,14.74
土豆,17,2,0,0,0.984,104.5,4.0,32.5,0,51.08,62.36,70.9,38.05
芒果,17,2,0,0,0.372,275.89,9.0,27.5,0,2.19,2.44,2.34,1.99
苹果,17,2,0,0,0.917,240.0,12.0,29.5,0,2.38,16.7,18.92,10.13
草莓,17,2,0,0,0.113,291.7,24.0,30.1,0,0.22,0.18,0.46,0.18
葡萄,17,2,0,0,0.534,279.66,12.0,26.8,0,2.12,3.69,4.71,3.45
西瓜,17,2,0,0,0.912,67.19,4.2,23.4,0,25.05,65.33,4.51,58.96
西红柿,17,2,0,0,0.825,219.91,11.7,30.5,0,18.32,9.44,19.87,21.45
香蕉,17,2,0,0,0.644,250.83,10.4,29.3,0,9.25,5.59,11.21,4.45
黄瓜,17,2,0,0,0.868,201.24,7.0,31.1,1,9.4,17.84,9.57,21.6
土豆,18,2,0,0,0.983,66.45,4.0,26.4,0,36.39,37.18,16.14,29.05
芒果,18,2,0,0,0.322,273.9,9.0,26.7,0,2.06,0.7,0.87,1.54
苹果,18,2,0,0,0.909,229.87,12.0,28.0,0,10.11,2.97,7.16,1.69
草莓,18,2,0,0,0.1,291.52,24.0,27.6,1,0.18,0.18,0.18,0.18
葡萄,18,2,0,0,0.505,276.21,12.0,23.8,0,3.52,3.23,1.29,2.59
西瓜,18,2,0,0,0.904,8.23,6.0,29.0,0,48.89,5.04,33.49,8.23
西红柿,18,2,0,0,0.808,198.46,6.3,29.7,0,4.41,9.07,11.12,13.73
香蕉,18,2,0,0,0.612,246.38,9.2,29.2,0,2.52,13.43,4.47,13.42
黄瓜,18,2,0,0,0.855,179.64,5.95,30.2,0,14.74,7.01,9.48,14.91
土豆,19,2,0,0,0.981,37.4,3.4,23.5,1,38.05,0.0,0.0,37.4
芒果,19,2,0,0,0.282,272.36,9.0,24.2,0,1.99,1.21,2.01,0.65
苹果,19,2,0,0,0.902,228.18,15.6,26.2,1,10.13,10.02,6.04,17.48
草莓,19,2,0,0,0.1,291.34,24.0,25.8,1,0.18,0.26,0.18,0.18
葡萄,19,2,0,0,0.47,273.62,12.0,25.7,0,3.45,1.3,2.06,1.9
西瓜,19,2,0,0,0.896,0.0,7.8,28.6,0,58.96,0.0,41.71,0.0
西红柿,19,2,0,0,0.794,184.73,7.65,25.4,0,21.45,8.8,7.49,16.56
香蕉,19,2,0,0,0.582,232.96,4.8,28.4,0,4.45,10.46,1.3,6.48
黄瓜,19,2,0,0,0.842,164.73,7.0,29.0,0,21.6,13.87,11.15,24.16
土豆,20,2,0,0,0.98,0.0,2.4,22.6,0,29.05,0.0,0.0,0.0
芒果,20,2,0,0,0.24,271.71,9.0,24.4,0,1.54,0.64,1.48,0.53
苹果,20,2,0,0,0.896,210.7,7.2,23.6,0,1.69,13.11,11.21,4.16
草莓,20,2,0,0,0.1,291.16,24.0,25.3,0,0.18,0.18,0.18,0.18
葡萄,20,2,0,0,0.434,271.72,12.0,26.6,0,2.59,2.02,1.77,0.52
西瓜,20,2,0,0,0.889,0.0,3.6,23.7,0,8.23,0.0,17.36,0.0
西红柿,20,2,0,0,0.781,168.17,5.4,23.8,0,13.73,13.35,14.97,5.11
香蕉,20,2,0,0,0.553,226.48,4.8,27.3,0,13.42,6.9,7.06,2.2
黄瓜,20,2,0,0,0.833,140.57,4.2,23.0,0,14.91,19.66,23.37,5.61
土豆,21,2,0,0,0.979,0.0,2.4,23.0,1,37.4,0.0,0.0,0.0
芒果,21,2,0,0,0.217,271.18,9.0,19.6,0,0.65,0.53,0.53,0.0
苹果,21,2,0,0,0.89,206.54,7.2,23.6,0,17.48,3.63,5.3,0.0
草莓,21,2,0,0,0.1,290.98,24.0,22.5,1,0.18,0.18,0.18,0.0
葡萄,21,2,0,0,0.416,271.2,12.0,19.1,0,1.9,0.4,0.61,0.0
西瓜,21,2,0,0,0.884,0.0,3.6,20.8,0,0.0,0.0,0.0,0.0
西红柿,21,2,0,0,0.769,163.06,5.4,22.0,1,16.56,5.24,5.98,0.25
香蕉,21,2,0,0,0.536,224.28,4.8,20.9,0,6.48,2.68,2.43,0.0
黄瓜,21,2,0,0,0.824,134.96,4.2,21.6,0,24.16,7.55,7.03,0.0
土豆,22,2,0,0,0.978,0.0,2.4,20.1,0,0.0,0.0,0.0,0.0
芒果,22,2,0,0,0.198,271.18,9.0,18.3,1,0.53,0.1,0.03,0.0
苹果,22,2,0,0,0.885,206.54,7.2,21.1,0,4.16,0.0,0.0,0.0
草莓,22,2,0,0,0.1,290.98,24.0,17.9,0,0.18,0.0,0.0,0.0
葡萄,22,2,0,0,0.391,271.2,12.0,22.0,0,0.52,0.0,0.13,0.0
西瓜,22,2,0,0,0.879,0.0,3.6,18.5,0,0.0,0.0,0.0,0.0
西红柿,22,2,0,0,0.76,162.81,5.4,19.6,0,5.11,0.0,0.24,0.15
香蕉,22,2,0,0,0.52,224.28,4.8,20.5,0,2.2,0.01,0.0,0.0
黄瓜,22,2,0,0,0.814,134.96,4.2,22.6,1,5.61,0.0,0.0,0.0
土豆,23,2,0,0,0.977,0.0,2.4,19.6,0,0.0,0.0,0.0,0.0
芒果,23,2,0,0,0.171,271.18,9.0,20.4,0,0.0,0.0,0.0,0.0
苹果,23,2,0,0,0.882,206.54,7.2,14.0,0,0.0,0.0,0.0,0.12
草莓,23,2,0,0,0.1,290.98,24.0,17.1,1,0.0,0.0,0.12,0.0
葡萄,23,2,0,0,0.375,271.2,12.0,18.3,0,0.0,0.03,0.0,0.0
西瓜,23,2,0,0,0.875,0.0,3.6,17.8,0,0.0,0.0,0.0,0.0
西红柿,23,2,0,0,0.749,162.66,5.4,21.2,0,0.25,0.0,0.0,0.0
香蕉,23,2,0,0,0.51,224.28,4.8,17.3,1,0.0,0.0,0.0,0.0
黄瓜,23,2,0,0,0.807,134.96,4.2,18.4,0,0.0,0.0,0.0,0.1
土豆,0,3,0,0,0.976,0.0,2.8,19.6,1,0.0,0.0,0.0,0.0
芒果,0,3,0,0,0.154,271.18,9.0,18.1,0,0.0,0.0,0.0,0.0
苹果,0,3,0,0,0.878,206.42,15.6,17.4,0,0.0,0.0,0.11,0.0
草莓,0,3,0,0,0.1,290.98,24.0,17.6,1,0.0,0.18,0.0,0.0
葡萄,0,3,0,0,0.362,271.2,12.0,17.5,0,0.0,0.0,0.0,0.0
西瓜,0,3,0,0,0.872,0.0,6.0,16.6,0,0.0,0.0,0.0,0.0
西红柿,0,3,0,0,0.742,162.66,11.7,15.4,0,0.15,0.02,0.0,0.0
香蕉,0,3,0,0,0.496,224.28,4.8,19.7,0,0.0,0.0,0.0,0.0
黄瓜,0,3,0,0,0.802,134.86,8.05,14.6,0,0.0,0.0,0.0,0.0
土豆,1,3,0,0,0.975,0.0,3.4,17.6,0,0.0,0.0,0.0,0.0
芒果,1,3,0,0,0.149,271.18,9.0,14.0,0,0.0,0.0,0.0,0.0
苹果,1,3,0,0,0.875,206.42,10.2,13.4,0,0.12,0.0,0.0,0.0
草莓,1,3,0,0,0.1,290.98,24.0,13.2,0,0.0,0.0,0.0,0.0
葡萄,1,3,0,0,0.358,271.2,12.0,12.4,1,0.0,0.0,0.0,0.0
西瓜,1,3,0,0,0.868,0.0,5.1,17.1,0,0.0,0.0,0.0,0.0
西红柿,1,3,0,0,0.735,162.66,9.0,16.3,0,0.0,0.0,0.0,0.07
香蕉,1,3,0,0,0.491,224.28,4.8,14.5,0,0.0,0.0,0.0,0.0
黄瓜,1,3,0,0,0.796,134.86,7.0,16.2,0,0.1,0.0,0.0,0.0
土豆,2,3,0,0,0.975,0.0,3.4,15.3,1,0.0,0.0,0.0,0.0
芒果,2,3,0,0,0.142,271.18,9.0,15.1,0,0.0,0.0,0.12,0.0
苹果,2,3,0,0,0.871,206.42,12.0,16.5,0,0.0,0.0,0.0,0.0
草莓,2,3,0,0,0.1,290.98,24.0,15.0,0,0.0,0.0,0.0,0.02
葡萄,2,3,0,0,0.347,271.2,12.0,16.3,0,0.0,0.0,0.0,0.0
西瓜,2,3,0,0,0.864,0.0,6.0,17.5,0,0.0,0.0,0.0,0.0
西红柿,2,3,0,0,0.728,162.59,9.0,15.9,0,0.0,0.0,0.0,0.0
香蕉,2,3,0,0,0.488,224.28,4.8,13.8,0,0.0,0.0,0.0,0.0
黄瓜,2,3,0,0,0.789,134.86,5.95,18.4,0,0.0,0.0,0.0,0.0
土豆,3,3,0,0,0.974,0.0,2.8,18.0,0,0.0,0.0,0.0,0.0
芒果,3,3,0,0,0.124,271.18,9.0,18.0,0,0.0,0.0,0.0,0.0
苹果,3,3,0,0,0.867,206.42,15.6,13.8,0,0.0,0.0,0.0,0.0
草莓,3,3,0,0,0.1,290.96,24.0,16.4,0,0.0,0.0,0.0,0.0
葡萄,3,3,0,0,0.342,271.2,12.0,13.9,0,0.0,0.0,0.0,0.0
西瓜,3,3,0,0,0.86,0.0,6.0,16.2,0,0.0,0.0,0.0,0.0
西红柿,3,3,0,0,0.719,162.59,9.0,18.4,0,0.07,0.0,0.15,0.0
香蕉,3,3,0,0,0.478,224.28,4.8,17.2,0,0.0,0.0,0.0,0.0
黄瓜,3,3,0,0,0.783,134.86,5.95,16.4,0,0.0,0.04,0.01,0.15
土豆,4,3,0,0,0.973,0.0,4.0,18.9,0,0.0,0.0,0.0,0.0
芒果,4,3,0,0,0.1,271.18,9.0,19.9,0,0.0,0.0,0.0,0.0
苹果,4,3,0,0,0.863,206.42,10.2,18.0,0,0.0,0.0,0.0,0.0
草莓,4,3,0,0,0.1,290.96,24.0,16.1,0,0.02,0.0,0.0,0.0
葡萄,4,3,0,0,0.324,271.2,12.0,19.1,0,0.0,0.0,0.0,0.0
西瓜,4,3,0,0,0.857,0.0,4.2,14.6,0,0.0,0.0,0.0,0.0
西红柿,4,3,0,0,0.712,162.59,9.0,16.4,0,0.0,0.0,0.0,0.1
香蕉,4,3,0,0,0.475,224.28,4.8,13.1,0,0.0,0.0,0.0,0.13
黄瓜,4,3,0,0,0.777,134.71,7.0,15.2,0,0.0,0.0,0.0,0.0
土豆,5,3,0,0,0.972,0.0,4.6,17.9,0,0.0,0.0,0.0,9.32
芒果,5,3,0,0,0.1,271.18,9.0,19.1,0,0.0,0.0,0.0,2.49
苹果,5,3,0,0,0.858,206.42,10.2,18.8,0,0.0,0.0,0.0,1.35
草莓,5,3,0,0,0.1,290.96,24.0,18.6,0,0.0,0.0,0.0,0.37
葡萄,5,3,0,0,0.303,271.2,12.0,20.7,0,0.0,0.0,0.0,1.45
西瓜,5,3,0,0,0.853,0.0,6.9,17.3,0,0.0,0.0,0.0,4.89
西红柿,5,3,0,0,0.704,162.49,9.0,16.9,0,0.0,0.0,0.0,5.51
香蕉,5,3,0,0,0.463,224.15,4.8,18.2,0,0.0,0.0,0.0,5.37
黄瓜,5,3,0,0,0.772,134.71,4.9,15.1,1,0.15,0.0,0.0,5.2
土豆,6,3,0,0,1.0,290.68,4.0,22.4,0,0.0,4.41,3.59,23.2
芒果,6,3,0,0,1.0,297.51,15.0,20.4,0,0.0,3.39,3.12,5.03
苹果,6,3,0,0,1.0,298.65,12.0,21.9,1,0.0,1.14,3.83,3.03
草莓,6,3,0,0,1.0,299.63,34.0,22.8,1,0.0,0.8,0.68,1.02
葡萄,6,3,0,0,1.0,298.55,20.0,21.0,0,0.0,2.02,1.56,4.75
西瓜,6,3,0,0,1.0,295.11,6.9,18.0,0,0.0,5.57,2.79,22.25
西红柿,6,3,0,0,1.0,294.49,9.0,18.9,0,0.1,3.05,5.84,7.08
香蕉,6,3,0,0,1.0,294.63,5.6,18.1,0,0.13,3.6,2.16,4.13
黄瓜,6,3,0,0,1.0,294.8,7.0,19.3,0,0.0,3.57,5.35,26.7
土豆,7,3,0,0,0.999,267.48,4.0,19.3,0,9.32,7.09,34.83,45.57
芒果,7,3,0,0,0.954,292.48,15.0,25.5,0,2.49,0.75,8.8,2.31
苹果,7,3,0,0,0.994,295.62,15.6,23.8,0,1.35,8.39,6.21,11.75
草莓,7,3,0,0,0.983,298.61,46.0,17.8,0,0.37,1.92,1.33,2.62
葡萄,7,3,0,0,0.973,293.8,17.0,22.8,0,1.45,2.57,2.78,0.42
西瓜,7,3,0,0,0.994,272.86,6.0,21.7,0,4.89,20.54,2.45,10.55
西红柿,7,3,0,0,0.988,287.41,10.35,22.4,0,5.51,3.96,6.41,17.83
香蕉,7,3,0,0,0.979,290.5,10.4,23.0,0,5.37,5.4,13.53,7.09
黄瓜,7,3,0,0,0.99,268.1,4.9,23.4,0,5.2,4.34,7.33,17.57
土豆,8,3,0,0,0.998,221.91,2.8,23.6,0,23.2,13.39,18.4,9.94
芒果,8,3,0,0,0.905,290.17,19.5,26.6,0,5.03,4.0,8.53,2.51
苹果,8,3,0,0,0.988,283.87,10.2,23.0,0,3.03,9.17,8.62,8.01
草莓,8,3,0,0,0.935,295.99,28.0,23.1,0,1.02,1.28,3.08,0.32
葡萄,8,3,0,0,0.947,293.38,26.0,22.4,1,4.75,2.33,2.2,1.43
西瓜,8,3,0,0,0.989,262.31,6.9,21.1,0,22.25,19.62,18.75,13.27
西红柿,8,3,0,0,0.973,269.58,6.3,27.4,0,7.08,11.16,10.23,7.34
香蕉,8,3,0,0,0.953,283.41,9.2,26.2,0,4.13,3.83,3.9,5.01
黄瓜,8,3,0,0,0.981,250.53,5.95,22.3,0,26.7,15.98,8.43,5.87
土豆,9,3,0,0,0.997,211.97,4.6,24.7,0,45.57,9.66,11.3,3.13
芒果,9,3,0,0,0.865,287.66,15.0,23.9,0,2.31,1.32,3.06,0.74
苹果,9,3,0,0,0.981,275.86,10.2,26.8,0,11.75,5.21,5.06,4.46
草莓,9,3,0,0,0.854,295.67,40.0,28.5,1,2.62,0.87,0.85,0.49
葡萄,9,3,0,0,0.918,291.95,23.0,23.4,0,0.42,1.97,0.38,0.55
西瓜,9,3,0,0,0.982,249.04,6.0,24.0,0,10.55,12.43,27.1,12.27
西红柿,9,3,0,0,0.958,262.24,9.0,25.8,0,17.83,10.54,5.07,3.73
香蕉,9,3,0,0,0.929,278.4,8.0,24.7,0,7.09,5.31,3.05,2.43
黄瓜,9,3,0,0,0.971,244.66,7.0,23.6,0,17.57,7.3,12.48,2.96
土豆,10,3,0,0,0.995,208.84,5.2,29.5,0,9.94,14.08,10.51,23.63
芒果,10,3,0,0,0.796,286.92,17.25,31.7,0,2.51,0.66,0.53,0.82
苹果,10,3,0,0,0.973,271.4,10.2,28.7,0,8.01,2.64,3.1,9.24
草莓,10,3,0,0,0.753,295.18,40.0,31.7,0,0.32,0.5,0.48,0.33
葡萄,10,3,0,0,0.878,291.4,26.0,28.3,0,1.43,1.21,0.52,1.28
西瓜,10,3,0,0,0.975,236.77,5.1,25.6,0,13.27,19.62,19.62,49.89
西红柿,10,3,0,0,0.939,258.51,9.0,32.4,0,7.34,2.2,1.99,2.45
香蕉,10,3,0,0,0.902,275.97,8.0,26.2,0,5.01,3.41,3.01,3.3
黄瓜,10,3,0,0,0.959,241.7,8.05,28.2,0,5.87,6.39,3.54,6.78
土豆,11,3,0,0,0.994,185.21,3.4,29.0,0,3.13,17.0,12.96,5.52
芒果,11,3,0,0,0.731,286.1,15.0,30.7,1,0.74,3.77,2.55,1.63
苹果,11,3,0,0,0.966,262.16,10.2,28.4,0,4.46,6.03,2.65,9.67
草莓,11,3,0,0,0.67,294.85,46.0,28.9,0,0.49,0.97,0.54,0.5
葡萄,11,3,0,0,0.831,290.12,23.0,30.6,0,0.55,0.82,2.03,0.42
西瓜,11,3,0,0,0.966,186.88,6.0,32.2,0,12.27,9.81,10.09,23.94
西红柿,11,3,0,0,0.921,256.06,11.7,30.2,0,3.73,5.13,13.24,8.44
香蕉,11,3,0,0,0.867,272.67,9.2,30.9,0,2.43,3.43,3.41,3.6
黄瓜,11,3,0,0,0.945,234.92,7.0,30.4,0,2.96,14.71,13.16,6.68
土豆,12,3,0,0,0.992,179.69,5.2,28.9,0,23.63,13.81,13.8,5.16
芒果,12,3,0,0,0.661,284.47,15.0,31.9,0,0.82,2.5,1.85,2.18
苹果,12,3,0,0,0.957,252.49,8.4,34.0,0,9.24,5.1,0.75,9.31
草莓,12,3,0,0,0.574,294.35,24.0,31.0,1,0.33,0.97,0.4,0.46
葡萄,12,3,0,0,0.78,289.7,26.0,32.5,1,1.28,2.22,0.96,0.95
西瓜,12,3,0,0,0.956,162.94,6.0,31.9,0,49.89,49.02,37.53,27.27
西红柿,12,3,0,0,0.903,247.62,7.65,30.6,1,2.45,12.39,7.48,5.05
香蕉,12,3,0,0,0.829,269.07,5.6,32.3,1,3.3,6.47,1.43,5.89
黄瓜,12,3,0,0,0.934,228.24,8.05,26.7,0,6.78,7.53,2.99,8.01
土豆,13,3,0,0,0.991,174.53,5.2,31.9,0,5.52,13.38,5.57,6.6
芒果,13,3,0,0,0.591,282.29,9.0,32.1,0,1.63,0.92,2.06,1.34
苹果,13,3,0,0,0.947,243.18,8.4,34.3,0,9.67,4.37,1.9,1.12
草莓,13,3,0,0,0.49,293.89,24.0,29.0,0,0.5,0.18,0.63,0.35
葡萄,13,3,0,0,0.726,288.75,23.0,33.4,0,0.42,0.65,1.29,0.99
西瓜,13,3,0,0,0.948,135.67,5.1,29.6,0,23.94,12.94,7.9,38.35
西红柿,13,3,0,0,0.884,242.57,9.0,32.0,0,8.44,5.47,8.83,2.22
香蕉,13,3,0,0,0.792,263.18,5.6,31.5,0,3.6,1.78,1.43,2.08
黄瓜,13,3,0,0,0.92,220.23,4.9,31.5,0,6.68,5.14,9.53,3.03
土豆,14,3,0,0,0.989,167.93,4.0,31.7,0,5.16,12.54,6.16,5.34
芒果,14,3,0,0,0.528,280.95,9.0,30.1,0,2.18,1.25,1.43,1.03
苹果,14,3,0,0,0.938,242.06,12.0,34.2,1,9.31,4.03,2.36,4.07
草莓,14,3,0,0,0.391,293.54,24.0,31.5,0,0.46,0.18,0.18,0.18
葡萄,14,3,0,0,0.67,287.76,14.0,34.7,0,0.95,0.53,0.68,0.63
西瓜,14,3,0,0,0.938,97.32,4.2,33.0,0,27.27,4.27,14.41,5.1
西红柿,14,3,0,0,0.865,240.35,10.35,32.0,0,5.05,2.41,2.86,3.15
香蕉,14,3,0,0,0.756,261.1,8.0,31.4,0,5.89,3.27,0.9,2.57
黄瓜,14,3,0,0,0.905,217.2,8.05,33.2,0,8.01,6.04,4.35,5.09
土豆,15,3,0,0,0.987,162.59,4.6,31.9,0,6.6,2.67,10.65,38.99
芒果,15,3,0,0,0.46,279.92,9.0,31.5,0,1.34,1.3,0.95,1.78
苹果,15,3,0,0,0.929,237.99,8.4,34.8,0,1.12,1.43,2.13,3.48
草莓,15,3,0,0,0.297,293.36,24.0,30.7,0,0.35,0.23,0.18,0.18
葡萄,15,3,0,0,0.604,287.13,20.0,38.3,0,0.99,0.38,0.7,2.41
西瓜,15,3,0,0,0.93,92.22,6.0,26.9,1,38.35,5.05,16.38,66.7
西红柿,15,3,0,0,0.844,237.2,9.0,34.6,0,2.22,1.05,1.13,8.37
香蕉,15,3,0,0,0.718,258.53,6.8,32.2,0,2.08,0.9,2.12,2.01
黄瓜,15,3,0,0,0.891,212.11,4.9,32.4,0,3.03,3.62,2.64,10.12
土豆,16,3,0,0,0.986,123.6,3.4,31.0,0,5.34,51.08,50.81,40.84
芒果,16,3,0,0,0.376,278.14,9.0,35.6,0,1.03,2.19,3.05,1.18
苹果,16,3,0,0,0.921,234.51,10.2,28.8,1,4.07,2.38,6.61,6.04
草莓,16,3,0,0,0.198,293.18,24.0,31.4,0,0.18,0.22,0.18,0.18
葡萄,16,3,0,0,0.552,284.72,12.0,32.8,0,0.63,2.12,1.81,3.85
西瓜,16,3,0,0,0.922,25.52,4.2,29.9,0,5.1,25.05,28.43,25.52
西红柿,16,3,0,0,0.827,228.83,9.0,29.9,0,3.15,18.32,10.99,14.26
香蕉,16,3,0,0,0.682,256.52,10.4,31.3,0,2.57,9.25,6.98,6.8
黄瓜,16,3,0,0,0.876,201.99,5.95,33.4,0,5.09,9.4,10.31,13.86
土豆,17,3,0,0,0.984,82.76,4.0,30.1,0,38.99,36.39,43.64,16.82
芒果,17,3,0,0,0.322,276.96,9.0,27.9,0,1.78,2.06,3.32,0.53
苹果,17,3,0,0,0.913,228.47,13.8,31.4,0,3.48,10.11,10.49,20.63
草莓,17,3,0,0,0.107,293.0,24.0,30.2,0,0.18,0.18,0.18,0.18
葡萄,17,3,0,0,0.509,280.87,12.0,29.4,0,2.41,3.52,4.05,2.47
西瓜,17,3,0,0,0.912,0.0,7.8,32.5,0,66.7,48.89,32.54,0.0
西红柿,17,3,0,0,0.81,214.57,7.65,29.6,0,8.37,4.41,8.0,11.43
香蕉,17,3,0,0,0.649,249.72,8.0,29.7,0,2.01,2.52,7.63,9.82
黄瓜,17,3,0,0,0.863,188.13,7.0,28.3,0,10.12,14.74,13.82,22.77
土豆,18,3,0,0,0.983,65.94,5.2,27.1,0,40.84,38.05,21.69,43.26
芒果,18,3,0,0,0.259,276.43,9.0,30.0,1,1.18,1.99,2.79,1.01
苹果,18,3,0,0,0.905,207.84,8.4,28.2,0,6.04,10.13,8.52,9.75
草莓,18,3,0,0,0.1,292.82,24.0,26.8,0,0.18,0.18,0.18,0.18
葡萄,18,3,0,0,0.468,278.4,12.0,28.2,0,3.85,3.45,3.98,1.44
西瓜,18,3,0,0,0.904,0.0,6.9,26.6,0,25.52,58.96,28.67,0.0
西红柿,18,3,0,0,0.795,203.14,7.65,26.7,0,14.26,21.45,12.66,14.46
香蕉,18,3,0,0,0.611,239.9,5.6,31.9,0,6.8,4.45,4.44,12.22
黄瓜,18,3,0,0,0.851,165.36,5.95,28.6,0,13.86,21.6,17.69,24.31
土豆,19,3,0,0,0.982,22.68,4.0,27.2,0,16.82,29.05,25.6,22.68
芒果,19,3,0,0,0.212,275.42,9.0,25.9,0,0.53,1.54,1.18,0.53
苹果,19,3,0,0,0.899,198.09,12.0,24.3,0,20.63,1.69,1.47,13.02
草莓,19,3,0,0,0.1,292.64,24.0,25.4,0,0.18,0.18,0.18,0.18
葡萄,19,3,0,0,0.43,276.96,12.0,27.3,0,2.47,2.59,2.6,1.81
西瓜,19,3,0,0,0.897,0.0,6.0,25.4,1,0.0,8.23,21.62,0.0
西红柿,19,3,0,0,0.78,188.68,9.0,26.5,0,11.43,13.73,9.59,20.93
香蕉,19,3,0,0,0.587,227.68,4.8,24.7,0,9.82,13.42,5.86,6.89
黄瓜,19,3,0,0,0.84,141.05,4.9,25.2,0,22.77,14.91,4.66,19.76
土豆,20,3,0,0,0.98,0.0,2.4,25.1,0,43.26,37.4,30.49,0.0
芒果,20,3,0,0,0.165,274.89,9.0,25.8,0,1.01,0.65,0.53,0.53
苹果,20,3,0,0,0.893,185.07,7.2,23.4,0,9.75,17.48,13.71,1.62
草莓,20,3,0,0,0.1,292.46,24.0,22.3,1,0.18,0.18,0.18,0.18
葡萄,20,3,0,0,0.408,275.15,12.0,20.6,0,1.44,1.9,2.17,0.51
西瓜,20,3,0,0,0.892,0.0,3.6,22.1,0,0.0,0.0,31.72,0.0
西红柿,20,3,0,0,0.769,167.75,5.4,21.8,0,14.46,16.56,14.12,4.63
香蕉,20,3,0,0,0.558,220.79,4.8,27.6,0,12.22,6.48,7.32,1.83
黄瓜,20,3,0,0,0.83,121.29,4.2,23.4,0,24.31,24.16,19.63,7.83
土豆,21,3,0,0,0.979,0.0,2.4,24.8,0,22.68,0.0,0.0,0.0
芒果,21,3,0,0,0.121,274.36,9.0,25.3,1,0.53,0.53,0.53,0.04
苹果,21,3,0,0,0.887,183.45,7.2,22.6,1,13.02,4.16,4.19,0.0
草莓,21,3,0,0,0.1,292.28,24.0,23.5,0,0.18,0.18,0.18,0.0
葡萄,21,3,0,0,0.377,274.64,12.0,24.7,0,1.81,0.52,0.61,0.0
西瓜,21,3,0,0,0.886,0.0,3.6,22.5,0,0.0,0.0,0.0,0.0
西红柿,21,3,0,0,0.758,163.12,5.4,20.8,0,20.93,5.11,3.89,0.0
香蕉,21,3,0,0,0.54,218.96,4.8,21.5,0,6.89,2.2,0.9,0.0
黄瓜,21,3,0,0,0.821,113.46,4.2,22.0,0,19.76,5.61,5.53,0.0
土豆,22,3,0,0,0.978,0.0,2.4,17.9,0,0.0,0.0,0.0,0.0
芒果,22,3,0,0,0.1,274.32,9.0,22.7,1,0.53,0.0,0.0,0.0
苹果,22,3,0,0,0.882,183.45,7.2,20.7,0,1.62,0.0,0.28,0.0
草莓,22,3,0,0,0.1,292.28,24.0,23.1,1,0.18,0.0,0.0,0.0
葡萄,22,3,0,0,0.354,274.64,12.0,21.0,0,0.51,0.0,0.0,0.0
西瓜,22,3,0,0,0.88,0.0,3.6,21.9,0,0.0,0.0,0.0,0.0
西红柿,22,3,0,0,0.748,163.12,5.4,20.2,0,4.63,0.25,0.0,0.0
香蕉,22,3,0,0,0.528,218.96,4.8,18.8,0,1.83,0.0,0.15,0.07
黄瓜,22,3,0,0,0.814,113.46,4.2,19.3,0,7.83,0.0,0.0,0.0
土豆,23,3,0,0,0.977,0.0,2.4,17.7,1,0.0,0.0,0.0,0.0
芒果,23,3,0,0,0.1,274.32,9.0,17.1,0,0.04,0.0,0.08,0.0
苹果,23,3,0,0,0.877,183.45,7.2,20.4,0,0.0,0.0,0.0,0.0
草莓,23,3,0,0,0.1,292.28,24.0,15.5,0,0.0,0.0,0.0,0.0
葡萄,23,3,0,0,0.34,274.64,12.0,17.4,0,0.0,0.0,0.0,0.0
西瓜,23,3,0,0,0.875,0.0,3.6,20.2,0,0.0,0.0,0.0,0.0
西红柿,23,3,0,0,0.738,163.12,5.4,19.9,0,0.0,0.15,0.0,0.0
香蕉,23,3,0,0,0.517,218.89,4.8,17.6,0,0.0,0.0,0.0,0.0
黄瓜,23,3,0,0,0.807,113.46,4.2,17.2,0,0.0,0.0,0.0,0.0
土豆,0,4,0,0,0.977,0.0,4.0,17.3,0,0.0,0.0,0.0,0.0
芒果,0,4,0,0,0.1,274.32,9.0,16.5,1,0.0,0.0,0.0,0.0
苹果,0,4,0,0,0.874,183.45,8.4,13.4,0,0.0,0.12,0.0,0.0
草莓,0,4,0,0,0.1,292.28,24.0,17.2,0,0.0,0.0,0.0,0.0
葡萄,0,4,0,0,0.325,274.64,12.0,18.1,1,0.0,0.0,0.0,0.0
西瓜,0,4,0,0,0.87,0.0,6.0,18.3,1,0.0,0.0,0.0,0.0
西红柿,0,4,0,0,0.732,163.12,9.0,14.0,0,0.0,0.0,0.0,0.0
香蕉,0,4,0,0,0.504,218.89,4.8,18.8,0,0.07,0.0,0.0,0.0
黄瓜,0,4,0,0,0.8,113.46,5.95,18.4,1,0.0,0.1,0.0,0.14
土豆,1,4,0,0,0.976,0.0,4.0,21.2,0,0.0,0.0,0.0,0.0
芒果,1,4,0,0,0.1,274.32,9.0,17.6,0,0.0,0.0,0.0,0.0
苹果,1,4,0,0,0.87,183.45,12.0,16.2,0,0.0,0.0,0.0,0.0
草莓,1,4,0,0,0.1,292.28,24.0,16.4,0,0.0,0.0,0.28,0.0
葡萄,1,4,0,0,0.318,274.64,12.0,15.1,1,0.0,0.0,0.0,0.0
西瓜,1,4,0,0,0.868,0.0,6.0,14.1,0,0.0,0.0,0.0,0.0
西红柿,1,4,0,0,0.725,163.12,6.3,16.8,0,0.0,0.0,0.0,0.01
香蕉,1,4,0,0,0.494,218.89,4.8,17.7,0,0.0,0.0,0.0,0.0
黄瓜,1,4,0,0,0.794,113.32,7.0,17.1,0,0.0,0.0,0.0,0.0
土豆,2,4,0,0,0.975,0.0,4.0,17.9,0,0.0,0.0,0.0,0.0
芒果,2,4,0,0,0.1,274.32,9.0,16.7,0,0.0,0.0,0.0,0.0
苹果,2,4,0,0,0.866,183.45,12.0,17.4,0,0.0,0.0,0.0,0.0
草莓,2,4,0,0,0.1,292.28,24.0,13.7,1,0.0,0.0,0.0,0.0
葡萄,2,4,0,0,0.311,274.64,12.0,14.5,0,0.0,0.0,0.1,0.0
西瓜,2,4,0,0,0.864,0.0,4.2,15.7,1,0.0,0.0,0.0,0.0
西红柿,2,4,0,0,0.715,163.11,7.65,19.1,0,0.0,0.07,0.0,0.0
香蕉,2,4,0,0,0.485,218.89,4.8,16.4,0,0.0,0.0,0.0,0.0
黄瓜,2,4,0,0,0.787,113.32,8.05,16.4,0,0.14,0.0,0.0,0.0
土豆,3,4,0,0,0.974,0.0,4.6,20.5,0,0.0,0.0,0.0,0.0
芒果,3,4,0,0,0.1,274.32,9.0,17.6,0,0.0,0.0,0.0,0.0
苹果,3,4,0,0,0.862,183.45,8.4,16.6,0,0.0,0.0,0.0,0.0
草莓,3,4,0,0,0.1,292.28,24.0,15.8,0,0.0,0.02,0.0,0.0
葡萄,3,4,0,0,0.302,274.64,12.0,15.6,0,0.0,0.0,0.0,0.0
西瓜,3,4,0,0,0.86,0.0,6.0,17.3,0,0.0,0.0,0.0,0.0
西红柿,3,4,0,0,0.707,163.11,9.0,18.2,0,0.01,0.0,0.0,0.0
香蕉,3,4,0,0,0.479,218.89,4.8,15.3,1,0.0,0.0,0.0,0.0
黄瓜,3,4,0,0,0.782,113.32,7.0,14.6,1,0.0,0.0,0.03,0.0
土豆,4,4,0,0,0.973,0.0,4.0,20.0,1,0.0,0.0,0.0,0.0
芒果,4,4,0,0,0.1,274.32,9.0,14.4,0,0.0,0.0,0.0,0.0
苹果,4,4,0,0,0.858,183.45,12.0,16.9,0,0.0,0.0,0.0,0.0
草莓,4,4,0,0,0.1,292.28,24.0,19.6,1,0.0,0.0,0.0,0.0
葡萄,4,4,0,0,0.282,274.64,12.0,20.3,0,0.0,0.0,0.0,0.0
西瓜,4,4,0,0,0.856,0.0,6.0,18.4,1,0.0,0.0,0.0,0.0
西红柿,4,4,0,0,0.696,163.11,7.65,20.6,0,0.0,0.0,0.0,0.0
香蕉,4,4,0,0,0.468,218.89,4.8,18.1,0,0.0,0.0,0.0,0.0
黄瓜,4,4,0,0,0.774,113.32,7.0,19.8,0,0.0,0.15,0.0,0.0
土豆,5,4,0,0,0.972,0.0,4.0,20.8,0,0.0,0.0,0.0,10.89
芒果,5,4,0,0,0.1,274.32,9.0,16.7,0,0.0,0.0,0.0,3.62
苹果,5,4,0,0,0.853,183.45,12.0,17.5,0,0.0,0.0,0.0,5.46
草莓,5,4,0,0,0.1,292.28,24.0,17.3,0,0.0,0.0,0.0,0.18
葡萄,5,4,0,0,0.263,274.64,12.0,19.4,0,0.0,0.0,0.0,1.82
西瓜,5,4,0,0,0.851,0.0,6.0,19.1,0,0.0,0.0,0.0,3.49
西红柿,5,4,0,0,0.686,163.11,9.0,19.9,0,0.0,0.1,0.0,6.91
香蕉,5,4,0,0,0.451,218.89,4.8,21.2,0,0.0,0.13,0.0,5.59
黄瓜,5,4,0,0,0.768,113.32,4.9,17.3,0,0.0,0.0,0.0,6.07
土豆,6,4,0,0,1.0,289.11,4.0,24.6,0,0.0,9.32,10.27,21.96
芒果,6,4,0,0,1.0,296.38,10.5,19.8,0,0.0,2.49,0.93,8.53
苹果,6,4,0,0,1.0,294.54,8.4,21.4,0,0.0,1.35,0.86,7.42
草莓,6,4,0,0,1.0,299.82,52.0,22.1,1,0.0,0.37,0.74,0.66
葡萄,6,4,0,0,1.0,298.18,20.0,23.6,0,0.0,1.45,1.65,2.19
西瓜,6,4,0,0,1.0,296.51,6.0,21.1,1,0.0,4.89,6.01,4.88
西红柿,6,4,0,0,1.0,293.09,6.3,19.7,0,0.0,5.51,3.04,7.94
香蕉,6,4,0,0,1.0,294.41,6.8,19.3,0,0.0,5.37,4.14,7.18
黄瓜,6,4,0,0,1.0,293.93,5.95,20.1,0,0.0,5.2,3.01,9.69
土豆,7,4,0,0,0.999,267.15,4.0,22.5,0,10.89,23.2,10.7,20.57
芒果,7,4,0,0,0.964,287.85,10.5,23.0,0,3.62,5.03,1.99,7.1
苹果,7,4,0,0,0.993,287.12,12.0,25.3,0,5.46,3.03,5.64,3.45
草莓,7,4,0,0,0.952,299.16,40.0,23.0,1,0.18,1.02,2.61,0.95
葡萄,7,4,0,0,0.974,295.99,23.0,22.5,0,1.82,4.75,3.1,4.13
西瓜,7,4,0,0,0.993,291.63,7.8,24.5,0,3.49,22.25,32.66,13.59
西红柿,7,4,0,0,0.987,285.15,9.0,23.4,0,6.91,7.08,9.99,15.35
香蕉,7,4,0,0,0.978,287.23,8.0,23.9,0,5.59,4.13,9.35,9.84
黄瓜,7,4,0,0,0.991,284.24,8.05,21.5,0,6.07,26.7,8.47,4.97
土豆,8,4,0,0,0.998,246.58,4.0,26.0,0,21.96,45.57,17.92,28.27
芒果,8,4,0,0,0.92,280.75,12.75,24.9,0,8.53,2.31,6.52,2.69
苹果,8,4,0,0,0.986,283.67,15.6,29.3,0,7.42,11.75,8.27,5.68
草莓,8,4,0,0,0.921,298.21,46.0,20.1,0,0.66,2.62,0.18,1.0
葡萄,8,4,0,0,0.94,291.86,17.0,25.3,0,2.19,0.42,2.02,3.24
西瓜,8,4,0,0,0.986,278.04,6.9,25.1,0,4.88,10.55,15.8,11.42
西红柿,8,4,0,0,0.972,269.8,6.3,26.7,0,7.94,17.83,11.82,5.23
香蕉,8,4,0,0,0.956,277.39,5.6,23.5,0,7.18,7.09,17.4,2.3
黄瓜,8,4,0,0,0.98,279.27,9.1,25.3,0,9.69,17.57,10.52,11.91
土豆,9,4,0,0,0.996,218.31,2.8,30.8,0,20.57,9.94,14.37,6.34
芒果,9,4,0,0,0.871,278.06,15.0,26.6,0,7.1,2.51,1.8,1.37
苹果,9,4,0,0,0.98,277.99,12.0,21.5,0,3.45,8.01,4.61,4.46
草莓,9,4,0,0,0.86,297.21,40.0,25.3,0,0.95,0.32,0.7,0.57
葡萄,9,4,0,0,0.907,288.62,14.0,25.5,0,4.13,1.43,3.87,1.24
西瓜,9,4,0,0,0.979,266.62,7.8,26.3,0,13.59,13.27,19.76,11.75
西红柿,9,4,0,0,0.958,264.57,9.0,25.7,1,15.35,7.34,14.97,2.23
香蕉,9,4,0,0,0.934,275.09,8.0,23.8,1,9.84,5.01,0.9,0.94
黄瓜,9,4,0,0,0.968,267.36,4.9,28.5,1,4.97,5.87,6.98,1.35
土豆,10,4,0,0,0.994,211.97,4.6,31.7,0,28.27,3.13,4.75,14.06
芒果,10,4,0,0,0.813,276.69,15.0,28.7,0,2.69,0.74,0.66,0.99
苹果,10,4,0,0,0.973,273.53,10.2,28.5,0,5.68,4.46,3.77,6.47
草莓,10,4,0,0,0.783,296.64,40.0,27.8,0,1.0,0.49,0.18,1.09
葡萄,10,4,0,0,0.872,287.38,20.0,25.8,0,3.24,0.55,0.38,3.64
西瓜,10,4,0,0,0.971,254.87,6.0,27.6,0,11.42,12.27,10.53,42.08
西红柿,10,4,0,0,0.941,262.34,10.35,29.6,0,5.23,3.73,4.43,7.04
香蕉,10,4,0,0,0.897,274.15,10.4,31.7,0,2.3,2.43,2.32,5.63
黄瓜,10,4,0,0,0.954,266.01,9.1,31.2,0,11.91,2.96,2.1,9.25
土豆,11,4,0,0,0.993,197.91,4.6,30.9,0,6.34,23.63,22.71,5.93
芒果,11,4,0,0,0.754,275.7,19.5,29.2,0,1.37,0.82,1.93,0.9
苹果,11,4,0,0,0.966,267.06,12.0,26.4,0,4.46,9.24,5.6,1.96
草莓,11,4,0,0,0.677,295.55,28.0,32.6,0,0.57,0.33,0.28,0.85
葡萄,11,4,0,0,0.834,283.74,14.0,27.2,0,1.24,1.28,2.62,1.81
西瓜,11,4,0,0,0.964,212.79,4.2,27.0,0,11.75,49.89,29.81,54.32
西红柿,11,4,0,0,0.924,255.3,9.0,29.1,0,2.23,2.45,7.65,8.58
香蕉,11,4,0,0,0.866,268.52,8.0,28.8,0,0.94,3.3,5.69,4.57
黄瓜,11,4,0,0,0.941,256.76,7.0,30.7,0,1.35,6.78,8.09,13.42
土豆,12,4,0,0,0.991,191.98,5.2,33.1,0,14.06,5.52,14.55,13.94
芒果,12,4,0,0,0.688,274.8,15.0,30.9,1,0.99,1.63,0.53,1.09
苹果,12,4,0,0,0.957,265.1,15.6,33.8,0,6.47,9.67,2.41,2.2
草莓,12,4,0,0,0.588,294.7,24.0,29.9,0,1.09,0.5,0.76,0.52
葡萄,12,4,0,0,0.785,281.93,20.0,31.6,0,3.64,0.42,2.26,1.8
西瓜,12,4,0,0,0.954,158.47,5.1,33.4,0,42.08,23.94,91.21,8.65
西红柿,12,4,0,0,0.905,246.72,9.0,32.5,0,7.04,8.44,12.49,4.72
香蕉,12,4,0,0,0.835,263.95,8.0,28.5,0,5.63,3.6,8.98,2.87
黄瓜,12,4,0,0,0.928,243.34,4.9,28.1,0,9.25,6.68,7.25,12.23
土豆,13,4,0,0,0.99,178.04,4.0,30.9,0,5.93,5.16,12.25,12.03
芒果,13,4,0,0,0.619,273.71,15.0,31.5,0,0.9,2.18,1.2,1.27
苹果,13,4,0,0,0.948,262.9,13.8,31.3,0,1.96,9.31,1.38,0.84
草莓,13,4,0,0,0.478,294.18,24.0,33.3,0,0.85,0.46,0.62,0.25
葡萄,13,4,0,0,0.742,280.13,14.0,29.2,0,1.81,0.95,1.14,0.38
西瓜,13,4,0,0,0.945,149.82,5.1,29.6,1,54.32,27.27,3.95,9.61
西红柿,13,4,0,0,0.887,242.0,9.0,30.7,0,8.58,5.05,4.97,2.06
香蕉,13,4,0,0,0.797,261.08,9.2,32.3,0,4.57,5.89,1.11,0.9
黄瓜,13,4,0,0,0.914,231.11,4.9,33.2,0,13.42,8.01,3.97,6.26
土豆,14,4,0,0,0.988,166.01,3.4,31.0,0,13.94,6.6,13.59,6.79
芒果,14,4,0,0,0.554,272.44,9.0,30.7,0,1.09,1.34,0.71,1.02
苹果,14,4,0,0,0.939,262.06,13.8,34.5,1,2.2,1.12,3.25,1.32
草莓,14,4,0,0,0.368,293.93,24.0,33.4,0,0.52,0.35,0.18,0.18
葡萄,14,4,0,0,0.684,279.75,23.0,35.4,0,1.8,0.99,0.38,0.98
西瓜,14,4,0,0,0.935,140.21,6.9,32.0,0,8.65,38.35,11.67,2.41
西红柿,14,4,0,0,0.864,239.94,9.0,36.6,0,4.72,2.22,3.75,1.42
香蕉,14,4,0,0,0.763,260.18,10.4,30.1,0,2.87,2.08,3.98,2.23
黄瓜,14,4,0,0,0.9,224.85,5.95,30.8,0,12.23,3.03,2.7,2.7
土豆,15,4,0,0,0.986,159.22,4.0,35.0,0,12.03,5.34,6.6,28.48
芒果,15,4,0,0,0.473,271.42,9.0,35.0,0,1.27,1.03,1.45,1.57
苹果,15,4,0,0,0.93,260.74,15.6,32.1,0,0.84,4.07,1.96,4.45
草莓,15,4,0,0,0.263,293.75,24.0,32.4,0,0.25,0.18,0.23,0.18
葡萄,15,4,0,0,0.637,278.77,17.0,30.5,0,0.38,0.63,1.11,2.55
西瓜,15,4,0,0,0.927,137.8,7.8,29.3,1,9.61,5.1,10.86,15.99
西红柿,15,4,0,0,0.843,238.52,10.35,34.4,1,2.06,3.15,4.47,3.25
香蕉,15,4,0,0,0.729,257.95,8.0,29.9,0,0.9,2.57,1.87,4.03
黄瓜,15,4,0,0,0.887,222.15,7.0,30.4,1,6.26,5.09,1.79,10.89
土豆,16,4,0,0,0.985,130.74,4.0,29.7,0,6.79,38.99,22.23,62.12
芒果,16,4,0,0,0.388,269.85,9.0,36.0,0,1.02,1.78,2.56,1.83
苹果,16,4,0,0,0.921,256.29,13.8,33.0,0,1.32,3.48,5.35,6.06
草莓,16,4,0,0,0.147,293.57,24.0,34.3,0,0.18,0.18,0.18,0.18
葡萄,16,4,0,0,0.594,276.22,12.0,29.5,0,0.98,2.41,1.67,3.95
西瓜,16,4,0,0,0.918,121.81,7.8,31.0,0,2.41,66.7,43.23,44.15
西红柿,16,4,0,0,0.824,235.27,11.7,33.3,1,1.42,8.37,12.34,6.24
香蕉,16,4,0,0,0.698,253.92,9.2,28.6,0,2.23,2.01,1.42,2.8
黄瓜,16,4,0,0,0.874,211.26,7.0,29.7,0,2.7,10.12,14.3,11.47
土豆,17,4,0,0,0.983,68.62,3.4,32.8,0,28.48,40.84,37.14,24.86
芒果,17,4,0,0,0.318,268.02,9.0,32.1,0,1.57,1.18,2.09,1.17
苹果,17,4,0,0,0.914,250.23,13.8,28.8,0,4.45,6.04,11.67,11.8
草莓,17,4,0,0,0.1,293.39,24.0,31.2,0,0.18,0.18,0.18,0.18
葡萄,17,4,0,0,0.539,272.27,12.0,34.0,0,2.55,3.85,3.51,3.35
西瓜,17,4,0,0,0.909,77.66,6.0,30.3,0,15.99,25.52,19.97,57.52
西红柿,17,4,0,0,0.806,229.03,10.35,29.4,0,3.25,14.26,8.04,13.71
香蕉,17,4,0,0,0.662,251.12,10.4,31.1,0,4.03,6.8,8.64,5.66
黄瓜,17,4,0,0,0.861,199.79,7.0,27.8,1,10.89,13.86,6.9,5.07
土豆,18,4,0,0,0.982,43.76,4.0,28.9,0,62.12,16.82,16.73,32.05
芒果,18,4,0,0,0.263,266.85,9.0,28.0,0,1.83,0.53,1.84,0.69
苹果,18,4,0,0,0.907,238.43,10.2,26.8,0,6.06,20.63,1.64,5.76
草莓,18,4,0,0,0.1,293.21,24.0,30.1,1,0.18,0.18,0.18,0.18
葡萄,18,4,0,0,0.497,268.92,12.0,28.6,0,3.95,2.47,2.59,2.48
西瓜,18,4,0,0,0.901,20.14,6.0,28.8,0,44.15,0.0,4.54,20.14
西红柿,18,4,0,0,0.789,215.32,7.65,29.8,0,6.24,11.43,13.23,4.44
香蕉,18,4,0,0,0.631,245.46,8.0,28.8,0,2.8,9.82,5.8,5.97
黄瓜,18,4,0,0,0.849,194.72,9.1,29.3,0,11.47,22.77,14.32,16.69
土豆,19,4,0,0,0.98,11.71,4.0,28.1,0,24.86,43.26,51.06,11.71
芒果,19,4,0,0,0.212,266.16,9.0,26.8,0,1.17,1.01,1.28,0.53
苹果,19,4,0,0,0.899,232.67,8.4,27.9,1,11.8,9.75,17.63,13.44
草莓,19,4,0,0,0.1,293.03,24.0,24.9,0,0.18,0.18,0.18,0.18
葡萄,19,4,0,0,0.458,266.44,12.0,27.7,0,3.35,1.44,2.62,1.81
西瓜,19,4,0,0,0.894,0.0,5.1,25.2,0,57.52,0.0,0.0,0.0
西红柿,19,4,0,0,0.775,210.88,11.7,25.5,0,13.71,14.46,14.71,12.82
香蕉,19,4,0,0,0.604,239.49,8.0,26.3,0,5.66,12.22,6.26,5.85
黄瓜,19,4,0,0,0.837,178.03,5.95,27.4,0,5.07,24.31,16.06,20.84
土豆,20,4,0,0,0.979,0.0,2.4,22.9,0,32.05,22.68,25.95,0.0
芒果,20,4,0,0,0.173,265.63,9.0,23.7,0,0.69,0.53,1.01,0.53
苹果,20,4,0,0,0.893,219.23,7.2,24.4,0,5.76,13.02,12.83,5.67
草莓,20,4,0,0,0.1,292.85,24.0,24.5,0,0.18,0.18,0.18,0.18
葡萄,20,4,0,0,0.421,264.63,12.0,26.8,0,2.48,1.81,2.01,0.38
西瓜,20,4,0,0,0.887,0.0,3.6,24.4,0,20.14,0.0,0.0,0.0
西红柿,20,4,0,0,0.76,198.06,5.4,26.1,0,4.44,20.93,16.21,3.37
香蕉,20,4,0,0,0.581,233.64,4.8,24.2,0,5.97,6.89,3.38,1.89
黄瓜,20,4,0,0,0.827,157.19,4.2,22.6,0,16.69,19.76,25.31,5.27
土豆,21,4,0,0,0.978,0.0,2.4,21.8,0,11.71,0.0,16.24,0.0
芒果,21,4,0,0,0.149,265.1,9.0,19.7,0,0.53,0.53,0.53,0.0
苹果,21,4,0,0,0.887,213.56,7.2,21.6,0,13.44,1.62,1.45,0.0
草莓,21,4,0,0,0.1,292.67,24.0,23.4,1,0.18,0.18,0.18,0.0
葡萄,21,4,0,0,0.394,264.25,12.0,22.9,0,1.81,0.51,0.68,0.0
西瓜,21,4,0,0,0.881,0.0,3.6,22.2,0,0.0,0.0,0.0,0.0
西红柿,21,4,0,0,0.748,194.69,5.4,23.5,1,12.82,4.63,4.19,0.0
香蕉,21,4,0,0,0.563,231.75,4.8,21.5,0,5.85,1.83,1.1,0.0
黄瓜,21,4,0,0,0.821,151.92,4.2,16.8,0,20.84,7.83,6.98,0.0
土豆,22,4,0,0,0.977,0.0,2.4,16.2,0,0.0,0.0,0.23,0.0
芒果,22,4,0,0,0.123,265.1,9.0,20.4,1,0.53,0.04,0.0,0.0
苹果,22,4,0,0,0.882,213.56,7.2,22.4,0,5.67,0.0,0.0,0.0
草莓,22,4,0,0,0.1,292.67,24.0,19.5,0,0.18,0.0,0.0,0.0
葡萄,22,4,0,0,0.358,264.25,12.0,26.3,0,0.38,0.0,0.0,0.0
西瓜,22,4,0,0,0.876,0.0,3.6,19.4,1,0.0,0.0,0.0,0.0
西红柿,22,4,0,0,0.733,194.69,5.4,26.1,0,3.37,0.0,0.0,0.0
香蕉,22,4,0,0,0.542,231.75,4.8,23.5,0,1.89,0.0,0.0,0.0
黄瓜,22,4,0,0,0.813,151.92,4.2,20.0,0,5.27,0.0,0.0,0.0
土豆,23,4,0,0,0.977,0.0,2.4,17.5,0,0.0,0.0,0.0,0.0
芒果,23,4,0,0,0.102,265.1,9.0,18.8,0,0.0,0.0,0.0,0.0
苹果,23,4,0,0,0.877,213.56,7.2,19.5,0,0.0,0.0,0.0,0.0
草莓,23,4,0,0,0.1,292.67,24.0,21.4,0,0.0,0.0,0.0,0.0
葡萄,23,4,0,0,0.337,264.25,12.0,20.2,1,0.0,0.0,0.0,0.0
西瓜,23,4,0,0,0.872,0.0,3.6,19.9,0,0.0,0.0,0.0,0.0
西红柿,23,4,0,0,0.722,194.69,5.4,21.2,1,0.0,0.0,0.0,0.0
香蕉,23,4,0,0,0.525,231.75,4.8,20.7,0,0.0,0.07,0.0,0.0
黄瓜,23,4,0,0,0.804,151.92,4.2,22.2,0,0.0,0.0,0.0,0.0
土豆,0,5,1,0,0.976,0.0,4.0,14.9,0,0.0,0.0,0.0,0.0
芒果,0,5,1,0,0.1,265.1,9.0,18.1,0,0.0,0.0,0.0,0.0
苹果,0,5,1,0,0.872,213.56,13.8,18.2,0,0.0,0.0,0.0,0.0
草莓,0,5,1,0,0.1,292.67,24.0,20.6,1,0.0,0.0,0.0,0.0
葡萄,0,5,1,0,0.321,264.25,12.0,18.4,0,0.0,0.0,0.0,0.0
西瓜,0,5,1,0,0.869,0.0,6.0,14.6,0,0.0,0.0,0.0,0.0
西红柿,0,5,1,0,0.713,194.69,9.0,18.5,0,0.0,0.0,0.04,0.0
香蕉,0,5,1,0,0.517,231.75,4.8,16.6,0,0.0,0.0,0.0,0.0
黄瓜,0,5,1,0,0.797,151.92,7.0,18.5,0,0.0,0.0,0.0,0.0
土豆,1,5,1,0,0.975,0.0,3.4,16.3,0,0.0,0.0,0.0,0.0
芒果,1,5,1,0,0.1,265.1,9.0,19.2,1,0.0,0.0,0.0,0.0
苹果,1,5,1,0,0.867,213.56,12.0,20.3,0,0.0,0.0,0.0,0.0
草莓,1,5,1,0,0.1,292.67,24.0,17.6,1,0.0,0.0,0.0,0.0
葡萄,1,5,1,0,0.305,264.25,12.0,18.7,0,0.0,0.0,0.0,0.02
西瓜,1,5,1,0,0.865,0.0,5.1,16.3,0,0.0,0.0,0.0,0.0
西红柿,1,5,1,0,0.706,194.69,9.0,16.7,0,0.0,0.0,0.0,0.0
香蕉,1,5,1,0,0.513,231.75,4.8,13.8,0,0.0,0.0,0.0,0.0
黄瓜,1,5,1,0,0.79,151.92,5.95,18.3,0,0.0,0.14,0.0,0.0
土豆,2,5,1,0,0.974,0.0,3.4,19.8,1,0.0,0.0,0.0,0.0
芒果,2,5,1,0,0.1,265.1,9.0,17.1,0,0.0,0.0,0.0,0.0
苹果,2,5,1,0,0.863,213.56,8.4,16.3,0,0.0,0.0,0.0,0.0
草莓,2,5,1,0,0.1,292.67,24.0,17.8,0,0.0,0.0,0.0,0.0
葡萄,2,5,1,0,0.294,264.23,12.0,16.1,0,0.0,0.0,0.0,0.01
西瓜,2,5,1,0,0.86,0.0,7.8,18.7,0,0.0,0.0,0.0,0.0
西红柿,2,5,1,0,0.695,194.69,9.0,21.4,1,0.0,0.01,0.0,0.0
香蕉,2,5,1,0,0.502,231.75,4.8,18.1,0,0.0,0.0,0.0,0.0
黄瓜,2,5,1,0,0.783,151.92,8.05,16.9,0,0.0,0.0,0.0,0.07
土豆,3,5,1,0,0.973,0.0,5.2,16.0,0,0.0,0.0,0.0,0.0
芒果,3,5,1,0,0.1,265.1,9.0,16.7,0,0.0,0.0,0.0,0.0
苹果,3,5,1,0,0.86,213.56,10.2,16.4,0,0.0,0.0,0.0,0.19
草莓,3,5,1,0,0.1,292.67,24.0,13.8,0,0.0,0.0,0.0,0.0
葡萄,3,5,1,0,0.282,264.22,12.0,16.8,0,0.02,0.0,0.06,0.0
西瓜,3,5,1,0,0.857,0.0,7.8,16.0,1,0.0,0.0,0.0,0.0
西红柿,3,5,1,0,0.684,194.69,10.35,21.2,0,0.0,0.0,0.0,0.0
香蕉,3,5,1,0,0.495,231.75,4.8,15.6,0,0.0,0.0,0.0,0.0
黄瓜,3,5,1,0,0.774,151.85,8.05,23.3,1,0.0,0.0,0.0,0.0
土豆,4,5,1,0,0.972,0.0,3.4,17.5,0,0.0,0.0,0.0,0.0
芒果,4,5,1,0,0.1,265.1,9.0,18.8,0,0.0,0.0,0.0,0.0
苹果,4,5,1,0,0.856,213.37,10.2,13.7,0,0.0,0.0,0.0,0.0
草莓,4,5,1,0,0.1,292.67,24.0,19.1,0,0.0,0.0,0.0,0.0
葡萄,4,5,1,0,0.278,264.22,12.0,11.3,0,0.01,0.0,0.0,0.0
西瓜,4,5,1,0,0.853,0.0,6.0,17.9,0,0.0,0.0,0.0,0.0
西红柿,4,5,1,0,0.676,194.69,10.35,17.1,1,0.0,0.0,0.03,0.0
香蕉,4,5,1,0,0.488,231.75,4.8,15.6,0,0.0,0.0,0.12,0.0
黄瓜,4,5,1,0,0.766,151.85,7.0,19.7,0,0.07,0.0,0.0,0.0
土豆,5,5,1,0,0.971,0.0,4.0,22.1,0,0.0,0.0,0.0,5.99
芒果,5,5,1,0,0.1,265.1,9.0,16.6,0,0.0,0.0,0.0,1.49
苹果,5,5,1,0,0.852,213.37,12.0,18.0,0,0.19,0.0,0.37,3.68
草莓,5,5,1,0,0.1,292.67,24.0,16.8,1,0.0,0.0,0.0,0.78
葡萄,5,5,1,0,0.261,264.22,12.0,19.1,0,0.0,0.0,0.0,2.16
西瓜,5,5,1,0,0.848,0.0,6.0,19.8,0,0.0,0.0,0.0,8.88
西红柿,5,5,1,0,0.665,194.69,6.3,21.5,0,0.0,0.0,0.0,6.35
香蕉,5,5,1,0,0.477,231.75,4.8,18.3,0,0.0,0.0,0.0,5.57
黄瓜,5,5,1,0,0.758,151.85,7.0,18.5,0,0.0,0.0,0.0,5.79
土豆,6,5,1,0,1.0,294.01,4.0,18.1,1,0.0,10.89,13.75,36.5
芒果,6,5,1,0,1.0,298.51,19.5,21.3,0,0.0,3.62,2.8,3.25
苹果,6,5,1,0,1.0,296.32,12.0,20.4,0,0.0,5.46,4.97,3.76
草莓,6,5,1,0,1.0,299.22,46.0,19.9,0,0.0,0.18,0.21,1.04
葡萄,6,5,1,0,1.0,297.84,20.0,17.9,0,0.0,1.82,3.32,4.19
西瓜,6,5,1,0,1.0,291.12,6.0,19.1,0,0.0,3.49,1.8,13.87
西红柿,6,5,1,0,1.0,293.65,9.0,19.7,0,0.0,6.91,5.6,13.04
香蕉,6,5,1,0,1.0,294.43,6.8,17.8,0,0.0,5.59,1.31,3.2
黄瓜,6,5,1,0,1.0,294.21,8.05,20.4,0,0.0,6.07,8.34,37.77
土豆,7,5,1,0,0.999,257.51,3.4,21.5,0,5.99,21.96,43.45,37.62
芒果,7,5,1,0,0.959,295.26,19.5,24.2,0,1.49,8.53,2.96,5.86
苹果,7,5,1,0,0.995,292.56,15.6,19.9,0,3.68,7.42,13.44,15.77
草莓,7,5,1,0,0.956,298.18,34.0,22.3,1,0.78,0.66,3.24,0.9
葡萄,7,5,1,0,0.972,293.65,23.0,23.1,0,2.16,2.19,1.16,2.72
西瓜,7,5,1,0,0.994,277.25,7.8,21.9,0,8.88,4.88,41.05,34.07
西红柿,7,5,1,0,0.987,280.61,10.35,24.3,0,6.35,7.94,14.72,21.88
香蕉,7,5,1,0,0.973,291.23,10.4,26.6,0,5.57,7.18,8.43,1.05
黄瓜,7,5,1,0,0.99,256.44,4.9,24.7,0,5.79,9.69,13.99,4.85
土豆,8,5,1,0,0.998,219.89,4.0,27.8,0,36.5,20.57,50.02,25.71
芒果,8,5,1,0,0.921,289.4,15.0,23.6,0,3.25,7.1,12.82,1.82
苹果,8,5,1,0,0.989,276.79,10.2,24.3,0,3.76,3.45,12.79,8.0
草莓,8,5,1,0,0.9,297.28,52.0,24.4,0,1.04,0.95,1.84,0.88
葡萄,8,5,1,0,0.942,290.93,14.0,24.1,1,4.19,4.13,8.25,3.14
西瓜,8,5,1,0,0.987,243.18,5.1,26.0,0,13.87,13.59,24.64,30.34
西红柿,8,5,1,0,0.972,258.73,6.3,26.3,0,13.04,15.35,11.15,14.64
香蕉,8,5,1,0,0.954,290.18,10.4,22.0,1,3.2,9.84,7.74,5.51
黄瓜,8,5,1,0,0.977,251.59,8.05,27.9,1,37.77,4.97,18.99,22.97
土豆,9,5,1,0,0.996,194.18,4.0,24.4,0,37.62,28.27,24.83,11.05
芒果,9,5,1,0,0.884,287.58,19.5,23.1,0,5.86,2.69,1.77,4.21
苹果,9,5,1,0,0.982,268.79,12.0,27.0,0,15.77,5.68,1.48,0.95
草莓,9,5,1,0,0.828,296.4,46.0,27.0,0,0.9,1.0,2.02,0.65
葡萄,9,5,1,0,0.906,287.79,20.0,26.6,0,2.72,3.24,3.95,2.06
西瓜,9,5,1,0,0.979,212.84,6.0,27.6,0,34.07,11.42,24.93,26.37
西红柿,9,5,1,0,0.958,244.09,6.3,25.3,0,21.88,5.23,8.95,5.18
香蕉,9,5,1,0,0.927,284.67,9.2,26.2,0,1.05,2.3,8.99,4.12
黄瓜,9,5,1,0,0.966,228.62,4.9,26.6,0,4.85,11.91,18.22,7.71
土豆,10,5,1,0,0.995,183.13,4.0,26.7,0,25.71,6.34,5.02,14.59
芒果,10,5,1,0,0.836,283.37,10.5,26.1,0,1.82,1.37,2.64,4.24
苹果,10,5,1,0,0.974,267.84,12.0,29.0,1,8.0,4.46,4.59,4.42
草莓,10,5,1,0,0.746,295.75,40.0,28.7,0,0.88,0.57,1.01,0.19
葡萄,10,5,1,0,0.854,285.73,17.0,32.6,0,3.14,1.24,1.3,2.06
西瓜,10,5,1,0,0.97,186.47,5.1,30.8,0,30.34,11.75,26.07,41.84
西红柿,10,5,1,0,0.939,238.91,9.0,32.0,0,14.64,2.23,9.19,5.53
香蕉,10,5,1,0,0.899,280.55,8.0,26.9,0,5.51,0.94,1.79,9.82
黄瓜,10,5,1,0,0.954,220.91,7.0,27.5,0,22.97,1.35,12.55,5.79
土豆,11,5,1,0,0.994,168.54,4.0,27.8,1,11.05,14.06,32.35,34.25
芒果,11,5,1,0,0.769,279.13,12.75,31.3,0,4.21,0.99,4.8,1.35
苹果,11,5,1,0,0.966,263.42,12.0,28.4,0,0.95,6.47,0.83,3.14
草莓,11,5,1,0,0.645,295.56,40.0,31.8,1,0.65,1.09,0.41,1.4
葡萄,11,5,1,0,0.807,283.67,20.0,30.9,0,2.06,3.64,3.31,4.29
西瓜,11,5,1,0,0.961,144.63,6.0,31.5,0,26.37,42.08,79.67,56.59
西红柿,11,5,1,0,0.918,233.38,11.7,34.5,0,5.18,7.04,5.24,8.19
香蕉,11,5,1,0,0.863,270.73,6.8,31.6,0,4.12,5.63,5.06,2.15
黄瓜,11,5,1,0,0.94,215.12,9.1,31.2,0,7.71,9.25,11.85,5.56
土豆,12,5,1,0,0.992,134.29,3.4,33.4,0,14.59,5.93,25.25,28.22
芒果,12,5,1,0,0.692,277.78,19.5,33.9,0,4.24,0.9,2.91,2.12
苹果,12,5,1,0,0.958,260.28,15.6,30.3,0,4.42,1.96,5.43,1.14
草莓,12,5,1,0,0.551,294.16,24.0,30.7,0,0.19,0.85,0.79,0.73
葡萄,12,5,1,0,0.754,279.38,14.0,32.9,0,2.06,1.81,1.85,1.3
西瓜,12,5,1,0,0.951,88.04,6.0,33.1,0,41.84,54.32,34.21,13.52
西红柿,12,5,1,0,0.901,225.19,9.0,30.0,0,5.53,8.58,11.27,8.08
香蕉,12,5,1,0,0.826,268.58,10.4,31.7,0,9.82,4.57,1.57,4.19
黄瓜,12,5,1,0,0.926,209.56,9.1,31.8,0,5.79,13.42,9.39,5.27
土豆,13,5,1,0,0.99,106.07,3.4,33.0,0,34.25,13.94,4.24,5.31
芒果,13,5,1,0,0.604,275.66,15.0,36.6,0,1.35,1.09,2.42,0.53
苹果,13,5,1,0,0.95,259.14,13.8,31.1,1,3.14,2.2,1.48,7.77
草莓,13,5,1,0,0.462,293.43,24.0,29.8,0,1.4,0.52,0.77,0.18
葡萄,13,5,1,0,0.712,278.08,20.0,28.8,0,4.29,1.8,1.93,1.15
西瓜,13,5,1,0,0.942,74.52,7.8,31.2,0,56.59,8.65,14.36,11.15
西红柿,13,5,1,0,0.881,217.11,9.0,32.9,0,8.19,4.72,8.34,4.87
香蕉,13,5,1,0,0.786,264.39,8.0,32.9,0,2.15,2.87,5.6,2.91
黄瓜,13,5,1,0,0.911,204.29,7.0,33.3,1,5.56,12.23,4.6,4.43
土豆,14,5,1,0,0.989,100.76,4.0,35.3,1,28.22,12.03,9.26,5.0
芒果,14,5,1,0,0.533,275.13,9.0,32.5,1,2.12,1.27,1.19,1.55
苹果,14,5,1,0,0.941,251.37,8.4,32.5,0,1.14,0.84,6.03,3.35
草莓,14,5,1,0,0.347,293.25,24.0,34.2,0,0.73,0.25,0.56,0.18
葡萄,14,5,1,0,0.658,276.93,20.0,33.9,0,1.3,0.38,0.38,0.85
西瓜,14,5,1,0,0.932,63.37,7.8,32.3,0,13.52,9.61,37.42,2.69
西红柿,14,5,1,0,0.864,212.24,9.0,30.0,0,8.08,2.06,2.32,1.99
香蕉,14,5,1,0,0.75,261.48,8.0,31.3,0,4.19,0.9,3.22,0.9
黄瓜,14,5,1,0,0.899,199.86,7.0,28.9,0,5.27,6.26,5.8,3.59
土豆,15,5,1,0,0.987,95.76,5.2,34.5,0,5.31,6.79,18.44,41.94
芒果,15,5,1,0,0.462,273.58,9.0,32.3,0,0.53,1.02,1.99,3.58
苹果,15,5,1,0,0.931,248.02,13.8,35.9,0,7.77,1.32,1.41,3.42
草莓,15,5,1,0,0.257,293.07,24.0,30.0,1,0.18,0.18,0.39,0.18
葡萄,15,5,1,0,0.609,276.08,20.0,31.5,0,1.15,0.98,0.49,3.64
西瓜,15,5,1,0,0.922,60.68,7.8,34.1,1,11.15,2.41,15.85,60.68
西红柿,15,5,1,0,0.845,210.25,11.7,30.9,0,4.87,1.42,4.69,4.81
香蕉,15,5,1,0,0.712,260.58,9.2,32.4,1,2.91,2.23,1.03,8.06
黄瓜,15,5,1,0,0.885,196.27,8.05,30.9,0,4.43,2.7,4.14,7.03
土豆,16,5,1,0,0.985,53.82,4.0,34.5,0,5.0,28.48,51.03,53.82
芒果,16,5,1,0,0.399,270.0,9.0,30.0,0,1.55,1.57,6.08,3.05
苹果,16,5,1,0,0.923,244.6,12.0,30.6,1,3.35,4.45,6.93,1.78
草莓,16,5,1,0,0.154,292.89,24.0,32.1,0,0.18,0.18,0.49,0.2
葡萄,16,5,1,0,0.558,272.44,12.0,32.2,0,0.85,2.55,5.07,1.5
西瓜,16,5,1,0,0.911,0.0,5.1,34.3,0,2.69,15.99,0.0,0.0
西红柿,16,5,1,0,0.826,205.44,11.7,31.9,0,1.99,3.25,16.13,18.12
香蕉,16,5,1,0,0.671,252.52,8.0,34.0,0,0.9,4.03,14.88,1.17
黄瓜,16,5,1,0,0.869,189.24,9.1,34.5,0,3.59,10.89,19.88,9.14
土豆,17,5,1,0,0.984,0.0,2.8,27.5,0,41.94,62.12,22.36,0.0
芒果,17,5,1,0,0.325,266.95,9.0,33.0,0,3.58,1.83,5.36,0.53
苹果,17,5,1,0,0.915,242.82,15.6,32.0,1,3.42,6.06,13.93,26.79
草莓,17,5,1,0,0.1,292.69,24.0,28.8,0,0.18,0.18,0.25,0.18
葡萄,17,5,1,0,0.502,270.94,12.0,34.7,1,3.64,3.95,4.69,3.18
西瓜,17,5,1,0,0.904,0.0,5.1,26.0,0,60.68,44.15,0.0,0.0
西红柿,17,5,1,0,0.807,187.32,9.0,32.0,0,4.81,6.24,17.04,18.97
香蕉,17,5,1,0,0.645,251.35,10.4,25.6,1,8.06,2.8,2.87,8.77
黄瓜,17,5,1,0,0.855,180.1,9.1,31.7,0,7.03,11.47,19.15,26.43
土豆,18,5,1,0,0.982,0.0,5.2,27.8,0,53.82,24.86,0.0,0.0
芒果,18,5,1,0,0.272,266.42,9.0,27.5,1,3.05,1.17,1.03,1.19
苹果,18,5,1,0,0.907,216.03,8.4,27.8,0,1.78,11.8,13.97,17.14
草莓,18,5,1,0,0.1,292.51,24.0,28.0,1,0.2,0.18,0.18,0.18
葡萄,18,5,1,0,0.456,267.76,12.0,30.2,0,1.5,3.35,6.01,3.11
西瓜,18,5,1,0,0.896,0.0,6.9,27.8,1,0.0,57.52,0.0,0.0
西红柿,18,5,1,0,0.791,168.35,9.0,29.1,0,18.12,13.71,5.77,18.67
香蕉,18,5,1,0,0.613,242.58,8.0,29.1,0,1.17,5.66,3.63,3.09
黄瓜,18,5,1,0,0.841,153.67,5.95,31.9,0,9.14,5.07,18.25,20.03
土豆,19,5,1,0,0.981,0.0,5.2,24.7,0,0.0,32.05,0.0,0.0
芒果,19,5,1,0,0.228,265.23,9.0,25.0,0,0.53,0.69,2.86,0.54
苹果,19,5,1,0,0.9,198.89,12.0,27.3,0,26.79,5.76,17.23,6.14
草莓,19,5,1,0,0.1,292.33,24.0,25.1,0,0.18,0.18,0.18,0.18
葡萄,19,5,1,0,0.422,264.65,12.0,25.6,0,3.18,2.48,5.41,2.34
西瓜,19,5,1,0,0.89,0.0,6.9,24.7,0,0.0,20.14,0.0,0.0
西红柿,19,5,1,0,0.778,149.68,9.0,23.9,0,18.97,4.44,21.04,22.31
香蕉,19,5,1,0,0.587,239.49,4.8,26.1,1,8.77,5.97,19.97,2.37
黄瓜,19,5,1,0,0.829,133.64,7.0,27.4,0,26.43,16.69,32.88,34.31
土豆,20,5,1,0,0.98,0.0,2.4,25.7,0,0.0,11.71,0.0,0.0
芒果,20,5,1,0,0.18,264.69,9.0,26.2,0,1.19,0.53,1.94,0.53
苹果,20,5,1,0,0.894,192.75,7.2,24.7,1,17.14,13.44,20.43,5.2
草莓,20,5,1,0,0.1,292.15,24.0,24.6,0,0.18,0.18,0.18,0.18
葡萄,20,5,1,0,0.387,262.31,12.0,26.2,0,3.11,1.81,0.49,0.68
西瓜,20,5,1,0,0.882,0.0,3.6,25.8,1,0.0,0.0,0.0,0.0
西红柿,20,5,1,0,0.765,127.37,5.4,24.1,0,18.67,12.82,15.97,4.2
香蕉,20,5,1,0,0.56,237.12,4.8,26.0,1,3.09,5.85,11.56,3.34
黄瓜,20,5,1,0,0.82,99.33,4.2,22.3,0,20.03,20.84,26.37,9.22
土豆,21,5,1,0,0.979,0.0,2.4,23.2,0,0.0,0.0,0.0,0.0
芒果,21,5,1,0,0.15,264.16,9.0,21.5,0,0.54,0.53,0.53,0.0
苹果,21,5,1,0,0.887,187.55,7.2,24.2,0,6.14,5.67,8.97,0.0
草莓,21,5,1,0,0.1,291.97,24.0,22.1,0,0.18,0.18,0.18,0.0
葡萄,21,5,1,0,0.359,261.63,12.0,23.2,0,2.34,0.38,0.8,0.0
西瓜,21,5,1,0,0.876,0.0,3.6,24.6,0,0.0,0.0,0.0,0.0
西红柿,21,5,1,0,0.754,123.17,5.4,20.4,1,22.31,3.37,6.92,0.0
香蕉,21,5,1,0,0.536,233.78,4.8,25.0,0,2.37,1.89,3.33,0.0
黄瓜,21,5,1,0,0.81,90.11,4.2,24.2,0,34.31,5.27,13.66,0.0
土豆,22,5,1,0,0.978,0.0,2.4,18.3,0,0.0,0.0,0.0,0.0
芒果,22,5,1,0,0.122,264.16,9.0,20.6,1,0.53,0.0,0.0,0.0
苹果,22,5,1,0,0.882,187.55,7.2,21.3,0,5.2,0.0,0.0,0.0
草莓,22,5,1,0,0.1,291.97,24.0,17.9,0,0.18,0.0,0.0,0.0
葡萄,22,5,1,0,0.335,261.63,12.0,21.4,0,0.68,0.0,0.0,0.0
西瓜,22,5,1,0,0.871,0.0,3.6,20.0,0,0.0,0.0,0.0,0.0
西红柿,22,5,1,0,0.743,123.17,5.4,21.4,0,4.2,0.0,0.0,0.0
香蕉,22,5,1,0,0.519,233.78,4.8,20.9,0,3.34,0.0,0.04,0.0
黄瓜,22,5,1,0,0.802,90.11,4.2,18.9,0,9.22,0.0,0.0,0.0
土豆,23,5,1,0,0.977,0.0,2.4,20.2,0,0.0,0.0,0.0,0.0
芒果,23,5,1,0,0.102,264.16,9.0,18.8,1,0.0,0.0,0.0,0.0
苹果,23,5,1,0,0.877,187.55,7.2,20.0,0,0.0,0.0,0.0,0.0
草莓,23,5,1,0,0.1,291.97,24.0,15.3,0,0.0,0.0,0.0,0.0
葡萄,23,5,1,0,0.329,261.63,12.0,14.5,1,0.0,0.0,0.0,0.0
西瓜,23,5,1,0,0.867,0.0,3.6,17.6,0,0.0,0.0,0.0,0.0
西红柿,23,5,1,0,0.735,123.17,5.4,18.1,0,0.0,0.0,0.0,0.0
香蕉,23,5,1,0,0.509,233.78,4.8,17.3,0,0.0,0.0,0.0,0.0
黄瓜,23,5,1,0,0.793,90.11,4.2,22.3,1,0.0,0.0,0.0,0.0
土豆,0,6,1,0,0.976,0.0,2.8,17.8,0,0.0,0.0,0.0,0.0
芒果,0,6,1,0,0.1,264.16,9.0,19.4,0,0.0,0.0,0.0,0.0
苹果,0,6,1,0,0.874,187.55,8.4,15.1,0,0.0,0.0,0.0,0.0
草莓,0,6,1,0,0.1,291.97,24.0,18.2,0,0.0,0.0,0.0,0.0
葡萄,0,6,1,0,0.31,261.63,12.0,19.4,0,0.0,0.0,0.0,0.0
西瓜,0,6,1,0,0.863,0.0,6.0,16.6,0,0.0,0.0,0.0,0.0
西红柿,0,6,1,0,0.724,123.17,9.0,21.4,0,0.0,0.0,0.0,0.0
香蕉,0,6,1,0,0.496,233.78,4.8,19.4,0,0.0,0.0,0.0,0.0
黄瓜,0,6,1,0,0.786,90.11,5.95,17.7,0,0.0,0.0,0.0,0.0
土豆,1,6,1,0,0.975,0.0,4.0,18.8,0,0.0,0.0,0.0,0.0
芒果,1,6,1,0,0.1,264.16,9.0,16.7,1,0.0,0.0,0.0,0.0
苹果,1,6,1,0,0.869,187.55,10.2,19.2,1,0.0,0.0,0.0,0.0
草莓,1,6,1,0,0.1,291.97,24.0,14.4,0,0.0,0.0,0.0,0.0
葡萄,1,6,1,0,0.296,261.63,12.0,17.8,0,0.0,0.0,0.0,0.0
西瓜,1,6,1,0,0.858,0.0,6.0,18.6,0,0.0,0.0,0.0,0.0
西红柿,1,6,1,0,0.714,123.17,9.0,18.9,0,0.0,0.0,0.0,0.0
香蕉,1,6,1,0,0.488,233.78,4.8,16.1,0,0.0,0.0,0.0,0.0
黄瓜,1,6,1,0,0.78,90.11,5.95,16.8,0,0.0,0.0,0.0,0.0
土豆,2,6,1,0,0.974,0.0,3.4,17.1,0,0.0,0.0,0.0,0.0
芒果,2,6,1,0,0.1,264.16,9.0,17.2,0,0.0,0.0,0.0,0.0
苹果,2,6,1,0,0.865,187.55,12.0,17.6,0,0.0,0.0,0.0,0.0
草莓,2,6,1,0,0.1,291.97,24.0,20.0,0,0.0,0.0,0.0,0.0
葡萄,2,6,1,0,0.288,261.63,12.0,15.4,1,0.0,0.02,0.0,0.0
西瓜,2,6,1,0,0.854,0.0,6.0,19.0,0,0.0,0.0,0.0,0.0
西红柿,2,6,1,0,0.704,123.17,7.65,20.2,0,0.0,0.0,0.0,0.0
香蕉,2,6,1,0,0.48,233.78,4.8,16.2,1,0.0,0.0,0.0,0.0
黄瓜,2,6,1,0,0.775,90.11,7.0,15.3,1,0.0,0.0,0.0,0.0
土豆,3,6,1,0,0.973,0.0,4.0,14.6,0,0.0,0.0,0.0,0.0
芒果,3,6,1,0,0.1,264.16,9.0,15.6,0,0.0,0.0,0.0,0.0
苹果,3,6,1,0,0.86,187.55,15.6,17.7,0,0.0,0.0,0.0,0.0
草莓,3,6,1,0,0.1,291.97,24.0,16.0,0,0.0,0.0,0.0,0.0
葡萄,3,6,1,0,0.274,261.63,12.0,17.3,0,0.0,0.01,0.0,0.0
西瓜,3,6,1,0,0.85,0.0,4.2,15.3,0,0.0,0.0,0.0,0.0
西红柿,3,6,1,0,0.697,123.17,9.0,17.0,1,0.0,0.0,0.0,0.11
香蕉,3,6,1,0,0.467,233.78,4.8,19.1,0,0.0,0.0,0.0,0.0
黄瓜,3,6,1,0,0.768,90.11,7.0,17.1,0,0.0,0.07,0.0,0.0
土豆,4,6,1,0,0.972,0.0,4.0,19.1,0,0.0,0.0,0.0,0.0
芒果,4,6,1,0,0.1,264.16,9.0,18.7,0,0.0,0.0,0.0,0.0
苹果,4,6,1,0,0.857,187.55,12.0,13.4,0,0.0,0.19,0.09,0.0
草莓,4,6,1,0,0.1,291.97,24.0,18.3,1,0.0,0.0,0.0,0.0
葡萄,4,6,1,0,0.256,261.63,12.0,19.4,0,0.0,0.0,0.0,0.0
西瓜,4,6,1,0,0.847,0.0,6.0,15.4,1,0.0,0.0,0.0,0.0
西红柿,4,6,1,0,0.688,123.06,7.65,18.2,0,0.0,0.0,0.0,0.0
香蕉,4,6,1,0,0.454,233.78,4.8,18.8,0,0.0,0.0,0.0,0.0
黄瓜,4,6,1,0,0.76,90.11,8.05,19.8,0,0.0,0.0,0.0,0.05
土豆,5,6,1,0,0.971,0.0,5.2,17.7,0,0.0,0.0,0.0,12.5
芒果,5,6,1,0,0.1,264.16,9.0,18.1,0,0.0,0.0,0.0,4.91
苹果,5,6,1,0,0.853,187.55,8.4,17.6,1,0.0,0.0,0.0,3.47
草莓,5,6,1,0,0.1,291.97,24.0,17.7,0,0.0,0.0,0.0,2.27
葡萄,5,6,1,0,0.241,261.63,12.0,17.8,0,0.0,0.0,0.0,1.48
西瓜,5,6,1,0,0.843,0.0,4.2,18.0,0,0.0,0.0,0.0,2.62
西红柿,5,6,1,0,0.677,123.06,11.7,21.4,0,0.11,0.0,0.0,4.72
香蕉,5,6,1,0,0.436,233.78,4.8,21.4,0,0.0,0.0,0.0,10.32
黄瓜,5,6,1,0,0.753,90.06,9.1,19.0,0,0.0,0.0,0.0,2.77
土豆,6,6,1,0,1.0,287.5,4.0,23.2,0,0.0,5.99,8.96,64.78
芒果,6,6,1,0,1.0,295.09,12.75,19.7,0,0.0,1.49,4.73,5.69
苹果,6,6,1,0,1.0,296.53,13.8,19.3,0,0.0,3.68,3.65,8.12
草莓,6,6,1,0,1.0,297.73,28.0,20.9,0,0.0,0.78,1.0,0.69
葡萄,6,6,1,0,1.0,298.52,23.0,21.2,0,0.0,2.16,0.63,6.63
西瓜,6,6,1,0,1.0,297.38,6.0,22.5,1,0.0,8.88,4.15,55.14
西红柿,6,6,1,0,1.0,295.28,9.0,17.6,0,0.0,6.35,6.61,10.95
香蕉,6,6,1,0,1.0,289.68,5.6,21.2,0,0.0,5.57,2.42,22.89
黄瓜,6,6,1,0,1.0,297.23,9.1,24.3,0,0.05,5.79,11.93,7.92
土豆,7,6,1,0,0.999,222.72,2.8,23.6,0,12.5,36.5,41.91,51.91
芒果,7,6,1,0,0.962,289.4,17.25,23.5,0,4.91,3.25,5.17,6.51
苹果,7,6,1,0,0.994,288.41,13.8,23.6,0,3.47,3.76,15.47,5.08
草莓,7,6,1,0,0.948,297.04,34.0,23.6,1,2.27,1.04,3.41,0.67
葡萄,7,6,1,0,0.966,291.89,20.0,25.6,0,1.48,4.19,4.71,2.12
西瓜,7,6,1,0,0.995,242.24,4.2,20.9,0,2.62,13.87,24.22,23.09
西红柿,7,6,1,0,0.99,284.33,10.35,20.5,0,4.72,13.04,21.29,21.33
香蕉,7,6,1,0,0.98,266.79,5.6,22.9,0,10.32,3.2,12.95,4.22
黄瓜,7,6,1,0,0.992,289.31,9.1,20.9,0,2.77,37.77,17.31,8.3
土豆,8,6,1,0,0.997,170.81,2.8,27.1,0,64.78,37.62,11.08,20.51
芒果,8,6,1,0,0.922,282.89,12.75,23.9,0,5.69,5.86,11.38,5.19
苹果,8,6,1,0,0.988,283.33,13.8,24.2,0,8.12,15.77,12.91,4.4
草莓,8,6,1,0,0.881,296.37,40.0,26.3,1,0.69,0.9,2.02,0.82
葡萄,8,6,1,0,0.935,289.77,26.0,24.3,0,6.63,2.72,7.57,2.51
西瓜,8,6,1,0,0.988,219.15,6.0,23.7,0,55.14,34.07,25.0,14.18
西红柿,8,6,1,0,0.975,263.0,7.65,26.4,0,10.95,21.88,14.79,7.94
